question,search_query,rank,similarity,title,brief_text,entity_name,entity_ticker,entity_type,direction,aspect,reason,published_at,publisher,publisher_type,url
AI's power crunch,AI data center power crunch,1,0.767,"AI accelerates electricity demand, prompting a new wave of grid adaptation and investment","The rapid expansion of AI-driven data centers is increasing electricity demand and making it significantly harder to predict, according to a new report from the Capgemini Research Institute. Nearly 80% of utilities expect more extreme and volatile demand patterns, while over three-quarters struggle to forecast future needs accurately. Around one in five data center power requests may never materialize, distorting forecasts and creating a capital allocation dilemma. At the same time, 60% of utilities expect AI to play a growing role in improving grid efficiency, but only 16% have implemented advanced AI-driven approaches. The report also finds that 68% of electricity executives anticipate shortages due to data-center demand outpacing supply, and more than half identify load concentration as a major obstacle to reliable service.",Capgemini SE,CAP.PA,stock,pos,demand,"Report highlights AI-driven electricity demand growth, boosting demand for Capgemini's grid consulting and AI services.",2026-06-25T15:45:00+00:00,Capgemini,press_release,https://finance.yahoo.com/energy/articles/ai-accelerates-electricity-demand-prompting-154500089.html
AI's power crunch,AI data center power crunch,2,0.763,"AI Data Centers Spark U.S. Power Demand Surge, Forcing New Grid Strategies","Artificial intelligence has overturned the long-stable trajectory of U.S. electricity demand, with hyperscale data centers driving a surge that is colliding with an electric system built for slow expansion. Generator interconnection queues now stretch up to seven years in Virginia's Data Center Alley, while transmission projects face lengthy permitting and construction timelines. Two frameworks have emerged to navigate the tensions: co-location, where data centers site adjacent to generation and finance it through bilateral contracts, and supplemental backstop procurement, where operators acquire capacity outside standard market mechanisms. Both carry risks of overbuilding, cost shifting, and reliability challenges, but offer advantages such as faster power access and system-wide planning benefits. The average installed cost of gas turbines continues to soar, with all-in levelized generation costs doubling, and turbine costs accounting for about 28% of the increase.",,,,,,,2026-07-01T08:32:34+00:00,Yahoo Finance,aggregator,https://finance.yahoo.com/energy/articles/ai-data-centers-politics-power-083234091.html
AI's power crunch,AI data center power crunch,3,0.745,AI data center expansion drives utilities to sign multi-gigawatt power deals,"Utilities are securing multi-year electricity supply agreements with data center operators as AI infrastructure buildout accelerates power demand. Alliant Energy disclosed five fully executed data center agreements totaling approximately 3.4 gigawatts, including a new 370-megawatt electric service agreement with a ramp targeted by the end of 2030. PowerBank Corporation signed a modular data center joint development agreement with Nodiac.ai, pairing solar and battery storage systems with a co-location model to bypass grid interconnection timelines. Both regulated utilities and independent power producers, spanning fuel cells, nuclear, natural gas, and renewables, are positioning to serve this load growth, with thematic ETFs such as the Defiance AI & Power Infrastructure ETF and the Global X Data Center & Digital Infrastructure ETF offering exposure.",Alliant Energy Corp,LNT.US,stock,pos,demand,"Alliant Energy disclosed five fully executed data center agreements totaling ~3.4 GW, directly boosting electricity demand.",2026-06-29T18:24:20+00:00,Seeking Alpha,media,https://seekingalpha.com/news/4608107-ai-power-demand-utilities-cashing-in-on-data-center-expansion?utm_source=feed_news_all&utm_medium=referral&feed_item_type=news
AI's power crunch,AI data center power crunch,3,0.745,AI data center expansion drives utilities to sign multi-gigawatt power deals,"Utilities are securing multi-year electricity supply agreements with data center operators as AI infrastructure buildout accelerates power demand. Alliant Energy disclosed five fully executed data center agreements totaling approximately 3.4 gigawatts, including a new 370-megawatt electric service agreement with a ramp targeted by the end of 2030. PowerBank Corporation signed a modular data center joint development agreement with Nodiac.ai, pairing solar and battery storage systems with a co-location model to bypass grid interconnection timelines. Both regulated utilities and independent power producers, spanning fuel cells, nuclear, natural gas, and renewables, are positioning to serve this load growth, with thematic ETFs such as the Defiance AI & Power Infrastructure ETF and the Global X Data Center & Digital Infrastructure ETF offering exposure.","Nodiac, Inc.",,private,pos,demand,"Nodiac.ai entered a joint development agreement with PowerBank Corporation for modular data centers, driving demand for its data center services.",2026-06-29T18:24:20+00:00,Seeking Alpha,media,https://seekingalpha.com/news/4608107-ai-power-demand-utilities-cashing-in-on-data-center-expansion?utm_source=feed_news_all&utm_medium=referral&feed_item_type=news
AI's power crunch,AI data center power crunch,3,0.745,AI data center expansion drives utilities to sign multi-gigawatt power deals,"Utilities are securing multi-year electricity supply agreements with data center operators as AI infrastructure buildout accelerates power demand. Alliant Energy disclosed five fully executed data center agreements totaling approximately 3.4 gigawatts, including a new 370-megawatt electric service agreement with a ramp targeted by the end of 2030. PowerBank Corporation signed a modular data center joint development agreement with Nodiac.ai, pairing solar and battery storage systems with a co-location model to bypass grid interconnection timelines. Both regulated utilities and independent power producers, spanning fuel cells, nuclear, natural gas, and renewables, are positioning to serve this load growth, with thematic ETFs such as the Defiance AI & Power Infrastructure ETF and the Global X Data Center & Digital Infrastructure ETF offering exposure.",PowerBank Corporation,SUUN.US,stock,pos,demand,"PowerBank Corporation signed a modular data center joint development agreement with Nodiac.ai, pairing solar and battery storage, increasing demand for its power solutions.",2026-06-29T18:24:20+00:00,Seeking Alpha,media,https://seekingalpha.com/news/4608107-ai-power-demand-utilities-cashing-in-on-data-center-expansion?utm_source=feed_news_all&utm_medium=referral&feed_item_type=news
AI's power crunch,AI data center power crunch,3,0.745,AI data center expansion drives utilities to sign multi-gigawatt power deals,"Utilities are securing multi-year electricity supply agreements with data center operators as AI infrastructure buildout accelerates power demand. Alliant Energy disclosed five fully executed data center agreements totaling approximately 3.4 gigawatts, including a new 370-megawatt electric service agreement with a ramp targeted by the end of 2030. PowerBank Corporation signed a modular data center joint development agreement with Nodiac.ai, pairing solar and battery storage systems with a co-location model to bypass grid interconnection timelines. Both regulated utilities and independent power producers, spanning fuel cells, nuclear, natural gas, and renewables, are positioning to serve this load growth, with thematic ETFs such as the Defiance AI & Power Infrastructure ETF and the Global X Data Center & Digital Infrastructure ETF offering exposure.",American Electric Power Co Inc,AEP.US,stock,,,,2026-06-29T18:24:20+00:00,Seeking Alpha,media,https://seekingalpha.com/news/4608107-ai-power-demand-utilities-cashing-in-on-data-center-expansion?utm_source=feed_news_all&utm_medium=referral&feed_item_type=news
AI's power crunch,AI data center power crunch,3,0.745,AI data center expansion drives utilities to sign multi-gigawatt power deals,"Utilities are securing multi-year electricity supply agreements with data center operators as AI infrastructure buildout accelerates power demand. Alliant Energy disclosed five fully executed data center agreements totaling approximately 3.4 gigawatts, including a new 370-megawatt electric service agreement with a ramp targeted by the end of 2030. PowerBank Corporation signed a modular data center joint development agreement with Nodiac.ai, pairing solar and battery storage systems with a co-location model to bypass grid interconnection timelines. Both regulated utilities and independent power producers, spanning fuel cells, nuclear, natural gas, and renewables, are positioning to serve this load growth, with thematic ETFs such as the Defiance AI & Power Infrastructure ETF and the Global X Data Center & Digital Infrastructure ETF offering exposure.",AXIA Energia,AXIA.US,stock,,,,2026-06-29T18:24:20+00:00,Seeking Alpha,media,https://seekingalpha.com/news/4608107-ai-power-demand-utilities-cashing-in-on-data-center-expansion?utm_source=feed_news_all&utm_medium=referral&feed_item_type=news
AI's power crunch,AI data center power crunch,3,0.745,AI data center expansion drives utilities to sign multi-gigawatt power deals,"Utilities are securing multi-year electricity supply agreements with data center operators as AI infrastructure buildout accelerates power demand. Alliant Energy disclosed five fully executed data center agreements totaling approximately 3.4 gigawatts, including a new 370-megawatt electric service agreement with a ramp targeted by the end of 2030. PowerBank Corporation signed a modular data center joint development agreement with Nodiac.ai, pairing solar and battery storage systems with a co-location model to bypass grid interconnection timelines. Both regulated utilities and independent power producers, spanning fuel cells, nuclear, natural gas, and renewables, are positioning to serve this load growth, with thematic ETFs such as the Defiance AI & Power Infrastructure ETF and the Global X Data Center & Digital Infrastructure ETF offering exposure.",Bloom Energy Corp,BE.US,stock,,,,2026-06-29T18:24:20+00:00,Seeking Alpha,media,https://seekingalpha.com/news/4608107-ai-power-demand-utilities-cashing-in-on-data-center-expansion?utm_source=feed_news_all&utm_medium=referral&feed_item_type=news
AI's power crunch,AI data center power crunch,3,0.745,AI data center expansion drives utilities to sign multi-gigawatt power deals,"Utilities are securing multi-year electricity supply agreements with data center operators as AI infrastructure buildout accelerates power demand. Alliant Energy disclosed five fully executed data center agreements totaling approximately 3.4 gigawatts, including a new 370-megawatt electric service agreement with a ramp targeted by the end of 2030. PowerBank Corporation signed a modular data center joint development agreement with Nodiac.ai, pairing solar and battery storage systems with a co-location model to bypass grid interconnection timelines. Both regulated utilities and independent power producers, spanning fuel cells, nuclear, natural gas, and renewables, are positioning to serve this load growth, with thematic ETFs such as the Defiance AI & Power Infrastructure ETF and the Global X Data Center & Digital Infrastructure ETF offering exposure.",Companhia Paranaense de Energia - COPEL,ELPC.US,stock,,,,2026-06-29T18:24:20+00:00,Seeking Alpha,media,https://seekingalpha.com/news/4608107-ai-power-demand-utilities-cashing-in-on-data-center-expansion?utm_source=feed_news_all&utm_medium=referral&feed_item_type=news
AI's power crunch,AI data center power crunch,3,0.745,AI data center expansion drives utilities to sign multi-gigawatt power deals,"Utilities are securing multi-year electricity supply agreements with data center operators as AI infrastructure buildout accelerates power demand. Alliant Energy disclosed five fully executed data center agreements totaling approximately 3.4 gigawatts, including a new 370-megawatt electric service agreement with a ramp targeted by the end of 2030. PowerBank Corporation signed a modular data center joint development agreement with Nodiac.ai, pairing solar and battery storage systems with a co-location model to bypass grid interconnection timelines. Both regulated utilities and independent power producers, spanning fuel cells, nuclear, natural gas, and renewables, are positioning to serve this load growth, with thematic ETFs such as the Defiance AI & Power Infrastructure ETF and the Global X Data Center & Digital Infrastructure ETF offering exposure.",DeFi Technologies Inc.,DEFT.US,stock,,,,2026-06-29T18:24:20+00:00,Seeking Alpha,media,https://seekingalpha.com/news/4608107-ai-power-demand-utilities-cashing-in-on-data-center-expansion?utm_source=feed_news_all&utm_medium=referral&feed_item_type=news
AI's power crunch,AI data center power crunch,3,0.745,AI data center expansion drives utilities to sign multi-gigawatt power deals,"Utilities are securing multi-year electricity supply agreements with data center operators as AI infrastructure buildout accelerates power demand. Alliant Energy disclosed five fully executed data center agreements totaling approximately 3.4 gigawatts, including a new 370-megawatt electric service agreement with a ramp targeted by the end of 2030. PowerBank Corporation signed a modular data center joint development agreement with Nodiac.ai, pairing solar and battery storage systems with a co-location model to bypass grid interconnection timelines. Both regulated utilities and independent power producers, spanning fuel cells, nuclear, natural gas, and renewables, are positioning to serve this load growth, with thematic ETFs such as the Defiance AI & Power Infrastructure ETF and the Global X Data Center & Digital Infrastructure ETF offering exposure.",Enel Chile SA ADR,ENIC.US,stock,,,,2026-06-29T18:24:20+00:00,Seeking Alpha,media,https://seekingalpha.com/news/4608107-ai-power-demand-utilities-cashing-in-on-data-center-expansion?utm_source=feed_news_all&utm_medium=referral&feed_item_type=news
AI's power crunch,AI data center power crunch,3,0.745,AI data center expansion drives utilities to sign multi-gigawatt power deals,"Utilities are securing multi-year electricity supply agreements with data center operators as AI infrastructure buildout accelerates power demand. Alliant Energy disclosed five fully executed data center agreements totaling approximately 3.4 gigawatts, including a new 370-megawatt electric service agreement with a ramp targeted by the end of 2030. PowerBank Corporation signed a modular data center joint development agreement with Nodiac.ai, pairing solar and battery storage systems with a co-location model to bypass grid interconnection timelines. Both regulated utilities and independent power producers, spanning fuel cells, nuclear, natural gas, and renewables, are positioning to serve this load growth, with thematic ETFs such as the Defiance AI & Power Infrastructure ETF and the Global X Data Center & Digital Infrastructure ETF offering exposure.",Fermi Inc.,FRMI.US,stock,,,,2026-06-29T18:24:20+00:00,Seeking Alpha,media,https://seekingalpha.com/news/4608107-ai-power-demand-utilities-cashing-in-on-data-center-expansion?utm_source=feed_news_all&utm_medium=referral&feed_item_type=news
AI's power crunch,AI data center power crunch,3,0.745,AI data center expansion drives utilities to sign multi-gigawatt power deals,"Utilities are securing multi-year electricity supply agreements with data center operators as AI infrastructure buildout accelerates power demand. Alliant Energy disclosed five fully executed data center agreements totaling approximately 3.4 gigawatts, including a new 370-megawatt electric service agreement with a ramp targeted by the end of 2030. PowerBank Corporation signed a modular data center joint development agreement with Nodiac.ai, pairing solar and battery storage systems with a co-location model to bypass grid interconnection timelines. Both regulated utilities and independent power producers, spanning fuel cells, nuclear, natural gas, and renewables, are positioning to serve this load growth, with thematic ETFs such as the Defiance AI & Power Infrastructure ETF and the Global X Data Center & Digital Infrastructure ETF offering exposure.",Martin Marietta Materials Inc,MLM.US,stock,,,,2026-06-29T18:24:20+00:00,Seeking Alpha,media,https://seekingalpha.com/news/4608107-ai-power-demand-utilities-cashing-in-on-data-center-expansion?utm_source=feed_news_all&utm_medium=referral&feed_item_type=news
AI's power crunch,AI data center power crunch,3,0.745,AI data center expansion drives utilities to sign multi-gigawatt power deals,"Utilities are securing multi-year electricity supply agreements with data center operators as AI infrastructure buildout accelerates power demand. Alliant Energy disclosed five fully executed data center agreements totaling approximately 3.4 gigawatts, including a new 370-megawatt electric service agreement with a ramp targeted by the end of 2030. PowerBank Corporation signed a modular data center joint development agreement with Nodiac.ai, pairing solar and battery storage systems with a co-location model to bypass grid interconnection timelines. Both regulated utilities and independent power producers, spanning fuel cells, nuclear, natural gas, and renewables, are positioning to serve this load growth, with thematic ETFs such as the Defiance AI & Power Infrastructure ETF and the Global X Data Center & Digital Infrastructure ETF offering exposure.",NewJersey Resources Corporation,NJR.US,stock,,,,2026-06-29T18:24:20+00:00,Seeking Alpha,media,https://seekingalpha.com/news/4608107-ai-power-demand-utilities-cashing-in-on-data-center-expansion?utm_source=feed_news_all&utm_medium=referral&feed_item_type=news
AI's power crunch,AI data center power crunch,3,0.745,AI data center expansion drives utilities to sign multi-gigawatt power deals,"Utilities are securing multi-year electricity supply agreements with data center operators as AI infrastructure buildout accelerates power demand. Alliant Energy disclosed five fully executed data center agreements totaling approximately 3.4 gigawatts, including a new 370-megawatt electric service agreement with a ramp targeted by the end of 2030. PowerBank Corporation signed a modular data center joint development agreement with Nodiac.ai, pairing solar and battery storage systems with a co-location model to bypass grid interconnection timelines. Both regulated utilities and independent power producers, spanning fuel cells, nuclear, natural gas, and renewables, are positioning to serve this load growth, with thematic ETFs such as the Defiance AI & Power Infrastructure ETF and the Global X Data Center & Digital Infrastructure ETF offering exposure.",Oklo Inc.,OKLO.US,stock,,,,2026-06-29T18:24:20+00:00,Seeking Alpha,media,https://seekingalpha.com/news/4608107-ai-power-demand-utilities-cashing-in-on-data-center-expansion?utm_source=feed_news_all&utm_medium=referral&feed_item_type=news
AI's power crunch,AI data center power crunch,3,0.745,AI data center expansion drives utilities to sign multi-gigawatt power deals,"Utilities are securing multi-year electricity supply agreements with data center operators as AI infrastructure buildout accelerates power demand. Alliant Energy disclosed five fully executed data center agreements totaling approximately 3.4 gigawatts, including a new 370-megawatt electric service agreement with a ramp targeted by the end of 2030. PowerBank Corporation signed a modular data center joint development agreement with Nodiac.ai, pairing solar and battery storage systems with a co-location model to bypass grid interconnection timelines. Both regulated utilities and independent power producers, spanning fuel cells, nuclear, natural gas, and renewables, are positioning to serve this load growth, with thematic ETFs such as the Defiance AI & Power Infrastructure ETF and the Global X Data Center & Digital Infrastructure ETF offering exposure.","Power Solutions International, Inc. Common Stock",PSIX.US,stock,,,,2026-06-29T18:24:20+00:00,Seeking Alpha,media,https://seekingalpha.com/news/4608107-ai-power-demand-utilities-cashing-in-on-data-center-expansion?utm_source=feed_news_all&utm_medium=referral&feed_item_type=news
AI's power crunch,AI data center power crunch,3,0.745,AI data center expansion drives utilities to sign multi-gigawatt power deals,"Utilities are securing multi-year electricity supply agreements with data center operators as AI infrastructure buildout accelerates power demand. Alliant Energy disclosed five fully executed data center agreements totaling approximately 3.4 gigawatts, including a new 370-megawatt electric service agreement with a ramp targeted by the end of 2030. PowerBank Corporation signed a modular data center joint development agreement with Nodiac.ai, pairing solar and battery storage systems with a co-location model to bypass grid interconnection timelines. Both regulated utilities and independent power producers, spanning fuel cells, nuclear, natural gas, and renewables, are positioning to serve this load growth, with thematic ETFs such as the Defiance AI & Power Infrastructure ETF and the Global X Data Center & Digital Infrastructure ETF offering exposure.",Southern Company,SO.US,stock,,,,2026-06-29T18:24:20+00:00,Seeking Alpha,media,https://seekingalpha.com/news/4608107-ai-power-demand-utilities-cashing-in-on-data-center-expansion?utm_source=feed_news_all&utm_medium=referral&feed_item_type=news
AI's power crunch,AI data center power crunch,3,0.745,AI data center expansion drives utilities to sign multi-gigawatt power deals,"Utilities are securing multi-year electricity supply agreements with data center operators as AI infrastructure buildout accelerates power demand. Alliant Energy disclosed five fully executed data center agreements totaling approximately 3.4 gigawatts, including a new 370-megawatt electric service agreement with a ramp targeted by the end of 2030. PowerBank Corporation signed a modular data center joint development agreement with Nodiac.ai, pairing solar and battery storage systems with a co-location model to bypass grid interconnection timelines. Both regulated utilities and independent power producers, spanning fuel cells, nuclear, natural gas, and renewables, are positioning to serve this load growth, with thematic ETFs such as the Defiance AI & Power Infrastructure ETF and the Global X Data Center & Digital Infrastructure ETF offering exposure.",Talen Energy Corporation,TLN.US,stock,,,,2026-06-29T18:24:20+00:00,Seeking Alpha,media,https://seekingalpha.com/news/4608107-ai-power-demand-utilities-cashing-in-on-data-center-expansion?utm_source=feed_news_all&utm_medium=referral&feed_item_type=news
AI's power crunch,AI data center power crunch,3,0.745,AI data center expansion drives utilities to sign multi-gigawatt power deals,"Utilities are securing multi-year electricity supply agreements with data center operators as AI infrastructure buildout accelerates power demand. Alliant Energy disclosed five fully executed data center agreements totaling approximately 3.4 gigawatts, including a new 370-megawatt electric service agreement with a ramp targeted by the end of 2030. PowerBank Corporation signed a modular data center joint development agreement with Nodiac.ai, pairing solar and battery storage systems with a co-location model to bypass grid interconnection timelines. Both regulated utilities and independent power producers, spanning fuel cells, nuclear, natural gas, and renewables, are positioning to serve this load growth, with thematic ETFs such as the Defiance AI & Power Infrastructure ETF and the Global X Data Center & Digital Infrastructure ETF offering exposure.",The AES Corporation,AES.US,stock,,,,2026-06-29T18:24:20+00:00,Seeking Alpha,media,https://seekingalpha.com/news/4608107-ai-power-demand-utilities-cashing-in-on-data-center-expansion?utm_source=feed_news_all&utm_medium=referral&feed_item_type=news
AI's power crunch,AI data center power crunch,3,0.745,AI data center expansion drives utilities to sign multi-gigawatt power deals,"Utilities are securing multi-year electricity supply agreements with data center operators as AI infrastructure buildout accelerates power demand. Alliant Energy disclosed five fully executed data center agreements totaling approximately 3.4 gigawatts, including a new 370-megawatt electric service agreement with a ramp targeted by the end of 2030. PowerBank Corporation signed a modular data center joint development agreement with Nodiac.ai, pairing solar and battery storage systems with a co-location model to bypass grid interconnection timelines. Both regulated utilities and independent power producers, spanning fuel cells, nuclear, natural gas, and renewables, are positioning to serve this load growth, with thematic ETFs such as the Defiance AI & Power Infrastructure ETF and the Global X Data Center & Digital Infrastructure ETF offering exposure.",TransAlta Corp,TAC.US,stock,,,,2026-06-29T18:24:20+00:00,Seeking Alpha,media,https://seekingalpha.com/news/4608107-ai-power-demand-utilities-cashing-in-on-data-center-expansion?utm_source=feed_news_all&utm_medium=referral&feed_item_type=news
AI's power crunch,AI data center power crunch,4,0.744,Big Tech’s $3 Trillion Struggle to Secure Enough Electricity,"Big Tech is facing a critical shortage of electricity to power AI data centers, with utilities quoting two- to four-year wait times just for feasibility studies. Global data center power demand could rise 165% by the end of the decade, according to Goldman Sachs. Companies like Amazon, Microsoft, and Google are racing to lock in long-term power deals, such as Amazon’s agreement with Talen Energy for up to 1,920 megawatts of nuclear power and Microsoft’s 20-year deal with Constellation Energy to restart Three Mile Island for 835 megawatts. Bitzero, which controls over a gigawatt of clean power capacity across Norway, Finland, and North Dakota, has already secured a 15-year lease with OneQode Networks for its full 110-megawatt Norway campus, potentially generating $2.6 billion in contracted revenue. Shark Tank’s Kevin O’Leary is a strategic investor, noting that Bitzero’s sustainable, low-cost electricity positions it as a power provider in an era where AI and Bitcoin mining compete for the same resource.",Microsoft Corporation,MSFT.US,stock,pos,demand,Microsoft's 20-year deal with Constellation Energy to restart Three Mile Island for 835 MW secures power for its AI data centers.,2026-07-05T23:00:00+00:00,Oilprice.com,media,https://finance.yahoo.com/energy/articles/big-tech-3-trillion-struggle-230000415.html
AI's power crunch,AI data center power crunch,4,0.744,Big Tech’s $3 Trillion Struggle to Secure Enough Electricity,"Big Tech is facing a critical shortage of electricity to power AI data centers, with utilities quoting two- to four-year wait times just for feasibility studies. Global data center power demand could rise 165% by the end of the decade, according to Goldman Sachs. Companies like Amazon, Microsoft, and Google are racing to lock in long-term power deals, such as Amazon’s agreement with Talen Energy for up to 1,920 megawatts of nuclear power and Microsoft’s 20-year deal with Constellation Energy to restart Three Mile Island for 835 megawatts. Bitzero, which controls over a gigawatt of clean power capacity across Norway, Finland, and North Dakota, has already secured a 15-year lease with OneQode Networks for its full 110-megawatt Norway campus, potentially generating $2.6 billion in contracted revenue. Shark Tank’s Kevin O’Leary is a strategic investor, noting that Bitzero’s sustainable, low-cost electricity positions it as a power provider in an era where AI and Bitcoin mining compete for the same resource.",Bitzero Holdings Inc. Common Shares,AIBZ.US,stock,pos,demand,"Bitzero's clean power capacity is in high demand from AI data centers, with a 15-year lease secured for its Norway campus.",2026-07-05T23:00:00+00:00,Oilprice.com,media,https://finance.yahoo.com/energy/articles/big-tech-3-trillion-struggle-230000415.html
AI's power crunch,AI data center power crunch,4,0.744,Big Tech’s $3 Trillion Struggle to Secure Enough Electricity,"Big Tech is facing a critical shortage of electricity to power AI data centers, with utilities quoting two- to four-year wait times just for feasibility studies. Global data center power demand could rise 165% by the end of the decade, according to Goldman Sachs. Companies like Amazon, Microsoft, and Google are racing to lock in long-term power deals, such as Amazon’s agreement with Talen Energy for up to 1,920 megawatts of nuclear power and Microsoft’s 20-year deal with Constellation Energy to restart Three Mile Island for 835 megawatts. Bitzero, which controls over a gigawatt of clean power capacity across Norway, Finland, and North Dakota, has already secured a 15-year lease with OneQode Networks for its full 110-megawatt Norway campus, potentially generating $2.6 billion in contracted revenue. Shark Tank’s Kevin O’Leary is a strategic investor, noting that Bitzero’s sustainable, low-cost electricity positions it as a power provider in an era where AI and Bitcoin mining compete for the same resource.",Bitzero,,private,pos,demand,"Bitzero's clean power capacity is in high demand from AI data centers, with a 15-year lease secured for its Norway campus.",2026-07-05T23:00:00+00:00,Oilprice.com,media,https://finance.yahoo.com/energy/articles/big-tech-3-trillion-struggle-230000415.html
AI's power crunch,AI data center power crunch,4,0.744,Big Tech’s $3 Trillion Struggle to Secure Enough Electricity,"Big Tech is facing a critical shortage of electricity to power AI data centers, with utilities quoting two- to four-year wait times just for feasibility studies. Global data center power demand could rise 165% by the end of the decade, according to Goldman Sachs. Companies like Amazon, Microsoft, and Google are racing to lock in long-term power deals, such as Amazon’s agreement with Talen Energy for up to 1,920 megawatts of nuclear power and Microsoft’s 20-year deal with Constellation Energy to restart Three Mile Island for 835 megawatts. Bitzero, which controls over a gigawatt of clean power capacity across Norway, Finland, and North Dakota, has already secured a 15-year lease with OneQode Networks for its full 110-megawatt Norway campus, potentially generating $2.6 billion in contracted revenue. Shark Tank’s Kevin O’Leary is a strategic investor, noting that Bitzero’s sustainable, low-cost electricity positions it as a power provider in an era where AI and Bitcoin mining compete for the same resource.",Constellation Energy Corp,CEG.US,stock,pos,demand,Microsoft's 20-year deal to restart Three Mile Island for 835 MW of nuclear power directly benefits Constellation.,2026-07-05T23:00:00+00:00,Oilprice.com,media,https://finance.yahoo.com/energy/articles/big-tech-3-trillion-struggle-230000415.html
AI's power crunch,AI data center power crunch,4,0.744,Big Tech’s $3 Trillion Struggle to Secure Enough Electricity,"Big Tech is facing a critical shortage of electricity to power AI data centers, with utilities quoting two- to four-year wait times just for feasibility studies. Global data center power demand could rise 165% by the end of the decade, according to Goldman Sachs. Companies like Amazon, Microsoft, and Google are racing to lock in long-term power deals, such as Amazon’s agreement with Talen Energy for up to 1,920 megawatts of nuclear power and Microsoft’s 20-year deal with Constellation Energy to restart Three Mile Island for 835 megawatts. Bitzero, which controls over a gigawatt of clean power capacity across Norway, Finland, and North Dakota, has already secured a 15-year lease with OneQode Networks for its full 110-megawatt Norway campus, potentially generating $2.6 billion in contracted revenue. Shark Tank’s Kevin O’Leary is a strategic investor, noting that Bitzero’s sustainable, low-cost electricity positions it as a power provider in an era where AI and Bitcoin mining compete for the same resource.",Talen Energy Corporation,TLN.US,stock,pos,demand,"Amazon's agreement with Talen for up to 1,920 MW of nuclear power directly benefits Talen.",2026-07-05T23:00:00+00:00,Oilprice.com,media,https://finance.yahoo.com/energy/articles/big-tech-3-trillion-struggle-230000415.html
AI's power crunch,AI data center power crunch,4,0.744,Big Tech’s $3 Trillion Struggle to Secure Enough Electricity,"Big Tech is facing a critical shortage of electricity to power AI data centers, with utilities quoting two- to four-year wait times just for feasibility studies. Global data center power demand could rise 165% by the end of the decade, according to Goldman Sachs. Companies like Amazon, Microsoft, and Google are racing to lock in long-term power deals, such as Amazon’s agreement with Talen Energy for up to 1,920 megawatts of nuclear power and Microsoft’s 20-year deal with Constellation Energy to restart Three Mile Island for 835 megawatts. Bitzero, which controls over a gigawatt of clean power capacity across Norway, Finland, and North Dakota, has already secured a 15-year lease with OneQode Networks for its full 110-megawatt Norway campus, potentially generating $2.6 billion in contracted revenue. Shark Tank’s Kevin O’Leary is a strategic investor, noting that Bitzero’s sustainable, low-cost electricity positions it as a power provider in an era where AI and Bitcoin mining compete for the same resource.",Amazon.com Inc,AMZN.US,stock,pos,demand,"Amazon's data center power needs drive its agreement with Talen Energy for nuclear power, indicating strong demand for its cloud services.",2026-07-05T23:00:00+00:00,Oilprice.com,media,https://finance.yahoo.com/energy/articles/big-tech-3-trillion-struggle-230000415.html
AI's power crunch,AI data center power crunch,4,0.744,Big Tech’s $3 Trillion Struggle to Secure Enough Electricity,"Big Tech is facing a critical shortage of electricity to power AI data centers, with utilities quoting two- to four-year wait times just for feasibility studies. Global data center power demand could rise 165% by the end of the decade, according to Goldman Sachs. Companies like Amazon, Microsoft, and Google are racing to lock in long-term power deals, such as Amazon’s agreement with Talen Energy for up to 1,920 megawatts of nuclear power and Microsoft’s 20-year deal with Constellation Energy to restart Three Mile Island for 835 megawatts. Bitzero, which controls over a gigawatt of clean power capacity across Norway, Finland, and North Dakota, has already secured a 15-year lease with OneQode Networks for its full 110-megawatt Norway campus, potentially generating $2.6 billion in contracted revenue. Shark Tank’s Kevin O’Leary is a strategic investor, noting that Bitzero’s sustainable, low-cost electricity positions it as a power provider in an era where AI and Bitcoin mining compete for the same resource.",Alphabet Inc Class A,GOOGL.US,stock,neg,supply,"Google faces electricity shortages and long wait times for data center power, threatening AI expansion.",2026-07-05T23:00:00+00:00,Oilprice.com,media,https://finance.yahoo.com/energy/articles/big-tech-3-trillion-struggle-230000415.html
AI's power crunch,AI data center power crunch,4,0.744,Big Tech’s $3 Trillion Struggle to Secure Enough Electricity,"Big Tech is facing a critical shortage of electricity to power AI data centers, with utilities quoting two- to four-year wait times just for feasibility studies. Global data center power demand could rise 165% by the end of the decade, according to Goldman Sachs. Companies like Amazon, Microsoft, and Google are racing to lock in long-term power deals, such as Amazon’s agreement with Talen Energy for up to 1,920 megawatts of nuclear power and Microsoft’s 20-year deal with Constellation Energy to restart Three Mile Island for 835 megawatts. Bitzero, which controls over a gigawatt of clean power capacity across Norway, Finland, and North Dakota, has already secured a 15-year lease with OneQode Networks for its full 110-megawatt Norway campus, potentially generating $2.6 billion in contracted revenue. Shark Tank’s Kevin O’Leary is a strategic investor, noting that Bitzero’s sustainable, low-cost electricity positions it as a power provider in an era where AI and Bitcoin mining compete for the same resource.",OneQode Networks,,private,pos,demand,"OneQode Networks secured a 15-year lease for Bitzero's full 110-megawatt Norway campus, ensuring long-term power supply.",2026-07-05T23:00:00+00:00,Oilprice.com,media,https://finance.yahoo.com/energy/articles/big-tech-3-trillion-struggle-230000415.html
AI's power crunch,AI data center power crunch,4,0.744,Big Tech’s $3 Trillion Struggle to Secure Enough Electricity,"Big Tech is facing a critical shortage of electricity to power AI data centers, with utilities quoting two- to four-year wait times just for feasibility studies. Global data center power demand could rise 165% by the end of the decade, according to Goldman Sachs. Companies like Amazon, Microsoft, and Google are racing to lock in long-term power deals, such as Amazon’s agreement with Talen Energy for up to 1,920 megawatts of nuclear power and Microsoft’s 20-year deal with Constellation Energy to restart Three Mile Island for 835 megawatts. Bitzero, which controls over a gigawatt of clean power capacity across Norway, Finland, and North Dakota, has already secured a 15-year lease with OneQode Networks for its full 110-megawatt Norway campus, potentially generating $2.6 billion in contracted revenue. Shark Tank’s Kevin O’Leary is a strategic investor, noting that Bitzero’s sustainable, low-cost electricity positions it as a power provider in an era where AI and Bitcoin mining compete for the same resource.",Apple Inc.,AAPL.US,stock,,,,2026-07-05T23:00:00+00:00,Oilprice.com,media,https://finance.yahoo.com/energy/articles/big-tech-3-trillion-struggle-230000415.html
AI's power crunch,AI data center power crunch,5,0.744,AI’s Energy Crunch Has Investors Searching for Next IPO Winners,"The artificial intelligence boom has a power problem, and Wall Street is betting billions on companies that promise to solve it. At least 10 power infrastructure and clean technology companies have gone public so far this year, raising upwards of $11.6 billion, the most on record for the sector. Geothermal firm Fervo Energy Co. soared 35% on its first day of trading after raising $1.89 billion in May, even though its technology hasn't reached commercial scale. Cash-rich firms like Meta Platforms, Amazon.com and Microsoft have juiced the rush to list, with data centers in the US expected to need more than 77 gigawatts of capacity in 2030, up from 41 gigawatts in 2025. The enthusiasm comes with risks, as wild swings in SpaceX stock after its historic debut warn of the perils investors face when they make bets on high-risk, high-reward clean energy.",Amazon.com Inc,AMZN.US,stock,,,,2026-06-27T13:00:00+00:00,Bloomberg,wire,https://finance.yahoo.com/energy/articles/ai-energy-crunch-investors-searching-130000398.html
AI's power crunch,AI data center power crunch,5,0.744,AI’s Energy Crunch Has Investors Searching for Next IPO Winners,"The artificial intelligence boom has a power problem, and Wall Street is betting billions on companies that promise to solve it. At least 10 power infrastructure and clean technology companies have gone public so far this year, raising upwards of $11.6 billion, the most on record for the sector. Geothermal firm Fervo Energy Co. soared 35% on its first day of trading after raising $1.89 billion in May, even though its technology hasn't reached commercial scale. Cash-rich firms like Meta Platforms, Amazon.com and Microsoft have juiced the rush to list, with data centers in the US expected to need more than 77 gigawatts of capacity in 2030, up from 41 gigawatts in 2025. The enthusiasm comes with risks, as wild swings in SpaceX stock after its historic debut warn of the perils investors face when they make bets on high-risk, high-reward clean energy.",Constellation Energy Corp,CEG.US,stock,,,,2026-06-27T13:00:00+00:00,Bloomberg,wire,https://finance.yahoo.com/energy/articles/ai-energy-crunch-investors-searching-130000398.html
AI's power crunch,AI data center power crunch,5,0.744,AI’s Energy Crunch Has Investors Searching for Next IPO Winners,"The artificial intelligence boom has a power problem, and Wall Street is betting billions on companies that promise to solve it. At least 10 power infrastructure and clean technology companies have gone public so far this year, raising upwards of $11.6 billion, the most on record for the sector. Geothermal firm Fervo Energy Co. soared 35% on its first day of trading after raising $1.89 billion in May, even though its technology hasn't reached commercial scale. Cash-rich firms like Meta Platforms, Amazon.com and Microsoft have juiced the rush to list, with data centers in the US expected to need more than 77 gigawatts of capacity in 2030, up from 41 gigawatts in 2025. The enthusiasm comes with risks, as wild swings in SpaceX stock after its historic debut warn of the perils investors face when they make bets on high-risk, high-reward clean energy.",ESS Tech Inc,GWH.US,stock,,,,2026-06-27T13:00:00+00:00,Bloomberg,wire,https://finance.yahoo.com/energy/articles/ai-energy-crunch-investors-searching-130000398.html
AI's power crunch,AI data center power crunch,5,0.744,AI’s Energy Crunch Has Investors Searching for Next IPO Winners,"The artificial intelligence boom has a power problem, and Wall Street is betting billions on companies that promise to solve it. At least 10 power infrastructure and clean technology companies have gone public so far this year, raising upwards of $11.6 billion, the most on record for the sector. Geothermal firm Fervo Energy Co. soared 35% on its first day of trading after raising $1.89 billion in May, even though its technology hasn't reached commercial scale. Cash-rich firms like Meta Platforms, Amazon.com and Microsoft have juiced the rush to list, with data centers in the US expected to need more than 77 gigawatts of capacity in 2030, up from 41 gigawatts in 2025. The enthusiasm comes with risks, as wild swings in SpaceX stock after its historic debut warn of the perils investors face when they make bets on high-risk, high-reward clean energy.",Fervo Energy Company Class A common stock,FRVO.US,stock,,,,2026-06-27T13:00:00+00:00,Bloomberg,wire,https://finance.yahoo.com/energy/articles/ai-energy-crunch-investors-searching-130000398.html
AI's power crunch,AI data center power crunch,5,0.744,AI’s Energy Crunch Has Investors Searching for Next IPO Winners,"The artificial intelligence boom has a power problem, and Wall Street is betting billions on companies that promise to solve it. At least 10 power infrastructure and clean technology companies have gone public so far this year, raising upwards of $11.6 billion, the most on record for the sector. Geothermal firm Fervo Energy Co. soared 35% on its first day of trading after raising $1.89 billion in May, even though its technology hasn't reached commercial scale. Cash-rich firms like Meta Platforms, Amazon.com and Microsoft have juiced the rush to list, with data centers in the US expected to need more than 77 gigawatts of capacity in 2030, up from 41 gigawatts in 2025. The enthusiasm comes with risks, as wild swings in SpaceX stock after its historic debut warn of the perils investors face when they make bets on high-risk, high-reward clean energy.","Forgent Power Solutions, Inc.",FPS.US,stock,,,,2026-06-27T13:00:00+00:00,Bloomberg,wire,https://finance.yahoo.com/energy/articles/ai-energy-crunch-investors-searching-130000398.html
AI's power crunch,AI data center power crunch,5,0.744,AI’s Energy Crunch Has Investors Searching for Next IPO Winners,"The artificial intelligence boom has a power problem, and Wall Street is betting billions on companies that promise to solve it. At least 10 power infrastructure and clean technology companies have gone public so far this year, raising upwards of $11.6 billion, the most on record for the sector. Geothermal firm Fervo Energy Co. soared 35% on its first day of trading after raising $1.89 billion in May, even though its technology hasn't reached commercial scale. Cash-rich firms like Meta Platforms, Amazon.com and Microsoft have juiced the rush to list, with data centers in the US expected to need more than 77 gigawatts of capacity in 2030, up from 41 gigawatts in 2025. The enthusiasm comes with risks, as wild swings in SpaceX stock after its historic debut warn of the perils investors face when they make bets on high-risk, high-reward clean energy.",Meta Platforms Inc.,META.US,stock,,,,2026-06-27T13:00:00+00:00,Bloomberg,wire,https://finance.yahoo.com/energy/articles/ai-energy-crunch-investors-searching-130000398.html
AI's power crunch,AI data center power crunch,5,0.744,AI’s Energy Crunch Has Investors Searching for Next IPO Winners,"The artificial intelligence boom has a power problem, and Wall Street is betting billions on companies that promise to solve it. At least 10 power infrastructure and clean technology companies have gone public so far this year, raising upwards of $11.6 billion, the most on record for the sector. Geothermal firm Fervo Energy Co. soared 35% on its first day of trading after raising $1.89 billion in May, even though its technology hasn't reached commercial scale. Cash-rich firms like Meta Platforms, Amazon.com and Microsoft have juiced the rush to list, with data centers in the US expected to need more than 77 gigawatts of capacity in 2030, up from 41 gigawatts in 2025. The enthusiasm comes with risks, as wild swings in SpaceX stock after its historic debut warn of the perils investors face when they make bets on high-risk, high-reward clean energy.",Microsoft Corporation,MSFT.US,stock,,,,2026-06-27T13:00:00+00:00,Bloomberg,wire,https://finance.yahoo.com/energy/articles/ai-energy-crunch-investors-searching-130000398.html
AI's power crunch,AI data center power crunch,5,0.744,AI’s Energy Crunch Has Investors Searching for Next IPO Winners,"The artificial intelligence boom has a power problem, and Wall Street is betting billions on companies that promise to solve it. At least 10 power infrastructure and clean technology companies have gone public so far this year, raising upwards of $11.6 billion, the most on record for the sector. Geothermal firm Fervo Energy Co. soared 35% on its first day of trading after raising $1.89 billion in May, even though its technology hasn't reached commercial scale. Cash-rich firms like Meta Platforms, Amazon.com and Microsoft have juiced the rush to list, with data centers in the US expected to need more than 77 gigawatts of capacity in 2030, up from 41 gigawatts in 2025. The enthusiasm comes with risks, as wild swings in SpaceX stock after its historic debut warn of the perils investors face when they make bets on high-risk, high-reward clean energy.",Space Exploration Technologies Corp. Class A Common Stock,SPCX.US,stock,,,,2026-06-27T13:00:00+00:00,Bloomberg,wire,https://finance.yahoo.com/energy/articles/ai-energy-crunch-investors-searching-130000398.html
AI's power crunch,AI data center power crunch,5,0.744,AI’s Energy Crunch Has Investors Searching for Next IPO Winners,"The artificial intelligence boom has a power problem, and Wall Street is betting billions on companies that promise to solve it. At least 10 power infrastructure and clean technology companies have gone public so far this year, raising upwards of $11.6 billion, the most on record for the sector. Geothermal firm Fervo Energy Co. soared 35% on its first day of trading after raising $1.89 billion in May, even though its technology hasn't reached commercial scale. Cash-rich firms like Meta Platforms, Amazon.com and Microsoft have juiced the rush to list, with data centers in the US expected to need more than 77 gigawatts of capacity in 2030, up from 41 gigawatts in 2025. The enthusiasm comes with risks, as wild swings in SpaceX stock after its historic debut warn of the perils investors face when they make bets on high-risk, high-reward clean energy.",Toronto Dominion Bank,TD.US,stock,,,,2026-06-27T13:00:00+00:00,Bloomberg,wire,https://finance.yahoo.com/energy/articles/ai-energy-crunch-investors-searching-130000398.html
AI's power crunch,AI data center power crunch,5,0.744,AI’s Energy Crunch Has Investors Searching for Next IPO Winners,"The artificial intelligence boom has a power problem, and Wall Street is betting billions on companies that promise to solve it. At least 10 power infrastructure and clean technology companies have gone public so far this year, raising upwards of $11.6 billion, the most on record for the sector. Geothermal firm Fervo Energy Co. soared 35% on its first day of trading after raising $1.89 billion in May, even though its technology hasn't reached commercial scale. Cash-rich firms like Meta Platforms, Amazon.com and Microsoft have juiced the rush to list, with data centers in the US expected to need more than 77 gigawatts of capacity in 2030, up from 41 gigawatts in 2025. The enthusiasm comes with risks, as wild swings in SpaceX stock after its historic debut warn of the perils investors face when they make bets on high-risk, high-reward clean energy.",Virgin Galactic Holdings Inc,SPCE.US,stock,,,,2026-06-27T13:00:00+00:00,Bloomberg,wire,https://finance.yahoo.com/energy/articles/ai-energy-crunch-investors-searching-130000398.html
AI's power crunch,AI data center power crunch,6,0.743,AI Infrastructure Buildout Shifts Focus to Energy as Scarce Resource,"Trillions of dollars are being poured into AI factories, but the scarcest resource is energy, not chips or models. McKinsey estimates AI-related infrastructure spending could exceed $5 trillion by 2030, while JLL projects developers may require roughly 100 gigawatts of new data-center capacity over the same period. Utilities face multi-year waits for grid connections, forcing companies like Microsoft, Google, and Amazon to secure dedicated power. Bitzero, which controls a development pipeline exceeding one gigawatt of potential capacity across Norway, Finland, and North Dakota, announced a binding letter with OneQode Networks for a 15-year lease on the full 110 megawatts of its Namsskogan campus, valued at approximately $2.6 billion. Kevin O'Leary, a key backer, said he considers Bitzero a real estate power company with sub-six cents per kilowatt-hour power, land, permits, and water, adding that perhaps 50 percent or more of announced U.S. data centers won't be built due to lack of grid power.",Bitzero Holdings Inc. Common Shares,AIBZ.US,stock,pos,demand,"Bitzero announced a binding 15-year lease for 110 MW of its Namsskogan campus valued at $2.6 billion, indicating strong demand for its data center capacity.",2026-07-01T00:00:00+00:00,Oilprice.com,media,https://finance.yahoo.com/energy/articles/ai-revolution-needs-electricity-more-000000186.html
AI's power crunch,AI data center power crunch,6,0.743,AI Infrastructure Buildout Shifts Focus to Energy as Scarce Resource,"Trillions of dollars are being poured into AI factories, but the scarcest resource is energy, not chips or models. McKinsey estimates AI-related infrastructure spending could exceed $5 trillion by 2030, while JLL projects developers may require roughly 100 gigawatts of new data-center capacity over the same period. Utilities face multi-year waits for grid connections, forcing companies like Microsoft, Google, and Amazon to secure dedicated power. Bitzero, which controls a development pipeline exceeding one gigawatt of potential capacity across Norway, Finland, and North Dakota, announced a binding letter with OneQode Networks for a 15-year lease on the full 110 megawatts of its Namsskogan campus, valued at approximately $2.6 billion. Kevin O'Leary, a key backer, said he considers Bitzero a real estate power company with sub-six cents per kilowatt-hour power, land, permits, and water, adding that perhaps 50 percent or more of announced U.S. data centers won't be built due to lack of grid power.",Bitzero,,private,pos,demand,"Bitzero announced a binding 15-year lease for 110 MW of its Namsskogan campus valued at $2.6 billion, indicating strong demand for its data center capacity.",2026-07-01T00:00:00+00:00,Oilprice.com,media,https://finance.yahoo.com/energy/articles/ai-revolution-needs-electricity-more-000000186.html
AI's power crunch,AI data center power crunch,6,0.743,AI Infrastructure Buildout Shifts Focus to Energy as Scarce Resource,"Trillions of dollars are being poured into AI factories, but the scarcest resource is energy, not chips or models. McKinsey estimates AI-related infrastructure spending could exceed $5 trillion by 2030, while JLL projects developers may require roughly 100 gigawatts of new data-center capacity over the same period. Utilities face multi-year waits for grid connections, forcing companies like Microsoft, Google, and Amazon to secure dedicated power. Bitzero, which controls a development pipeline exceeding one gigawatt of potential capacity across Norway, Finland, and North Dakota, announced a binding letter with OneQode Networks for a 15-year lease on the full 110 megawatts of its Namsskogan campus, valued at approximately $2.6 billion. Kevin O'Leary, a key backer, said he considers Bitzero a real estate power company with sub-six cents per kilowatt-hour power, land, permits, and water, adding that perhaps 50 percent or more of announced U.S. data centers won't be built due to lack of grid power.",OneQode Networks,,private,pos,demand,"OneQode Networks signed a 15-year lease for the full 110 MW of Bitzero's Namsskogan campus, valued at ~$2.6B, securing long-term data center capacity.",2026-07-01T00:00:00+00:00,Oilprice.com,media,https://finance.yahoo.com/energy/articles/ai-revolution-needs-electricity-more-000000186.html
AI's power crunch,AI data center power crunch,6,0.743,AI Infrastructure Buildout Shifts Focus to Energy as Scarce Resource,"Trillions of dollars are being poured into AI factories, but the scarcest resource is energy, not chips or models. McKinsey estimates AI-related infrastructure spending could exceed $5 trillion by 2030, while JLL projects developers may require roughly 100 gigawatts of new data-center capacity over the same period. Utilities face multi-year waits for grid connections, forcing companies like Microsoft, Google, and Amazon to secure dedicated power. Bitzero, which controls a development pipeline exceeding one gigawatt of potential capacity across Norway, Finland, and North Dakota, announced a binding letter with OneQode Networks for a 15-year lease on the full 110 megawatts of its Namsskogan campus, valued at approximately $2.6 billion. Kevin O'Leary, a key backer, said he considers Bitzero a real estate power company with sub-six cents per kilowatt-hour power, land, permits, and water, adding that perhaps 50 percent or more of announced U.S. data centers won't be built due to lack of grid power.",Alphabet Inc Class A,GOOGL.US,stock,,,,2026-07-01T00:00:00+00:00,Oilprice.com,media,https://finance.yahoo.com/energy/articles/ai-revolution-needs-electricity-more-000000186.html
AI's power crunch,AI data center power crunch,6,0.743,AI Infrastructure Buildout Shifts Focus to Energy as Scarce Resource,"Trillions of dollars are being poured into AI factories, but the scarcest resource is energy, not chips or models. McKinsey estimates AI-related infrastructure spending could exceed $5 trillion by 2030, while JLL projects developers may require roughly 100 gigawatts of new data-center capacity over the same period. Utilities face multi-year waits for grid connections, forcing companies like Microsoft, Google, and Amazon to secure dedicated power. Bitzero, which controls a development pipeline exceeding one gigawatt of potential capacity across Norway, Finland, and North Dakota, announced a binding letter with OneQode Networks for a 15-year lease on the full 110 megawatts of its Namsskogan campus, valued at approximately $2.6 billion. Kevin O'Leary, a key backer, said he considers Bitzero a real estate power company with sub-six cents per kilowatt-hour power, land, permits, and water, adding that perhaps 50 percent or more of announced U.S. data centers won't be built due to lack of grid power.",Amazon.com Inc,AMZN.US,stock,,,,2026-07-01T00:00:00+00:00,Oilprice.com,media,https://finance.yahoo.com/energy/articles/ai-revolution-needs-electricity-more-000000186.html
AI's power crunch,AI data center power crunch,6,0.743,AI Infrastructure Buildout Shifts Focus to Energy as Scarce Resource,"Trillions of dollars are being poured into AI factories, but the scarcest resource is energy, not chips or models. McKinsey estimates AI-related infrastructure spending could exceed $5 trillion by 2030, while JLL projects developers may require roughly 100 gigawatts of new data-center capacity over the same period. Utilities face multi-year waits for grid connections, forcing companies like Microsoft, Google, and Amazon to secure dedicated power. Bitzero, which controls a development pipeline exceeding one gigawatt of potential capacity across Norway, Finland, and North Dakota, announced a binding letter with OneQode Networks for a 15-year lease on the full 110 megawatts of its Namsskogan campus, valued at approximately $2.6 billion. Kevin O'Leary, a key backer, said he considers Bitzero a real estate power company with sub-six cents per kilowatt-hour power, land, permits, and water, adding that perhaps 50 percent or more of announced U.S. data centers won't be built due to lack of grid power.",Crowdstrike Holdings Inc,CRWD.US,stock,,,,2026-07-01T00:00:00+00:00,Oilprice.com,media,https://finance.yahoo.com/energy/articles/ai-revolution-needs-electricity-more-000000186.html
AI's power crunch,AI data center power crunch,6,0.743,AI Infrastructure Buildout Shifts Focus to Energy as Scarce Resource,"Trillions of dollars are being poured into AI factories, but the scarcest resource is energy, not chips or models. McKinsey estimates AI-related infrastructure spending could exceed $5 trillion by 2030, while JLL projects developers may require roughly 100 gigawatts of new data-center capacity over the same period. Utilities face multi-year waits for grid connections, forcing companies like Microsoft, Google, and Amazon to secure dedicated power. Bitzero, which controls a development pipeline exceeding one gigawatt of potential capacity across Norway, Finland, and North Dakota, announced a binding letter with OneQode Networks for a 15-year lease on the full 110 megawatts of its Namsskogan campus, valued at approximately $2.6 billion. Kevin O'Leary, a key backer, said he considers Bitzero a real estate power company with sub-six cents per kilowatt-hour power, land, permits, and water, adding that perhaps 50 percent or more of announced U.S. data centers won't be built due to lack of grid power.",Microsoft Corporation,MSFT.US,stock,,,,2026-07-01T00:00:00+00:00,Oilprice.com,media,https://finance.yahoo.com/energy/articles/ai-revolution-needs-electricity-more-000000186.html
AI's power crunch,AI data center power crunch,6,0.743,AI Infrastructure Buildout Shifts Focus to Energy as Scarce Resource,"Trillions of dollars are being poured into AI factories, but the scarcest resource is energy, not chips or models. McKinsey estimates AI-related infrastructure spending could exceed $5 trillion by 2030, while JLL projects developers may require roughly 100 gigawatts of new data-center capacity over the same period. Utilities face multi-year waits for grid connections, forcing companies like Microsoft, Google, and Amazon to secure dedicated power. Bitzero, which controls a development pipeline exceeding one gigawatt of potential capacity across Norway, Finland, and North Dakota, announced a binding letter with OneQode Networks for a 15-year lease on the full 110 megawatts of its Namsskogan campus, valued at approximately $2.6 billion. Kevin O'Leary, a key backer, said he considers Bitzero a real estate power company with sub-six cents per kilowatt-hour power, land, permits, and water, adding that perhaps 50 percent or more of announced U.S. data centers won't be built due to lack of grid power.",Space Exploration Technologies Corp. Class A Common Stock,SPCX.US,stock,,,,2026-07-01T00:00:00+00:00,Oilprice.com,media,https://finance.yahoo.com/energy/articles/ai-revolution-needs-electricity-more-000000186.html
AI's power crunch,AI data center power crunch,6,0.743,AI Infrastructure Buildout Shifts Focus to Energy as Scarce Resource,"Trillions of dollars are being poured into AI factories, but the scarcest resource is energy, not chips or models. McKinsey estimates AI-related infrastructure spending could exceed $5 trillion by 2030, while JLL projects developers may require roughly 100 gigawatts of new data-center capacity over the same period. Utilities face multi-year waits for grid connections, forcing companies like Microsoft, Google, and Amazon to secure dedicated power. Bitzero, which controls a development pipeline exceeding one gigawatt of potential capacity across Norway, Finland, and North Dakota, announced a binding letter with OneQode Networks for a 15-year lease on the full 110 megawatts of its Namsskogan campus, valued at approximately $2.6 billion. Kevin O'Leary, a key backer, said he considers Bitzero a real estate power company with sub-six cents per kilowatt-hour power, land, permits, and water, adding that perhaps 50 percent or more of announced U.S. data centers won't be built due to lack of grid power.",Super Micro Computer Inc,SMCI.US,stock,,,,2026-07-01T00:00:00+00:00,Oilprice.com,media,https://finance.yahoo.com/energy/articles/ai-revolution-needs-electricity-more-000000186.html
AI's power crunch,AI data center power crunch,7,0.741,Hyperscalers and Sovereign Initiatives Drive AI Data Center Expansion,"The global AI data center market is undergoing a profound transformation, driven by hyperscalers like Microsoft, Google, Amazon, and Meta, alongside sovereign AI initiatives from nation-states. A new report from ResearchAndMarkets.com highlights that traditional data centers are inadequate for modern AI workloads, prompting a shift to purpose-built facilities with extreme densities often exceeding 150 kW per rack. This evolution has sparked a multi-year capital expenditure surge, with industry constraints shifting from physical space to power availability, grid interconnectivity, and energy efficiency. The market is projected to experience significant growth from 2026 to 2032, fueled by advances in custom AI accelerators and silicon photonics, while emphasizing environmentally responsible infrastructure and clean energy solutions.",Advanced Micro Devices Inc,AMD.US,stock,,,,2026-07-03T11:58:00+00:00,GlobeNewswire,press_release,https://www.globenewswire.com/news-release/2026/07/03/3321812/28124/en/Hyperscalers-and-Sovereign-Initiatives-Driving-Forces-Behind-AI-Data-Center-Expansion.html
AI's power crunch,AI data center power crunch,7,0.741,Hyperscalers and Sovereign Initiatives Drive AI Data Center Expansion,"The global AI data center market is undergoing a profound transformation, driven by hyperscalers like Microsoft, Google, Amazon, and Meta, alongside sovereign AI initiatives from nation-states. A new report from ResearchAndMarkets.com highlights that traditional data centers are inadequate for modern AI workloads, prompting a shift to purpose-built facilities with extreme densities often exceeding 150 kW per rack. This evolution has sparked a multi-year capital expenditure surge, with industry constraints shifting from physical space to power availability, grid interconnectivity, and energy efficiency. The market is projected to experience significant growth from 2026 to 2032, fueled by advances in custom AI accelerators and silicon photonics, while emphasizing environmentally responsible infrastructure and clean energy solutions.",Alphabet Inc Class A,GOOGL.US,stock,,,,2026-07-03T11:58:00+00:00,GlobeNewswire,press_release,https://www.globenewswire.com/news-release/2026/07/03/3321812/28124/en/Hyperscalers-and-Sovereign-Initiatives-Driving-Forces-Behind-AI-Data-Center-Expansion.html
AI's power crunch,AI data center power crunch,7,0.741,Hyperscalers and Sovereign Initiatives Drive AI Data Center Expansion,"The global AI data center market is undergoing a profound transformation, driven by hyperscalers like Microsoft, Google, Amazon, and Meta, alongside sovereign AI initiatives from nation-states. A new report from ResearchAndMarkets.com highlights that traditional data centers are inadequate for modern AI workloads, prompting a shift to purpose-built facilities with extreme densities often exceeding 150 kW per rack. This evolution has sparked a multi-year capital expenditure surge, with industry constraints shifting from physical space to power availability, grid interconnectivity, and energy efficiency. The market is projected to experience significant growth from 2026 to 2032, fueled by advances in custom AI accelerators and silicon photonics, while emphasizing environmentally responsible infrastructure and clean energy solutions.",Amazon.com Inc,AMZN.US,stock,,,,2026-07-03T11:58:00+00:00,GlobeNewswire,press_release,https://www.globenewswire.com/news-release/2026/07/03/3321812/28124/en/Hyperscalers-and-Sovereign-Initiatives-Driving-Forces-Behind-AI-Data-Center-Expansion.html
AI's power crunch,AI data center power crunch,7,0.741,Hyperscalers and Sovereign Initiatives Drive AI Data Center Expansion,"The global AI data center market is undergoing a profound transformation, driven by hyperscalers like Microsoft, Google, Amazon, and Meta, alongside sovereign AI initiatives from nation-states. A new report from ResearchAndMarkets.com highlights that traditional data centers are inadequate for modern AI workloads, prompting a shift to purpose-built facilities with extreme densities often exceeding 150 kW per rack. This evolution has sparked a multi-year capital expenditure surge, with industry constraints shifting from physical space to power availability, grid interconnectivity, and energy efficiency. The market is projected to experience significant growth from 2026 to 2032, fueled by advances in custom AI accelerators and silicon photonics, while emphasizing environmentally responsible infrastructure and clean energy solutions.",Intel Corporation,INTC.US,stock,,,,2026-07-03T11:58:00+00:00,GlobeNewswire,press_release,https://www.globenewswire.com/news-release/2026/07/03/3321812/28124/en/Hyperscalers-and-Sovereign-Initiatives-Driving-Forces-Behind-AI-Data-Center-Expansion.html
AI's power crunch,AI data center power crunch,7,0.741,Hyperscalers and Sovereign Initiatives Drive AI Data Center Expansion,"The global AI data center market is undergoing a profound transformation, driven by hyperscalers like Microsoft, Google, Amazon, and Meta, alongside sovereign AI initiatives from nation-states. A new report from ResearchAndMarkets.com highlights that traditional data centers are inadequate for modern AI workloads, prompting a shift to purpose-built facilities with extreme densities often exceeding 150 kW per rack. This evolution has sparked a multi-year capital expenditure surge, with industry constraints shifting from physical space to power availability, grid interconnectivity, and energy efficiency. The market is projected to experience significant growth from 2026 to 2032, fueled by advances in custom AI accelerators and silicon photonics, while emphasizing environmentally responsible infrastructure and clean energy solutions.",International Business Machines,IBM.US,stock,,,,2026-07-03T11:58:00+00:00,GlobeNewswire,press_release,https://www.globenewswire.com/news-release/2026/07/03/3321812/28124/en/Hyperscalers-and-Sovereign-Initiatives-Driving-Forces-Behind-AI-Data-Center-Expansion.html
AI's power crunch,AI data center power crunch,7,0.741,Hyperscalers and Sovereign Initiatives Drive AI Data Center Expansion,"The global AI data center market is undergoing a profound transformation, driven by hyperscalers like Microsoft, Google, Amazon, and Meta, alongside sovereign AI initiatives from nation-states. A new report from ResearchAndMarkets.com highlights that traditional data centers are inadequate for modern AI workloads, prompting a shift to purpose-built facilities with extreme densities often exceeding 150 kW per rack. This evolution has sparked a multi-year capital expenditure surge, with industry constraints shifting from physical space to power availability, grid interconnectivity, and energy efficiency. The market is projected to experience significant growth from 2026 to 2032, fueled by advances in custom AI accelerators and silicon photonics, while emphasizing environmentally responsible infrastructure and clean energy solutions.",Meta Platforms Inc.,META.US,stock,,,,2026-07-03T11:58:00+00:00,GlobeNewswire,press_release,https://www.globenewswire.com/news-release/2026/07/03/3321812/28124/en/Hyperscalers-and-Sovereign-Initiatives-Driving-Forces-Behind-AI-Data-Center-Expansion.html
AI's power crunch,AI data center power crunch,7,0.741,Hyperscalers and Sovereign Initiatives Drive AI Data Center Expansion,"The global AI data center market is undergoing a profound transformation, driven by hyperscalers like Microsoft, Google, Amazon, and Meta, alongside sovereign AI initiatives from nation-states. A new report from ResearchAndMarkets.com highlights that traditional data centers are inadequate for modern AI workloads, prompting a shift to purpose-built facilities with extreme densities often exceeding 150 kW per rack. This evolution has sparked a multi-year capital expenditure surge, with industry constraints shifting from physical space to power availability, grid interconnectivity, and energy efficiency. The market is projected to experience significant growth from 2026 to 2032, fueled by advances in custom AI accelerators and silicon photonics, while emphasizing environmentally responsible infrastructure and clean energy solutions.",Microsoft Corporation,MSFT.US,stock,,,,2026-07-03T11:58:00+00:00,GlobeNewswire,press_release,https://www.globenewswire.com/news-release/2026/07/03/3321812/28124/en/Hyperscalers-and-Sovereign-Initiatives-Driving-Forces-Behind-AI-Data-Center-Expansion.html
AI's power crunch,AI data center power crunch,7,0.741,Hyperscalers and Sovereign Initiatives Drive AI Data Center Expansion,"The global AI data center market is undergoing a profound transformation, driven by hyperscalers like Microsoft, Google, Amazon, and Meta, alongside sovereign AI initiatives from nation-states. A new report from ResearchAndMarkets.com highlights that traditional data centers are inadequate for modern AI workloads, prompting a shift to purpose-built facilities with extreme densities often exceeding 150 kW per rack. This evolution has sparked a multi-year capital expenditure surge, with industry constraints shifting from physical space to power availability, grid interconnectivity, and energy efficiency. The market is projected to experience significant growth from 2026 to 2032, fueled by advances in custom AI accelerators and silicon photonics, while emphasizing environmentally responsible infrastructure and clean energy solutions.",NVIDIA Corporation,NVDA.US,stock,,,,2026-07-03T11:58:00+00:00,GlobeNewswire,press_release,https://www.globenewswire.com/news-release/2026/07/03/3321812/28124/en/Hyperscalers-and-Sovereign-Initiatives-Driving-Forces-Behind-AI-Data-Center-Expansion.html
Private AI mega-rounds,AI startup mega funding rounds,1,0.743,Together AI raises $800 million at $8.3 billion valuation,"Together AI has raised $800 million in a Series C funding round led by Aramco Ventures, more than doubling the artificial intelligence startup's valuation to $8.3 billion. The round included participation from Vista Equity Partners, General Catalyst, Emergence Capital, Nvidia, Salesforce Ventures, March Capital, Pegatron, and SentinelOne's S Ventures. The company was previously valued at $3.3 billion in a February 2025 funding round led by General Catalyst, which had more than doubled its earlier $1.25 billion valuation from March 2024. Together AI plans to use the new funding to widen its offerings as it expands into inference, the process of running trained AI models. The startup's annual bookings crossed $1.15 billion last quarter, and it expects its computing capacity and infrastructure to expand roughly 50-fold over the next five years.","Together AI, Inc.",,private,pos,capital,"Raised $800M at $8.3B valuation, more than doubling from prior round.",2026-07-01T16:05:22+00:00,Reuters,wire,https://finance.yahoo.com/technology/ai/articles/together-ai-raises-800-million-160522664.html
Private AI mega-rounds,AI startup mega funding rounds,1,0.743,Together AI raises $800 million at $8.3 billion valuation,"Together AI has raised $800 million in a Series C funding round led by Aramco Ventures, more than doubling the artificial intelligence startup's valuation to $8.3 billion. The round included participation from Vista Equity Partners, General Catalyst, Emergence Capital, Nvidia, Salesforce Ventures, March Capital, Pegatron, and SentinelOne's S Ventures. The company was previously valued at $3.3 billion in a February 2025 funding round led by General Catalyst, which had more than doubled its earlier $1.25 billion valuation from March 2024. Together AI plans to use the new funding to widen its offerings as it expands into inference, the process of running trained AI models. The startup's annual bookings crossed $1.15 billion last quarter, and it expects its computing capacity and infrastructure to expand roughly 50-fold over the next five years.",Aramco Ventures,,private,,,,2026-07-01T16:05:22+00:00,Reuters,wire,https://finance.yahoo.com/technology/ai/articles/together-ai-raises-800-million-160522664.html
Private AI mega-rounds,AI startup mega funding rounds,1,0.743,Together AI raises $800 million at $8.3 billion valuation,"Together AI has raised $800 million in a Series C funding round led by Aramco Ventures, more than doubling the artificial intelligence startup's valuation to $8.3 billion. The round included participation from Vista Equity Partners, General Catalyst, Emergence Capital, Nvidia, Salesforce Ventures, March Capital, Pegatron, and SentinelOne's S Ventures. The company was previously valued at $3.3 billion in a February 2025 funding round led by General Catalyst, which had more than doubled its earlier $1.25 billion valuation from March 2024. Together AI plans to use the new funding to widen its offerings as it expands into inference, the process of running trained AI models. The startup's annual bookings crossed $1.15 billion last quarter, and it expects its computing capacity and infrastructure to expand roughly 50-fold over the next five years.",Emergence Capital Partners,,private,,,,2026-07-01T16:05:22+00:00,Reuters,wire,https://finance.yahoo.com/technology/ai/articles/together-ai-raises-800-million-160522664.html
Private AI mega-rounds,AI startup mega funding rounds,1,0.743,Together AI raises $800 million at $8.3 billion valuation,"Together AI has raised $800 million in a Series C funding round led by Aramco Ventures, more than doubling the artificial intelligence startup's valuation to $8.3 billion. The round included participation from Vista Equity Partners, General Catalyst, Emergence Capital, Nvidia, Salesforce Ventures, March Capital, Pegatron, and SentinelOne's S Ventures. The company was previously valued at $3.3 billion in a February 2025 funding round led by General Catalyst, which had more than doubled its earlier $1.25 billion valuation from March 2024. Together AI plans to use the new funding to widen its offerings as it expands into inference, the process of running trained AI models. The startup's annual bookings crossed $1.15 billion last quarter, and it expects its computing capacity and infrastructure to expand roughly 50-fold over the next five years.",General Catalyst,,private,,,,2026-07-01T16:05:22+00:00,Reuters,wire,https://finance.yahoo.com/technology/ai/articles/together-ai-raises-800-million-160522664.html
Private AI mega-rounds,AI startup mega funding rounds,1,0.743,Together AI raises $800 million at $8.3 billion valuation,"Together AI has raised $800 million in a Series C funding round led by Aramco Ventures, more than doubling the artificial intelligence startup's valuation to $8.3 billion. The round included participation from Vista Equity Partners, General Catalyst, Emergence Capital, Nvidia, Salesforce Ventures, March Capital, Pegatron, and SentinelOne's S Ventures. The company was previously valued at $3.3 billion in a February 2025 funding round led by General Catalyst, which had more than doubled its earlier $1.25 billion valuation from March 2024. Together AI plans to use the new funding to widen its offerings as it expands into inference, the process of running trained AI models. The startup's annual bookings crossed $1.15 billion last quarter, and it expects its computing capacity and infrastructure to expand roughly 50-fold over the next five years.",March Capital,,private,,,,2026-07-01T16:05:22+00:00,Reuters,wire,https://finance.yahoo.com/technology/ai/articles/together-ai-raises-800-million-160522664.html
Private AI mega-rounds,AI startup mega funding rounds,1,0.743,Together AI raises $800 million at $8.3 billion valuation,"Together AI has raised $800 million in a Series C funding round led by Aramco Ventures, more than doubling the artificial intelligence startup's valuation to $8.3 billion. The round included participation from Vista Equity Partners, General Catalyst, Emergence Capital, Nvidia, Salesforce Ventures, March Capital, Pegatron, and SentinelOne's S Ventures. The company was previously valued at $3.3 billion in a February 2025 funding round led by General Catalyst, which had more than doubled its earlier $1.25 billion valuation from March 2024. Together AI plans to use the new funding to widen its offerings as it expands into inference, the process of running trained AI models. The startup's annual bookings crossed $1.15 billion last quarter, and it expects its computing capacity and infrastructure to expand roughly 50-fold over the next five years.",NVIDIA Corporation,NVDA.US,stock,,,,2026-07-01T16:05:22+00:00,Reuters,wire,https://finance.yahoo.com/technology/ai/articles/together-ai-raises-800-million-160522664.html
Private AI mega-rounds,AI startup mega funding rounds,1,0.743,Together AI raises $800 million at $8.3 billion valuation,"Together AI has raised $800 million in a Series C funding round led by Aramco Ventures, more than doubling the artificial intelligence startup's valuation to $8.3 billion. The round included participation from Vista Equity Partners, General Catalyst, Emergence Capital, Nvidia, Salesforce Ventures, March Capital, Pegatron, and SentinelOne's S Ventures. The company was previously valued at $3.3 billion in a February 2025 funding round led by General Catalyst, which had more than doubled its earlier $1.25 billion valuation from March 2024. Together AI plans to use the new funding to widen its offerings as it expands into inference, the process of running trained AI models. The startup's annual bookings crossed $1.15 billion last quarter, and it expects its computing capacity and infrastructure to expand roughly 50-fold over the next five years.",Pegatron Corp,4938.TW,stock,,,,2026-07-01T16:05:22+00:00,Reuters,wire,https://finance.yahoo.com/technology/ai/articles/together-ai-raises-800-million-160522664.html
Private AI mega-rounds,AI startup mega funding rounds,1,0.743,Together AI raises $800 million at $8.3 billion valuation,"Together AI has raised $800 million in a Series C funding round led by Aramco Ventures, more than doubling the artificial intelligence startup's valuation to $8.3 billion. The round included participation from Vista Equity Partners, General Catalyst, Emergence Capital, Nvidia, Salesforce Ventures, March Capital, Pegatron, and SentinelOne's S Ventures. The company was previously valued at $3.3 billion in a February 2025 funding round led by General Catalyst, which had more than doubled its earlier $1.25 billion valuation from March 2024. Together AI plans to use the new funding to widen its offerings as it expands into inference, the process of running trained AI models. The startup's annual bookings crossed $1.15 billion last quarter, and it expects its computing capacity and infrastructure to expand roughly 50-fold over the next five years.",Salesforce Ventures,,private,,,,2026-07-01T16:05:22+00:00,Reuters,wire,https://finance.yahoo.com/technology/ai/articles/together-ai-raises-800-million-160522664.html
Private AI mega-rounds,AI startup mega funding rounds,1,0.743,Together AI raises $800 million at $8.3 billion valuation,"Together AI has raised $800 million in a Series C funding round led by Aramco Ventures, more than doubling the artificial intelligence startup's valuation to $8.3 billion. The round included participation from Vista Equity Partners, General Catalyst, Emergence Capital, Nvidia, Salesforce Ventures, March Capital, Pegatron, and SentinelOne's S Ventures. The company was previously valued at $3.3 billion in a February 2025 funding round led by General Catalyst, which had more than doubled its earlier $1.25 billion valuation from March 2024. Together AI plans to use the new funding to widen its offerings as it expands into inference, the process of running trained AI models. The startup's annual bookings crossed $1.15 billion last quarter, and it expects its computing capacity and infrastructure to expand roughly 50-fold over the next five years.",SentinelOne Inc,S.US,stock,,,,2026-07-01T16:05:22+00:00,Reuters,wire,https://finance.yahoo.com/technology/ai/articles/together-ai-raises-800-million-160522664.html
Private AI mega-rounds,AI startup mega funding rounds,1,0.743,Together AI raises $800 million at $8.3 billion valuation,"Together AI has raised $800 million in a Series C funding round led by Aramco Ventures, more than doubling the artificial intelligence startup's valuation to $8.3 billion. The round included participation from Vista Equity Partners, General Catalyst, Emergence Capital, Nvidia, Salesforce Ventures, March Capital, Pegatron, and SentinelOne's S Ventures. The company was previously valued at $3.3 billion in a February 2025 funding round led by General Catalyst, which had more than doubled its earlier $1.25 billion valuation from March 2024. Together AI plans to use the new funding to widen its offerings as it expands into inference, the process of running trained AI models. The startup's annual bookings crossed $1.15 billion last quarter, and it expects its computing capacity and infrastructure to expand roughly 50-fold over the next five years.",Vista Equity Partners,,private,,,,2026-07-01T16:05:22+00:00,Reuters,wire,https://finance.yahoo.com/technology/ai/articles/together-ai-raises-800-million-160522664.html
Private AI mega-rounds,AI startup mega funding rounds,2,0.723,Mistral AI closes €1.7 billion Series C at €11.7 billion valuation,"Mistral AI has closed a €1.7 billion Series C funding round led by Dutch semiconductor company ASML, valuing the French AI startup at €11.7 billion, or approximately $13.8 billion. ASML invested €1.3 billion as part of a new strategic partnership to explore AI models across its product portfolio and operations. The round also drew participation from existing backers including DST Global, Andreessen Horowitz, Bpifrance, General Catalyst, Index Ventures, Lightspeed, and NVIDIA. Mistral AI, founded in 2023 by former researchers from Google DeepMind and Meta, develops the Le Chat chatbot and a suite of foundational models, and has raised around €1 billion in prior funding rounds. The company has stated it is not for sale and that an IPO is the plan.",Mistral AI,,private,pos,capital,"Mistral AI closed a €1.7B Series C at a €11.7B valuation, a major fundraising success that strengthens its financial position.",2026-07-04T15:51:32+00:00,TechCrunch,media,https://finance.yahoo.com/technology/ai/articles/mistral-ai-everything-know-openai-194318445.html
Private AI mega-rounds,AI startup mega funding rounds,2,0.723,Mistral AI closes €1.7 billion Series C at €11.7 billion valuation,"Mistral AI has closed a €1.7 billion Series C funding round led by Dutch semiconductor company ASML, valuing the French AI startup at €11.7 billion, or approximately $13.8 billion. ASML invested €1.3 billion as part of a new strategic partnership to explore AI models across its product portfolio and operations. The round also drew participation from existing backers including DST Global, Andreessen Horowitz, Bpifrance, General Catalyst, Index Ventures, Lightspeed, and NVIDIA. Mistral AI, founded in 2023 by former researchers from Google DeepMind and Meta, develops the Le Chat chatbot and a suite of foundational models, and has raised around €1 billion in prior funding rounds. The company has stated it is not for sale and that an IPO is the plan.",ASML Holding N.V.,ASML.AS,stock,pos,capital,"ASML led the €1.7B Series C round with a €1.3B investment, forming a strategic partnership to explore AI models, which is a positive capital deployment and partnership signal.",2026-07-04T15:51:32+00:00,TechCrunch,media,https://finance.yahoo.com/technology/ai/articles/mistral-ai-everything-know-openai-194318445.html
Private AI mega-rounds,AI startup mega funding rounds,2,0.723,Mistral AI closes €1.7 billion Series C at €11.7 billion valuation,"Mistral AI has closed a €1.7 billion Series C funding round led by Dutch semiconductor company ASML, valuing the French AI startup at €11.7 billion, or approximately $13.8 billion. ASML invested €1.3 billion as part of a new strategic partnership to explore AI models across its product portfolio and operations. The round also drew participation from existing backers including DST Global, Andreessen Horowitz, Bpifrance, General Catalyst, Index Ventures, Lightspeed, and NVIDIA. Mistral AI, founded in 2023 by former researchers from Google DeepMind and Meta, develops the Le Chat chatbot and a suite of foundational models, and has raised around €1 billion in prior funding rounds. The company has stated it is not for sale and that an IPO is the plan.",Andreessen Horowitz,,private,,,,2026-07-04T15:51:32+00:00,TechCrunch,media,https://finance.yahoo.com/technology/ai/articles/mistral-ai-everything-know-openai-194318445.html
Private AI mega-rounds,AI startup mega funding rounds,2,0.723,Mistral AI closes €1.7 billion Series C at €11.7 billion valuation,"Mistral AI has closed a €1.7 billion Series C funding round led by Dutch semiconductor company ASML, valuing the French AI startup at €11.7 billion, or approximately $13.8 billion. ASML invested €1.3 billion as part of a new strategic partnership to explore AI models across its product portfolio and operations. The round also drew participation from existing backers including DST Global, Andreessen Horowitz, Bpifrance, General Catalyst, Index Ventures, Lightspeed, and NVIDIA. Mistral AI, founded in 2023 by former researchers from Google DeepMind and Meta, develops the Le Chat chatbot and a suite of foundational models, and has raised around €1 billion in prior funding rounds. The company has stated it is not for sale and that an IPO is the plan.",Bpifrance,,private,,,,2026-07-04T15:51:32+00:00,TechCrunch,media,https://finance.yahoo.com/technology/ai/articles/mistral-ai-everything-know-openai-194318445.html
Private AI mega-rounds,AI startup mega funding rounds,2,0.723,Mistral AI closes €1.7 billion Series C at €11.7 billion valuation,"Mistral AI has closed a €1.7 billion Series C funding round led by Dutch semiconductor company ASML, valuing the French AI startup at €11.7 billion, or approximately $13.8 billion. ASML invested €1.3 billion as part of a new strategic partnership to explore AI models across its product portfolio and operations. The round also drew participation from existing backers including DST Global, Andreessen Horowitz, Bpifrance, General Catalyst, Index Ventures, Lightspeed, and NVIDIA. Mistral AI, founded in 2023 by former researchers from Google DeepMind and Meta, develops the Le Chat chatbot and a suite of foundational models, and has raised around €1 billion in prior funding rounds. The company has stated it is not for sale and that an IPO is the plan.",CTO Realty Growth Inc,CTO.US,stock,,,,2026-07-04T15:51:32+00:00,TechCrunch,media,https://finance.yahoo.com/technology/ai/articles/mistral-ai-everything-know-openai-194318445.html
Private AI mega-rounds,AI startup mega funding rounds,2,0.723,Mistral AI closes €1.7 billion Series C at €11.7 billion valuation,"Mistral AI has closed a €1.7 billion Series C funding round led by Dutch semiconductor company ASML, valuing the French AI startup at €11.7 billion, or approximately $13.8 billion. ASML invested €1.3 billion as part of a new strategic partnership to explore AI models across its product portfolio and operations. The round also drew participation from existing backers including DST Global, Andreessen Horowitz, Bpifrance, General Catalyst, Index Ventures, Lightspeed, and NVIDIA. Mistral AI, founded in 2023 by former researchers from Google DeepMind and Meta, develops the Le Chat chatbot and a suite of foundational models, and has raised around €1 billion in prior funding rounds. The company has stated it is not for sale and that an IPO is the plan.",DST Global,,private,,,,2026-07-04T15:51:32+00:00,TechCrunch,media,https://finance.yahoo.com/technology/ai/articles/mistral-ai-everything-know-openai-194318445.html
Private AI mega-rounds,AI startup mega funding rounds,2,0.723,Mistral AI closes €1.7 billion Series C at €11.7 billion valuation,"Mistral AI has closed a €1.7 billion Series C funding round led by Dutch semiconductor company ASML, valuing the French AI startup at €11.7 billion, or approximately $13.8 billion. ASML invested €1.3 billion as part of a new strategic partnership to explore AI models across its product portfolio and operations. The round also drew participation from existing backers including DST Global, Andreessen Horowitz, Bpifrance, General Catalyst, Index Ventures, Lightspeed, and NVIDIA. Mistral AI, founded in 2023 by former researchers from Google DeepMind and Meta, develops the Le Chat chatbot and a suite of foundational models, and has raised around €1 billion in prior funding rounds. The company has stated it is not for sale and that an IPO is the plan.",General Catalyst,,private,,,,2026-07-04T15:51:32+00:00,TechCrunch,media,https://finance.yahoo.com/technology/ai/articles/mistral-ai-everything-know-openai-194318445.html
Private AI mega-rounds,AI startup mega funding rounds,2,0.723,Mistral AI closes €1.7 billion Series C at €11.7 billion valuation,"Mistral AI has closed a €1.7 billion Series C funding round led by Dutch semiconductor company ASML, valuing the French AI startup at €11.7 billion, or approximately $13.8 billion. ASML invested €1.3 billion as part of a new strategic partnership to explore AI models across its product portfolio and operations. The round also drew participation from existing backers including DST Global, Andreessen Horowitz, Bpifrance, General Catalyst, Index Ventures, Lightspeed, and NVIDIA. Mistral AI, founded in 2023 by former researchers from Google DeepMind and Meta, develops the Le Chat chatbot and a suite of foundational models, and has raised around €1 billion in prior funding rounds. The company has stated it is not for sale and that an IPO is the plan.",Index Ventures,,private,,,,2026-07-04T15:51:32+00:00,TechCrunch,media,https://finance.yahoo.com/technology/ai/articles/mistral-ai-everything-know-openai-194318445.html
Private AI mega-rounds,AI startup mega funding rounds,2,0.723,Mistral AI closes €1.7 billion Series C at €11.7 billion valuation,"Mistral AI has closed a €1.7 billion Series C funding round led by Dutch semiconductor company ASML, valuing the French AI startup at €11.7 billion, or approximately $13.8 billion. ASML invested €1.3 billion as part of a new strategic partnership to explore AI models across its product portfolio and operations. The round also drew participation from existing backers including DST Global, Andreessen Horowitz, Bpifrance, General Catalyst, Index Ventures, Lightspeed, and NVIDIA. Mistral AI, founded in 2023 by former researchers from Google DeepMind and Meta, develops the Le Chat chatbot and a suite of foundational models, and has raised around €1 billion in prior funding rounds. The company has stated it is not for sale and that an IPO is the plan.",International Business Machines,IBM.US,stock,,,,2026-07-04T15:51:32+00:00,TechCrunch,media,https://finance.yahoo.com/technology/ai/articles/mistral-ai-everything-know-openai-194318445.html
Private AI mega-rounds,AI startup mega funding rounds,2,0.723,Mistral AI closes €1.7 billion Series C at €11.7 billion valuation,"Mistral AI has closed a €1.7 billion Series C funding round led by Dutch semiconductor company ASML, valuing the French AI startup at €11.7 billion, or approximately $13.8 billion. ASML invested €1.3 billion as part of a new strategic partnership to explore AI models across its product portfolio and operations. The round also drew participation from existing backers including DST Global, Andreessen Horowitz, Bpifrance, General Catalyst, Index Ventures, Lightspeed, and NVIDIA. Mistral AI, founded in 2023 by former researchers from Google DeepMind and Meta, develops the Le Chat chatbot and a suite of foundational models, and has raised around €1 billion in prior funding rounds. The company has stated it is not for sale and that an IPO is the plan.",Lightspeed Commerce Inc,LSPD.US,stock,,,,2026-07-04T15:51:32+00:00,TechCrunch,media,https://finance.yahoo.com/technology/ai/articles/mistral-ai-everything-know-openai-194318445.html
Private AI mega-rounds,AI startup mega funding rounds,2,0.723,Mistral AI closes €1.7 billion Series C at €11.7 billion valuation,"Mistral AI has closed a €1.7 billion Series C funding round led by Dutch semiconductor company ASML, valuing the French AI startup at €11.7 billion, or approximately $13.8 billion. ASML invested €1.3 billion as part of a new strategic partnership to explore AI models across its product portfolio and operations. The round also drew participation from existing backers including DST Global, Andreessen Horowitz, Bpifrance, General Catalyst, Index Ventures, Lightspeed, and NVIDIA. Mistral AI, founded in 2023 by former researchers from Google DeepMind and Meta, develops the Le Chat chatbot and a suite of foundational models, and has raised around €1 billion in prior funding rounds. The company has stated it is not for sale and that an IPO is the plan.",Meta Platforms Inc.,META.US,stock,,,,2026-07-04T15:51:32+00:00,TechCrunch,media,https://finance.yahoo.com/technology/ai/articles/mistral-ai-everything-know-openai-194318445.html
Private AI mega-rounds,AI startup mega funding rounds,2,0.723,Mistral AI closes €1.7 billion Series C at €11.7 billion valuation,"Mistral AI has closed a €1.7 billion Series C funding round led by Dutch semiconductor company ASML, valuing the French AI startup at €11.7 billion, or approximately $13.8 billion. ASML invested €1.3 billion as part of a new strategic partnership to explore AI models across its product portfolio and operations. The round also drew participation from existing backers including DST Global, Andreessen Horowitz, Bpifrance, General Catalyst, Index Ventures, Lightspeed, and NVIDIA. Mistral AI, founded in 2023 by former researchers from Google DeepMind and Meta, develops the Le Chat chatbot and a suite of foundational models, and has raised around €1 billion in prior funding rounds. The company has stated it is not for sale and that an IPO is the plan.",NVIDIA Corporation,NVDA.US,stock,,,,2026-07-04T15:51:32+00:00,TechCrunch,media,https://finance.yahoo.com/technology/ai/articles/mistral-ai-everything-know-openai-194318445.html
Private AI mega-rounds,AI startup mega funding rounds,3,0.718,Oxmiq raises $35 million to build chip architecture lowering AI costs,"Artificial intelligence startup Oxmiq has raised $35 million from investors to develop chip design architecture and software aimed at reducing the cost of building and running AI applications. The company plans to combine three distinct components of an AI system—graphics chips, central processors, and a tensor engine—into a single block of intellectual property that it can license. CEO Raja Koduri said Oxmiq also intends to create a computing fabric that integrates chiplets and memory within one package, and will enter the custom chip market. The funding will be used to complete its first batch of IP and hire more engineers. The round was led by Samsung Catalyst Fund and Fudomo, with participation from MediaTek and Pegatron Venture Capital, bringing total funding to $60 million.",Oxmiq Labs,,private,pos,capital,Raised $35 million in funding to develop chip architecture and software.,2026-07-01T13:17:35+00:00,Reuters,wire,https://finance.yahoo.com/technology/ai/articles/startup-oxmiq-raises-35-million-131735274.html
Private AI mega-rounds,AI startup mega funding rounds,3,0.718,Oxmiq raises $35 million to build chip architecture lowering AI costs,"Artificial intelligence startup Oxmiq has raised $35 million from investors to develop chip design architecture and software aimed at reducing the cost of building and running AI applications. The company plans to combine three distinct components of an AI system—graphics chips, central processors, and a tensor engine—into a single block of intellectual property that it can license. CEO Raja Koduri said Oxmiq also intends to create a computing fabric that integrates chiplets and memory within one package, and will enter the custom chip market. The funding will be used to complete its first batch of IP and hire more engineers. The round was led by Samsung Catalyst Fund and Fudomo, with participation from MediaTek and Pegatron Venture Capital, bringing total funding to $60 million.",Advanced Micro Devices Inc,AMD.US,stock,,,,2026-07-01T13:17:35+00:00,Reuters,wire,https://finance.yahoo.com/technology/ai/articles/startup-oxmiq-raises-35-million-131735274.html
Private AI mega-rounds,AI startup mega funding rounds,3,0.718,Oxmiq raises $35 million to build chip architecture lowering AI costs,"Artificial intelligence startup Oxmiq has raised $35 million from investors to develop chip design architecture and software aimed at reducing the cost of building and running AI applications. The company plans to combine three distinct components of an AI system—graphics chips, central processors, and a tensor engine—into a single block of intellectual property that it can license. CEO Raja Koduri said Oxmiq also intends to create a computing fabric that integrates chiplets and memory within one package, and will enter the custom chip market. The funding will be used to complete its first batch of IP and hire more engineers. The round was led by Samsung Catalyst Fund and Fudomo, with participation from MediaTek and Pegatron Venture Capital, bringing total funding to $60 million.",Broadcom Inc,AVGO.US,stock,,,,2026-07-01T13:17:35+00:00,Reuters,wire,https://finance.yahoo.com/technology/ai/articles/startup-oxmiq-raises-35-million-131735274.html
Private AI mega-rounds,AI startup mega funding rounds,3,0.718,Oxmiq raises $35 million to build chip architecture lowering AI costs,"Artificial intelligence startup Oxmiq has raised $35 million from investors to develop chip design architecture and software aimed at reducing the cost of building and running AI applications. The company plans to combine three distinct components of an AI system—graphics chips, central processors, and a tensor engine—into a single block of intellectual property that it can license. CEO Raja Koduri said Oxmiq also intends to create a computing fabric that integrates chiplets and memory within one package, and will enter the custom chip market. The funding will be used to complete its first batch of IP and hire more engineers. The round was led by Samsung Catalyst Fund and Fudomo, with participation from MediaTek and Pegatron Venture Capital, bringing total funding to $60 million.",Marvell Technology Group Ltd,MRVL.US,stock,,,,2026-07-01T13:17:35+00:00,Reuters,wire,https://finance.yahoo.com/technology/ai/articles/startup-oxmiq-raises-35-million-131735274.html
Private AI mega-rounds,AI startup mega funding rounds,3,0.718,Oxmiq raises $35 million to build chip architecture lowering AI costs,"Artificial intelligence startup Oxmiq has raised $35 million from investors to develop chip design architecture and software aimed at reducing the cost of building and running AI applications. The company plans to combine three distinct components of an AI system—graphics chips, central processors, and a tensor engine—into a single block of intellectual property that it can license. CEO Raja Koduri said Oxmiq also intends to create a computing fabric that integrates chiplets and memory within one package, and will enter the custom chip market. The funding will be used to complete its first batch of IP and hire more engineers. The round was led by Samsung Catalyst Fund and Fudomo, with participation from MediaTek and Pegatron Venture Capital, bringing total funding to $60 million.",MediaTek Inc,2454.TW,stock,,,,2026-07-01T13:17:35+00:00,Reuters,wire,https://finance.yahoo.com/technology/ai/articles/startup-oxmiq-raises-35-million-131735274.html
Private AI mega-rounds,AI startup mega funding rounds,3,0.718,Oxmiq raises $35 million to build chip architecture lowering AI costs,"Artificial intelligence startup Oxmiq has raised $35 million from investors to develop chip design architecture and software aimed at reducing the cost of building and running AI applications. The company plans to combine three distinct components of an AI system—graphics chips, central processors, and a tensor engine—into a single block of intellectual property that it can license. CEO Raja Koduri said Oxmiq also intends to create a computing fabric that integrates chiplets and memory within one package, and will enter the custom chip market. The funding will be used to complete its first batch of IP and hire more engineers. The round was led by Samsung Catalyst Fund and Fudomo, with participation from MediaTek and Pegatron Venture Capital, bringing total funding to $60 million.",Pegatron Corp,4938.TW,stock,,,,2026-07-01T13:17:35+00:00,Reuters,wire,https://finance.yahoo.com/technology/ai/articles/startup-oxmiq-raises-35-million-131735274.html
Private AI mega-rounds,AI startup mega funding rounds,4,0.706,Anthropic Could Become the Most Valuable Software Company in History,"Anthropic has confidentially filed for an initial public offering, potentially becoming the largest software IPO in history after a recent funding round valued the company at $965 billion. Amazon has invested approximately $13 billion to date with plans for up to $20 billion more, and its stake could now exceed $100 billion. Alphabet owns an estimated 14% stake worth roughly $135 billion, and Anthropic has committed to spending $200 billion on Google's cloud services and TPU chips over five years. Salesforce has built a stake worth approximately $5 billion, while Nvidia and Microsoft have also invested up to $10 billion and $5 billion respectively, forming equity-tied relationships with the AI company.",Anthropic,,private,pos,capital,Anthropic's confidential IPO filing and massive valuation ($965B) are positive capital events.,2026-06-28T14:50:00+00:00,The Motley Fool,media,https://www.nasdaq.com/articles/anthropic-could-become-most-valuable-software-company-history-these-stocks-have-exposure
Private AI mega-rounds,AI startup mega funding rounds,4,0.706,Anthropic Could Become the Most Valuable Software Company in History,"Anthropic has confidentially filed for an initial public offering, potentially becoming the largest software IPO in history after a recent funding round valued the company at $965 billion. Amazon has invested approximately $13 billion to date with plans for up to $20 billion more, and its stake could now exceed $100 billion. Alphabet owns an estimated 14% stake worth roughly $135 billion, and Anthropic has committed to spending $200 billion on Google's cloud services and TPU chips over five years. Salesforce has built a stake worth approximately $5 billion, while Nvidia and Microsoft have also invested up to $10 billion and $5 billion respectively, forming equity-tied relationships with the AI company.",Alphabet Inc Class A,GOOGL.US,stock,pos,capital,Alphabet's 14% stake worth ~$135B and $200B cloud/TPU deal with Anthropic.,2026-06-28T14:50:00+00:00,The Motley Fool,media,https://www.nasdaq.com/articles/anthropic-could-become-most-valuable-software-company-history-these-stocks-have-exposure
Private AI mega-rounds,AI startup mega funding rounds,4,0.706,Anthropic Could Become the Most Valuable Software Company in History,"Anthropic has confidentially filed for an initial public offering, potentially becoming the largest software IPO in history after a recent funding round valued the company at $965 billion. Amazon has invested approximately $13 billion to date with plans for up to $20 billion more, and its stake could now exceed $100 billion. Alphabet owns an estimated 14% stake worth roughly $135 billion, and Anthropic has committed to spending $200 billion on Google's cloud services and TPU chips over five years. Salesforce has built a stake worth approximately $5 billion, while Nvidia and Microsoft have also invested up to $10 billion and $5 billion respectively, forming equity-tied relationships with the AI company.",Amazon.com Inc,AMZN.US,stock,pos,capital,"Amazon's $13B investment in Anthropic could become worth over $100B, a massive financial gain.",2026-06-28T14:50:00+00:00,The Motley Fool,media,https://www.nasdaq.com/articles/anthropic-could-become-most-valuable-software-company-history-these-stocks-have-exposure
Private AI mega-rounds,AI startup mega funding rounds,4,0.706,Anthropic Could Become the Most Valuable Software Company in History,"Anthropic has confidentially filed for an initial public offering, potentially becoming the largest software IPO in history after a recent funding round valued the company at $965 billion. Amazon has invested approximately $13 billion to date with plans for up to $20 billion more, and its stake could now exceed $100 billion. Alphabet owns an estimated 14% stake worth roughly $135 billion, and Anthropic has committed to spending $200 billion on Google's cloud services and TPU chips over five years. Salesforce has built a stake worth approximately $5 billion, while Nvidia and Microsoft have also invested up to $10 billion and $5 billion respectively, forming equity-tied relationships with the AI company.",Microsoft Corporation,MSFT.US,stock,pos,capital,Microsoft's $5B investment in Anthropic likely to yield substantial returns.,2026-06-28T14:50:00+00:00,The Motley Fool,media,https://www.nasdaq.com/articles/anthropic-could-become-most-valuable-software-company-history-these-stocks-have-exposure
Private AI mega-rounds,AI startup mega funding rounds,4,0.706,Anthropic Could Become the Most Valuable Software Company in History,"Anthropic has confidentially filed for an initial public offering, potentially becoming the largest software IPO in history after a recent funding round valued the company at $965 billion. Amazon has invested approximately $13 billion to date with plans for up to $20 billion more, and its stake could now exceed $100 billion. Alphabet owns an estimated 14% stake worth roughly $135 billion, and Anthropic has committed to spending $200 billion on Google's cloud services and TPU chips over five years. Salesforce has built a stake worth approximately $5 billion, while Nvidia and Microsoft have also invested up to $10 billion and $5 billion respectively, forming equity-tied relationships with the AI company.",Salesforce.com Inc,CRM.US,stock,pos,capital,Salesforce's $5B stake in Anthropic is likely to appreciate significantly.,2026-06-28T14:50:00+00:00,The Motley Fool,media,https://www.nasdaq.com/articles/anthropic-could-become-most-valuable-software-company-history-these-stocks-have-exposure
Private AI mega-rounds,AI startup mega funding rounds,4,0.706,Anthropic Could Become the Most Valuable Software Company in History,"Anthropic has confidentially filed for an initial public offering, potentially becoming the largest software IPO in history after a recent funding round valued the company at $965 billion. Amazon has invested approximately $13 billion to date with plans for up to $20 billion more, and its stake could now exceed $100 billion. Alphabet owns an estimated 14% stake worth roughly $135 billion, and Anthropic has committed to spending $200 billion on Google's cloud services and TPU chips over five years. Salesforce has built a stake worth approximately $5 billion, while Nvidia and Microsoft have also invested up to $10 billion and $5 billion respectively, forming equity-tied relationships with the AI company.",NVIDIA Corporation,NVDA.US,stock,pos,capital,"Nvidia's up to $10B investment in Anthropic, a positive financial stake.",2026-06-28T14:50:00+00:00,The Motley Fool,media,https://www.nasdaq.com/articles/anthropic-could-become-most-valuable-software-company-history-these-stocks-have-exposure
Private AI mega-rounds,AI startup mega funding rounds,5,0.705,Ardian leads investment in French AI chip startup VSORA,"French semiconductor company VSORA has strengthened its funding round with an investment led by Ardian, alongside existing shareholder Otium and XAnge. The round also includes NJJ Capital, Capgemini through its ISAI Cap Venture fund, data center operator CloudHQ, and German federal agency SPRIND, with continued support from the European Innovation Council Fund, Omnes Capital, and Critical Path. This interim funding will accelerate commercialization of VSORA's AI inference processor, Jotunn8, which is entering manufacturing after a successful tape-out in 2025. The company is preparing a larger financing round in 2027 to support international expansion.",VSORA,,private,pos,technology,VSORA receives funding to accelerate commercialization of its Jotunn8 AI inference processor after successful tape-out.,2026-07-01T16:46:00+00:00,GlobeNewswire,press_release,https://www.globenewswire.com/news-release/2026/07/01/3320910/0/en/VSORA-enters-a-new-phase-as-Ardian-joins-its-shareholder-base.html
Private AI mega-rounds,AI startup mega funding rounds,5,0.705,Ardian leads investment in French AI chip startup VSORA,"French semiconductor company VSORA has strengthened its funding round with an investment led by Ardian, alongside existing shareholder Otium and XAnge. The round also includes NJJ Capital, Capgemini through its ISAI Cap Venture fund, data center operator CloudHQ, and German federal agency SPRIND, with continued support from the European Innovation Council Fund, Omnes Capital, and Critical Path. This interim funding will accelerate commercialization of VSORA's AI inference processor, Jotunn8, which is entering manufacturing after a successful tape-out in 2025. The company is preparing a larger financing round in 2027 to support international expansion.",Ardian,,private,pos,capital,"Ardian led the investment round in VSORA, a positive capital deployment.",2026-07-01T16:46:00+00:00,GlobeNewswire,press_release,https://www.globenewswire.com/news-release/2026/07/01/3320910/0/en/VSORA-enters-a-new-phase-as-Ardian-joins-its-shareholder-base.html
Private AI mega-rounds,AI startup mega funding rounds,5,0.705,Ardian leads investment in French AI chip startup VSORA,"French semiconductor company VSORA has strengthened its funding round with an investment led by Ardian, alongside existing shareholder Otium and XAnge. The round also includes NJJ Capital, Capgemini through its ISAI Cap Venture fund, data center operator CloudHQ, and German federal agency SPRIND, with continued support from the European Innovation Council Fund, Omnes Capital, and Critical Path. This interim funding will accelerate commercialization of VSORA's AI inference processor, Jotunn8, which is entering manufacturing after a successful tape-out in 2025. The company is preparing a larger financing round in 2027 to support international expansion.",CloudHQ,,private,pos,capital,"CloudHQ participated in the funding round, showing support for VSORA's AI inference processor.",2026-07-01T16:46:00+00:00,GlobeNewswire,press_release,https://www.globenewswire.com/news-release/2026/07/01/3320910/0/en/VSORA-enters-a-new-phase-as-Ardian-joins-its-shareholder-base.html
Private AI mega-rounds,AI startup mega funding rounds,5,0.705,Ardian leads investment in French AI chip startup VSORA,"French semiconductor company VSORA has strengthened its funding round with an investment led by Ardian, alongside existing shareholder Otium and XAnge. The round also includes NJJ Capital, Capgemini through its ISAI Cap Venture fund, data center operator CloudHQ, and German federal agency SPRIND, with continued support from the European Innovation Council Fund, Omnes Capital, and Critical Path. This interim funding will accelerate commercialization of VSORA's AI inference processor, Jotunn8, which is entering manufacturing after a successful tape-out in 2025. The company is preparing a larger financing round in 2027 to support international expansion.",Otium,,private,pos,capital,Otium is an existing shareholder; the investment strengthens its position in VSORA.,2026-07-01T16:46:00+00:00,GlobeNewswire,press_release,https://www.globenewswire.com/news-release/2026/07/01/3320910/0/en/VSORA-enters-a-new-phase-as-Ardian-joins-its-shareholder-base.html
Private AI mega-rounds,AI startup mega funding rounds,5,0.705,Ardian leads investment in French AI chip startup VSORA,"French semiconductor company VSORA has strengthened its funding round with an investment led by Ardian, alongside existing shareholder Otium and XAnge. The round also includes NJJ Capital, Capgemini through its ISAI Cap Venture fund, data center operator CloudHQ, and German federal agency SPRIND, with continued support from the European Innovation Council Fund, Omnes Capital, and Critical Path. This interim funding will accelerate commercialization of VSORA's AI inference processor, Jotunn8, which is entering manufacturing after a successful tape-out in 2025. The company is preparing a larger financing round in 2027 to support international expansion.",XAnge,,private,pos,capital,XAnge is an existing shareholder; the investment supports its portfolio company VSORA.,2026-07-01T16:46:00+00:00,GlobeNewswire,press_release,https://www.globenewswire.com/news-release/2026/07/01/3320910/0/en/VSORA-enters-a-new-phase-as-Ardian-joins-its-shareholder-base.html
Private AI mega-rounds,AI startup mega funding rounds,5,0.705,Ardian leads investment in French AI chip startup VSORA,"French semiconductor company VSORA has strengthened its funding round with an investment led by Ardian, alongside existing shareholder Otium and XAnge. The round also includes NJJ Capital, Capgemini through its ISAI Cap Venture fund, data center operator CloudHQ, and German federal agency SPRIND, with continued support from the European Innovation Council Fund, Omnes Capital, and Critical Path. This interim funding will accelerate commercialization of VSORA's AI inference processor, Jotunn8, which is entering manufacturing after a successful tape-out in 2025. The company is preparing a larger financing round in 2027 to support international expansion.",Capgemini SE,CAP.PA,stock,pos,capital,"Capgemini's ISAI Cap Venture fund participated in the investment round, indicating strategic interest in AI chip startup VSORA.",2026-07-01T16:46:00+00:00,GlobeNewswire,press_release,https://www.globenewswire.com/news-release/2026/07/01/3320910/0/en/VSORA-enters-a-new-phase-as-Ardian-joins-its-shareholder-base.html
Private AI mega-rounds,AI startup mega funding rounds,5,0.705,Ardian leads investment in French AI chip startup VSORA,"French semiconductor company VSORA has strengthened its funding round with an investment led by Ardian, alongside existing shareholder Otium and XAnge. The round also includes NJJ Capital, Capgemini through its ISAI Cap Venture fund, data center operator CloudHQ, and German federal agency SPRIND, with continued support from the European Innovation Council Fund, Omnes Capital, and Critical Path. This interim funding will accelerate commercialization of VSORA's AI inference processor, Jotunn8, which is entering manufacturing after a successful tape-out in 2025. The company is preparing a larger financing round in 2027 to support international expansion.",ISAI Cap Venture,,private,pos,capital,"ISAI Cap Venture, a Capgemini fund, invested in VSORA's funding round.",2026-07-01T16:46:00+00:00,GlobeNewswire,press_release,https://www.globenewswire.com/news-release/2026/07/01/3320910/0/en/VSORA-enters-a-new-phase-as-Ardian-joins-its-shareholder-base.html
Private AI mega-rounds,AI startup mega funding rounds,5,0.705,Ardian leads investment in French AI chip startup VSORA,"French semiconductor company VSORA has strengthened its funding round with an investment led by Ardian, alongside existing shareholder Otium and XAnge. The round also includes NJJ Capital, Capgemini through its ISAI Cap Venture fund, data center operator CloudHQ, and German federal agency SPRIND, with continued support from the European Innovation Council Fund, Omnes Capital, and Critical Path. This interim funding will accelerate commercialization of VSORA's AI inference processor, Jotunn8, which is entering manufacturing after a successful tape-out in 2025. The company is preparing a larger financing round in 2027 to support international expansion.",NJJ Capital,,private,pos,capital,NJJ Capital participated in the investment round for VSORA.,2026-07-01T16:46:00+00:00,GlobeNewswire,press_release,https://www.globenewswire.com/news-release/2026/07/01/3320910/0/en/VSORA-enters-a-new-phase-as-Ardian-joins-its-shareholder-base.html
Private AI mega-rounds,AI startup mega funding rounds,5,0.705,Ardian leads investment in French AI chip startup VSORA,"French semiconductor company VSORA has strengthened its funding round with an investment led by Ardian, alongside existing shareholder Otium and XAnge. The round also includes NJJ Capital, Capgemini through its ISAI Cap Venture fund, data center operator CloudHQ, and German federal agency SPRIND, with continued support from the European Innovation Council Fund, Omnes Capital, and Critical Path. This interim funding will accelerate commercialization of VSORA's AI inference processor, Jotunn8, which is entering manufacturing after a successful tape-out in 2025. The company is preparing a larger financing round in 2027 to support international expansion.",Omnes Capital,,private,ambiguous,capital,"Omnes Capital is mentioned as a continuing supporter, but no specific impact on its own business.",2026-07-01T16:46:00+00:00,GlobeNewswire,press_release,https://www.globenewswire.com/news-release/2026/07/01/3320910/0/en/VSORA-enters-a-new-phase-as-Ardian-joins-its-shareholder-base.html
Private AI mega-rounds,AI startup mega funding rounds,6,0.704,Appnigma AI Closes Pre-Seed Round Led by BetaBoom,"Appnigma AI has closed a pre-seed funding round led by BetaBoom, with participation from angel investors at Google and YouTube. The startup, founded by Sunny Chauhan and Amarjit Singh, uses artificial intelligence to build enterprise software integrations for platforms like Salesforce and HubSpot, reducing a process that traditionally costs $150,000 and takes six to eight months to under a week. The company has grown to nine employees and is relocating its headquarters from Yuba City, California, to San Francisco. Appnigma AI has already deployed its solution to companies that have collectively raised more than $100 million in funding, targeting a market it estimates at $13 billion.",Appnigma AI,,private,pos,capital,"Closed a pre-seed funding round led by BetaBoom, providing capital for growth.",2026-06-30T21:31:00+00:00,GlobeNewswire,press_release,https://www.globenewswire.com/news-release/2026/06/30/3320226/0/en/Appnigma-AI-Closes-Pre-Seed-Round-Led-by-BetaBoom.html
Private AI mega-rounds,AI startup mega funding rounds,6,0.704,Appnigma AI Closes Pre-Seed Round Led by BetaBoom,"Appnigma AI has closed a pre-seed funding round led by BetaBoom, with participation from angel investors at Google and YouTube. The startup, founded by Sunny Chauhan and Amarjit Singh, uses artificial intelligence to build enterprise software integrations for platforms like Salesforce and HubSpot, reducing a process that traditionally costs $150,000 and takes six to eight months to under a week. The company has grown to nine employees and is relocating its headquarters from Yuba City, California, to San Francisco. Appnigma AI has already deployed its solution to companies that have collectively raised more than $100 million in funding, targeting a market it estimates at $13 billion.",Beta Boom,,private,pos,capital,"Led the pre-seed round as an investor, positive for BetaBoom's investment portfolio.",2026-06-30T21:31:00+00:00,GlobeNewswire,press_release,https://www.globenewswire.com/news-release/2026/06/30/3320226/0/en/Appnigma-AI-Closes-Pre-Seed-Round-Led-by-BetaBoom.html
Private AI mega-rounds,AI startup mega funding rounds,6,0.704,Appnigma AI Closes Pre-Seed Round Led by BetaBoom,"Appnigma AI has closed a pre-seed funding round led by BetaBoom, with participation from angel investors at Google and YouTube. The startup, founded by Sunny Chauhan and Amarjit Singh, uses artificial intelligence to build enterprise software integrations for platforms like Salesforce and HubSpot, reducing a process that traditionally costs $150,000 and takes six to eight months to under a week. The company has grown to nine employees and is relocating its headquarters from Yuba City, California, to San Francisco. Appnigma AI has already deployed its solution to companies that have collectively raised more than $100 million in funding, targeting a market it estimates at $13 billion.",Alphabet Inc Class A,GOOGL.US,stock,,,,2026-06-30T21:31:00+00:00,GlobeNewswire,press_release,https://www.globenewswire.com/news-release/2026/06/30/3320226/0/en/Appnigma-AI-Closes-Pre-Seed-Round-Led-by-BetaBoom.html
Private AI mega-rounds,AI startup mega funding rounds,6,0.704,Appnigma AI Closes Pre-Seed Round Led by BetaBoom,"Appnigma AI has closed a pre-seed funding round led by BetaBoom, with participation from angel investors at Google and YouTube. The startup, founded by Sunny Chauhan and Amarjit Singh, uses artificial intelligence to build enterprise software integrations for platforms like Salesforce and HubSpot, reducing a process that traditionally costs $150,000 and takes six to eight months to under a week. The company has grown to nine employees and is relocating its headquarters from Yuba City, California, to San Francisco. Appnigma AI has already deployed its solution to companies that have collectively raised more than $100 million in funding, targeting a market it estimates at $13 billion.",HubSpot Inc,HUBS.US,stock,,,,2026-06-30T21:31:00+00:00,GlobeNewswire,press_release,https://www.globenewswire.com/news-release/2026/06/30/3320226/0/en/Appnigma-AI-Closes-Pre-Seed-Round-Led-by-BetaBoom.html
Private AI mega-rounds,AI startup mega funding rounds,6,0.704,Appnigma AI Closes Pre-Seed Round Led by BetaBoom,"Appnigma AI has closed a pre-seed funding round led by BetaBoom, with participation from angel investors at Google and YouTube. The startup, founded by Sunny Chauhan and Amarjit Singh, uses artificial intelligence to build enterprise software integrations for platforms like Salesforce and HubSpot, reducing a process that traditionally costs $150,000 and takes six to eight months to under a week. The company has grown to nine employees and is relocating its headquarters from Yuba City, California, to San Francisco. Appnigma AI has already deployed its solution to companies that have collectively raised more than $100 million in funding, targeting a market it estimates at $13 billion.",Salesforce.com Inc,CRM.US,stock,,,,2026-06-30T21:31:00+00:00,GlobeNewswire,press_release,https://www.globenewswire.com/news-release/2026/06/30/3320226/0/en/Appnigma-AI-Closes-Pre-Seed-Round-Led-by-BetaBoom.html
Private AI mega-rounds,AI startup mega funding rounds,7,0.699,OpenAI Reportedly Considers Delaying Its IPO to Next Year,"OpenAI is considering delaying its initial public offering until next year to pursue a $1 trillion valuation, according to The New York Times. The company behind ChatGPT confidentially filed with regulators weeks ago but did not set a date, and the potential delay comes as AI stocks face pressure and SpaceX shares have declined from their post-IPO peak. OpenAI completed a record $122 billion funding round in March, reaching an $852 billion valuation, and has received about $13 billion in investment from Microsoft. The broader AI market has seen periodic concerns over high spending and valuations, though demand for AI products remains strong.",OpenAI,,private,neg,capital,"OpenAI is considering delaying its IPO, which could signal uncertainty about its valuation and market conditions.",2026-06-28T23:30:00+00:00,The Motley Fool,media,https://www.nasdaq.com/articles/openai-reportedly-considers-delaying-its-ipo-should-you-worry-about-ai-stocks
Private AI mega-rounds,AI startup mega funding rounds,7,0.699,OpenAI Reportedly Considers Delaying Its IPO to Next Year,"OpenAI is considering delaying its initial public offering until next year to pursue a $1 trillion valuation, according to The New York Times. The company behind ChatGPT confidentially filed with regulators weeks ago but did not set a date, and the potential delay comes as AI stocks face pressure and SpaceX shares have declined from their post-IPO peak. OpenAI completed a record $122 billion funding round in March, reaching an $852 billion valuation, and has received about $13 billion in investment from Microsoft. The broader AI market has seen periodic concerns over high spending and valuations, though demand for AI products remains strong.",Microsoft Corporation,MSFT.US,stock,ambiguous,capital,"Microsoft is a major investor in OpenAI; a delay in OpenAI's IPO could affect its investment value, but the article does not specify impact on Microsoft.",2026-06-28T23:30:00+00:00,The Motley Fool,media,https://www.nasdaq.com/articles/openai-reportedly-considers-delaying-its-ipo-should-you-worry-about-ai-stocks
Private AI mega-rounds,AI startup mega funding rounds,7,0.699,OpenAI Reportedly Considers Delaying Its IPO to Next Year,"OpenAI is considering delaying its initial public offering until next year to pursue a $1 trillion valuation, according to The New York Times. The company behind ChatGPT confidentially filed with regulators weeks ago but did not set a date, and the potential delay comes as AI stocks face pressure and SpaceX shares have declined from their post-IPO peak. OpenAI completed a record $122 billion funding round in March, reaching an $852 billion valuation, and has received about $13 billion in investment from Microsoft. The broader AI market has seen periodic concerns over high spending and valuations, though demand for AI products remains strong.",Cerebras Systems Inc. Class A Common Stock,CBRS.US,stock,,,,2026-06-28T23:30:00+00:00,The Motley Fool,media,https://www.nasdaq.com/articles/openai-reportedly-considers-delaying-its-ipo-should-you-worry-about-ai-stocks
Private AI mega-rounds,AI startup mega funding rounds,7,0.699,OpenAI Reportedly Considers Delaying Its IPO to Next Year,"OpenAI is considering delaying its initial public offering until next year to pursue a $1 trillion valuation, according to The New York Times. The company behind ChatGPT confidentially filed with regulators weeks ago but did not set a date, and the potential delay comes as AI stocks face pressure and SpaceX shares have declined from their post-IPO peak. OpenAI completed a record $122 billion funding round in March, reaching an $852 billion valuation, and has received about $13 billion in investment from Microsoft. The broader AI market has seen periodic concerns over high spending and valuations, though demand for AI products remains strong.",Space Exploration Technologies Corp. Class A Common Stock,SPCX.US,stock,,,,2026-06-28T23:30:00+00:00,The Motley Fool,media,https://www.nasdaq.com/articles/openai-reportedly-considers-delaying-its-ipo-should-you-worry-about-ai-stocks
Frontier-lab model race,frontier AI model releases,1,0.737,HP Inc. launches Frontier strategic partnership with OpenAI,"HP Inc. announced a strategic partnership with OpenAI to integrate the Frontier platform across its global operations. The initiative aims to enhance customer-facing experiences and accelerate internal transformation, with plans to deploy AI-driven solutions in areas such as customer and partner support, telemetry insights via HP’s WXP solution, employee productivity, and software development. HP conducted an evaluation of Frontier starting in February 2026, assessing technical capabilities and strategic alignment, and has now committed to co-developing future use cases with OpenAI. The partnership is part of HP’s broader effort to shape the future of work by building agentic AI devices and leveraging its Workforce Experience Platform, recognized as a Leader in the 2026 Gartner Magic Quadrant for Digital Employee Experience Management Tools.",HP Inc,HPQ.US,stock,pos,technology,"HP launches strategic partnership with OpenAI to integrate Frontier platform, enhancing AI capabilities and customer experiences.",2026-06-29T00:00:00+00:00,GlobeNewswire,press_release,https://www.globenewswire.com/news-release/2026/06/29/3318623/0/en/HP-Inc-Launches-Frontier-Strategic-Partnership-with-OpenAI-to-Fuel-Customer-Facing-Experiences-and-Transform-Internal-Operations.html
Frontier-lab model race,frontier AI model releases,1,0.737,HP Inc. launches Frontier strategic partnership with OpenAI,"HP Inc. announced a strategic partnership with OpenAI to integrate the Frontier platform across its global operations. The initiative aims to enhance customer-facing experiences and accelerate internal transformation, with plans to deploy AI-driven solutions in areas such as customer and partner support, telemetry insights via HP’s WXP solution, employee productivity, and software development. HP conducted an evaluation of Frontier starting in February 2026, assessing technical capabilities and strategic alignment, and has now committed to co-developing future use cases with OpenAI. The partnership is part of HP’s broader effort to shape the future of work by building agentic AI devices and leveraging its Workforce Experience Platform, recognized as a Leader in the 2026 Gartner Magic Quadrant for Digital Employee Experience Management Tools.",OpenAI,,private,pos,demand,"OpenAI secures a major enterprise partnership with HP for Frontier platform deployment, expanding commercial adoption.",2026-06-29T00:00:00+00:00,GlobeNewswire,press_release,https://www.globenewswire.com/news-release/2026/06/29/3318623/0/en/HP-Inc-Launches-Frontier-Strategic-Partnership-with-OpenAI-to-Fuel-Customer-Facing-Experiences-and-Transform-Internal-Operations.html
Frontier-lab model race,frontier AI model releases,2,0.733,OpenAI staggers GPT-5.6 release at US government request,"OpenAI is staggering the release of its latest artificial intelligence models, GPT-5.6, following a request from the U.S. government. The new family includes Sol, the flagship model; Terra, a capable but lower-cost option; and Luna, the fastest and most cost-efficient model. The staggered release came from conversations with the Office of the National Cyber Director and the Office of Science and Technology Policy. OpenAI will start with a limited preview for a small group of trusted partners before broader availability in the coming weeks. The Sol and Terra models show significant improvement in cybersecurity, biological, and chemical capabilities compared to prior models, and pricing ranges from $1 input and $6 output per million tokens for Luna to $5 input and $30 output for Sol.",OpenAI,,private,neg,regulation,"OpenAI staggers GPT-5.6 release at US government request, indicating regulatory oversight that delays broader availability.",2026-06-26T17:36:44+00:00,Seeking Alpha,media,https://seekingalpha.com/news/4607813-openai-staggers-release-of-gptminus-5_6-models-per-us-governments-request?utm_source=feed_news_all&utm_medium=referral&feed_item_type=news
Frontier-lab model race,frontier AI model releases,2,0.733,OpenAI staggers GPT-5.6 release at US government request,"OpenAI is staggering the release of its latest artificial intelligence models, GPT-5.6, following a request from the U.S. government. The new family includes Sol, the flagship model; Terra, a capable but lower-cost option; and Luna, the fastest and most cost-efficient model. The staggered release came from conversations with the Office of the National Cyber Director and the Office of Science and Technology Policy. OpenAI will start with a limited preview for a small group of trusted partners before broader availability in the coming weeks. The Sol and Terra models show significant improvement in cybersecurity, biological, and chemical capabilities compared to prior models, and pricing ranges from $1 input and $6 output per million tokens for Luna to $5 input and $30 output for Sol.",Alphabet Inc Class A,GOOGL.US,stock,ambiguous,competition,"OpenAI's GPT-5.6 release, staggered at US government request, may affect competitive dynamics in AI, but Alphabet's direct involvement or impact is not specified.",2026-06-26T17:36:44+00:00,Seeking Alpha,media,https://seekingalpha.com/news/4607813-openai-staggers-release-of-gptminus-5_6-models-per-us-governments-request?utm_source=feed_news_all&utm_medium=referral&feed_item_type=news
Frontier-lab model race,frontier AI model releases,2,0.733,OpenAI staggers GPT-5.6 release at US government request,"OpenAI is staggering the release of its latest artificial intelligence models, GPT-5.6, following a request from the U.S. government. The new family includes Sol, the flagship model; Terra, a capable but lower-cost option; and Luna, the fastest and most cost-efficient model. The staggered release came from conversations with the Office of the National Cyber Director and the Office of Science and Technology Policy. OpenAI will start with a limited preview for a small group of trusted partners before broader availability in the coming weeks. The Sol and Terra models show significant improvement in cybersecurity, biological, and chemical capabilities compared to prior models, and pricing ranges from $1 input and $6 output per million tokens for Luna to $5 input and $30 output for Sol.",Microsoft Corporation,MSFT.US,stock,ambiguous,competition,"Microsoft is a major investor in OpenAI, but the article does not detail any direct impact on Microsoft from the staggered release.",2026-06-26T17:36:44+00:00,Seeking Alpha,media,https://seekingalpha.com/news/4607813-openai-staggers-release-of-gptminus-5_6-models-per-us-governments-request?utm_source=feed_news_all&utm_medium=referral&feed_item_type=news
Frontier-lab model race,frontier AI model releases,3,0.71,US lifts export controls on Anthropic's Claude Fable 5 and Mythos 5 AI models,"Anthropic confirmed that the US government has lifted export controls on its advanced AI models Claude Fable 5 and Mythos 5, allowing the company to begin restoring access for customers. The decision removes a significant setback for Anthropic, as clients had been unable to use the models they were building on. Mythos 5, which demonstrated advanced cybersecurity capabilities despite not being trained for them, and Fable 5, which includes additional safeguards against misuse, are now set to be reoffered. Anthropic noted that the software exploit originally flagged by Amazon could have been discovered by other high-end models as well, not just its own.",Anthropic,,private,pos,regulation,"US lifts export controls on Anthropic's Claude Fable 5 and Mythos 5, allowing restoration of customer access.",2026-07-01T15:02:31+00:00,Yahoo Finance,aggregator,https://finance.yahoo.com/video/trump-admin-lifts-export-controls-on-anthropics-ai-models-what-to-know-150231180.html
Frontier-lab model race,frontier AI model releases,3,0.71,US lifts export controls on Anthropic's Claude Fable 5 and Mythos 5 AI models,"Anthropic confirmed that the US government has lifted export controls on its advanced AI models Claude Fable 5 and Mythos 5, allowing the company to begin restoring access for customers. The decision removes a significant setback for Anthropic, as clients had been unable to use the models they were building on. Mythos 5, which demonstrated advanced cybersecurity capabilities despite not being trained for them, and Fable 5, which includes additional safeguards against misuse, are now set to be reoffered. Anthropic noted that the software exploit originally flagged by Amazon could have been discovered by other high-end models as well, not just its own.",Amazon.com Inc,AMZN.US,stock,,,,2026-07-01T15:02:31+00:00,Yahoo Finance,aggregator,https://finance.yahoo.com/video/trump-admin-lifts-export-controls-on-anthropics-ai-models-what-to-know-150231180.html
Frontier-lab model race,frontier AI model releases,4,0.708,Anthropic unveils Claude Sonnet 5 AI model focused on lower cost per token,"Anthropic has revealed its newest AI model, Claude Sonnet 5, which is designed to be a less expensive version compared to its prior high-end model Opus 4.8. The model is part of the company's five series, which also includes the large Mythos 5 and the security-focused Fable 5, though those remain tied up with government regulation. Sonnet 5 aims to reduce cost per token, a unit of measurement in AI, as companies like Meta and Uber have pulled back on AI spending. The model is positioned for agentic use cases and is a general-purpose model rather than targeting specific professions. While improvements have been made to reduce errors, hallucination remains a lingering concern.",Anthropic,,private,pos,technology,"Anthropic unveiled Claude Sonnet 5, a new AI model focused on lower cost per token.",2026-06-30T19:48:02+00:00,Yahoo Finance,media,https://finance.yahoo.com/video/what-to-know-about-anthropics-new-claude-sonnet-5-ai-model-194802841.html
Frontier-lab model race,frontier AI model releases,4,0.708,Anthropic unveils Claude Sonnet 5 AI model focused on lower cost per token,"Anthropic has revealed its newest AI model, Claude Sonnet 5, which is designed to be a less expensive version compared to its prior high-end model Opus 4.8. The model is part of the company's five series, which also includes the large Mythos 5 and the security-focused Fable 5, though those remain tied up with government regulation. Sonnet 5 aims to reduce cost per token, a unit of measurement in AI, as companies like Meta and Uber have pulled back on AI spending. The model is positioned for agentic use cases and is a general-purpose model rather than targeting specific professions. While improvements have been made to reduce errors, hallucination remains a lingering concern.",Meta Platforms Inc.,META.US,stock,neg,demand,"Meta is cited as pulling back on AI spending, indicating reduced demand for AI models.",2026-06-30T19:48:02+00:00,Yahoo Finance,media,https://finance.yahoo.com/video/what-to-know-about-anthropics-new-claude-sonnet-5-ai-model-194802841.html
Frontier-lab model race,frontier AI model releases,4,0.708,Anthropic unveils Claude Sonnet 5 AI model focused on lower cost per token,"Anthropic has revealed its newest AI model, Claude Sonnet 5, which is designed to be a less expensive version compared to its prior high-end model Opus 4.8. The model is part of the company's five series, which also includes the large Mythos 5 and the security-focused Fable 5, though those remain tied up with government regulation. Sonnet 5 aims to reduce cost per token, a unit of measurement in AI, as companies like Meta and Uber have pulled back on AI spending. The model is positioned for agentic use cases and is a general-purpose model rather than targeting specific professions. While improvements have been made to reduce errors, hallucination remains a lingering concern.",Uber Technologies Inc,UBER.US,stock,neg,demand,"Uber is cited as pulling back on AI spending, indicating reduced demand for AI models.",2026-06-30T19:48:02+00:00,Yahoo Finance,media,https://finance.yahoo.com/video/what-to-know-about-anthropics-new-claude-sonnet-5-ai-model-194802841.html
Frontier-lab model race,frontier AI model releases,4,0.708,Anthropic unveils Claude Sonnet 5 AI model focused on lower cost per token,"Anthropic has revealed its newest AI model, Claude Sonnet 5, which is designed to be a less expensive version compared to its prior high-end model Opus 4.8. The model is part of the company's five series, which also includes the large Mythos 5 and the security-focused Fable 5, though those remain tied up with government regulation. Sonnet 5 aims to reduce cost per token, a unit of measurement in AI, as companies like Meta and Uber have pulled back on AI spending. The model is positioned for agentic use cases and is a general-purpose model rather than targeting specific professions. While improvements have been made to reduce errors, hallucination remains a lingering concern.",Amazon.com Inc,AMZN.US,stock,,,,2026-06-30T19:48:02+00:00,Yahoo Finance,media,https://finance.yahoo.com/video/what-to-know-about-anthropics-new-claude-sonnet-5-ai-model-194802841.html
Frontier-lab model race,frontier AI model releases,5,0.707,"OpenAI's 'Sol, Terra, Luna' Models Excite Crypto Community","OpenAI announced its next-generation GPT-5.6 models, named Sol, Terra, and Luna, sparking a notably loud reaction from the cryptocurrency community. The artificial intelligence industry was also paying attention to the tech giant's latest rollout, but the crypto sector's response stood out. The announcement was made on X, formerly Twitter.",OpenAI,,private,ambiguous,technology,"OpenAI announced new GPT-5.6 models, but the article does not specify any concrete impact on the company's performance or valuation.",2026-06-26T21:27:00+00:00,U.Today,media,https://u.today/openais-sol-terra-luna-models-excite-crypto-community
The chip export-control war,export controls on advanced chips,1,0.714,"EU chip sector faces bleak future due to Chinese and US risks, report says","An EU-funded report warns that Europe's chip industry faces a bleak future due to Chinese export controls, dependence on US technology, and structural weaknesses. The study by the European Union's Institute for Security Studies and Institut Montaigne highlights threats from Chinese restrictions on critical minerals and magnets, as well as the risk of conflict in the Taiwan Strait. It also points to vulnerabilities from reliance on US design software and the possibility that Washington could block ASML's exports to China. Co-author Joris Teer said dependence on Washington has become a much greater concern under the second Trump administration. The report notes that high energy prices, lack of private capital, and declining chip-using industries further undermine Europe's competitiveness.",ASML Holding N.V.,ASML.AS,stock,neg,regulation,"Report warns US could block ASML's exports to China, and dependence on US technology is a key risk.",2026-07-02T04:03:35+00:00,Reuters,wire,https://finance.yahoo.com/technology/articles/chinese-us-risks-mean-eu-040335205.html
The chip export-control war,export controls on advanced chips,2,0.703,Taiwan prosecutors detain Super Micro employees over chip exports,"Taiwanese prosecutors detained two Super Micro Computer employees on Wednesday following a raid of the company's local offices earlier this week over alleged shipments of Nvidia chips to China. The Keelung District Court approved the detention of two employees, while two others were released on bail but restricted from leaving Taiwan. A manager at Super Micro distributor Albatron Technology was also detained, and an employee of data center operator Chief Telecom was questioned. The raids on Monday targeted the residences of six individuals and the offices of Super Micro, Albatron, and Chief Telecom as part of an ongoing China chip smuggling probe. Super Micro said it continues to cooperate with law enforcement and government officials in Taiwan and other jurisdictions. The detentions add to three others in May connected to the investigation, with those suspects accused of sending at least one batch of Nvidia chips to China and attempting to export around 50 servers that were seized before leaving the island. Taiwan does not currently treat AI chip exports to China as a crime.",Super Micro Computer Inc,SMCI.US,stock,neg,regulation,"Super Micro employees detained over alleged chip exports to China, indicating legal and regulatory risk.",2026-07-01T13:04:12+00:00,Investing.com,media,https://finance.yahoo.com/technology/articles/taiwan-prosecutors-detain-super-micro-130412571.html
The chip export-control war,export controls on advanced chips,2,0.703,Taiwan prosecutors detain Super Micro employees over chip exports,"Taiwanese prosecutors detained two Super Micro Computer employees on Wednesday following a raid of the company's local offices earlier this week over alleged shipments of Nvidia chips to China. The Keelung District Court approved the detention of two employees, while two others were released on bail but restricted from leaving Taiwan. A manager at Super Micro distributor Albatron Technology was also detained, and an employee of data center operator Chief Telecom was questioned. The raids on Monday targeted the residences of six individuals and the offices of Super Micro, Albatron, and Chief Telecom as part of an ongoing China chip smuggling probe. Super Micro said it continues to cooperate with law enforcement and government officials in Taiwan and other jurisdictions. The detentions add to three others in May connected to the investigation, with those suspects accused of sending at least one batch of Nvidia chips to China and attempting to export around 50 servers that were seized before leaving the island. Taiwan does not currently treat AI chip exports to China as a crime.",Albatron Technology Co Ltd,5386.TWO,stock,neg,regulation,Albatron Technology manager detained as part of chip smuggling probe.,2026-07-01T13:04:12+00:00,Investing.com,media,https://finance.yahoo.com/technology/articles/taiwan-prosecutors-detain-super-micro-130412571.html
The chip export-control war,export controls on advanced chips,2,0.703,Taiwan prosecutors detain Super Micro employees over chip exports,"Taiwanese prosecutors detained two Super Micro Computer employees on Wednesday following a raid of the company's local offices earlier this week over alleged shipments of Nvidia chips to China. The Keelung District Court approved the detention of two employees, while two others were released on bail but restricted from leaving Taiwan. A manager at Super Micro distributor Albatron Technology was also detained, and an employee of data center operator Chief Telecom was questioned. The raids on Monday targeted the residences of six individuals and the offices of Super Micro, Albatron, and Chief Telecom as part of an ongoing China chip smuggling probe. Super Micro said it continues to cooperate with law enforcement and government officials in Taiwan and other jurisdictions. The detentions add to three others in May connected to the investigation, with those suspects accused of sending at least one batch of Nvidia chips to China and attempting to export around 50 servers that were seized before leaving the island. Taiwan does not currently treat AI chip exports to China as a crime.",NVIDIA Corporation,NVDA.US,stock,neg,regulation,Alleged smuggling of Nvidia chips to China could lead to tighter export controls or reputational damage.,2026-07-01T13:04:12+00:00,Investing.com,media,https://finance.yahoo.com/technology/articles/taiwan-prosecutors-detain-super-micro-130412571.html
The chip export-control war,export controls on advanced chips,2,0.703,Taiwan prosecutors detain Super Micro employees over chip exports,"Taiwanese prosecutors detained two Super Micro Computer employees on Wednesday following a raid of the company's local offices earlier this week over alleged shipments of Nvidia chips to China. The Keelung District Court approved the detention of two employees, while two others were released on bail but restricted from leaving Taiwan. A manager at Super Micro distributor Albatron Technology was also detained, and an employee of data center operator Chief Telecom was questioned. The raids on Monday targeted the residences of six individuals and the offices of Super Micro, Albatron, and Chief Telecom as part of an ongoing China chip smuggling probe. Super Micro said it continues to cooperate with law enforcement and government officials in Taiwan and other jurisdictions. The detentions add to three others in May connected to the investigation, with those suspects accused of sending at least one batch of Nvidia chips to China and attempting to export around 50 servers that were seized before leaving the island. Taiwan does not currently treat AI chip exports to China as a crime.",Chief Telecom Inc,6561.TWO,stock,ambiguous,regulation,Chief Telecom employee questioned; company's role is peripheral in the investigation.,2026-07-01T13:04:12+00:00,Investing.com,media,https://finance.yahoo.com/technology/articles/taiwan-prosecutors-detain-super-micro-130412571.html
The chip export-control war,export controls on advanced chips,3,0.701,Microchip Technology Armenia Office Receives U.S. Export License for Advanced FPGA Development,"Microchip Technology's Armenian office has received a U.S. export license to develop advanced FPGA technologies. The approval from the Bureau of Industry and Security allows authorized personnel to work with high-performance hardware and controlled technology under strict compliance with global regulatory frameworks. The license establishes the company as the only multinational semiconductor firm in the region with such a site designation, enabling local engineering teams to engage in high-value chip design and validation. This achievement follows the 2025 Memorandum of Understanding between Armenia and the U.S. regarding semiconductors and AI, and builds on the capabilities of local offices established after Microchip's 2023 acquisition of Instigate Semiconductor.",Microchip Technology Inc,MCHP.US,stock,pos,regulation,"Received U.S. export license for advanced FPGA development, enabling high-value chip design and validation.",2026-06-27T16:16:38+00:00,Insider Monkey,media,https://finance.yahoo.com/technology/articles/microchip-tech-mchp-armenia-office-161638953.html
The chip export-control war,export controls on advanced chips,4,0.7,NVIDIA Expands Vera CPU Push in China Despite Export Restrictions,"NVIDIA has been actively promoting its latest Vera CPU to Chinese cloud and data-center customers, informing them that the chip might be available as early as August and that orders are already being taken. The sales effort represents a strategic shift, as US export constraints have kept NVIDIA's high-end GPU portfolio away from the Chinese market, causing its market share there to virtually plummet to zero. CPUs are subject to fewer regulations, providing NVIDIA with a mostly unhindered route back into one of the biggest data-center sectors in the world. A leading Chinese cloud provider intends to acquire around 300 servers, each with two Vera CPUs, for preliminary testing before larger-scale installations.",NVIDIA Corporation,NVDA.US,stock,pos,demand,"NVIDIA is actively taking orders for its Vera CPU from Chinese cloud customers, with a leading provider planning to acquire 300 servers for testing, indicating concrete end-customer demand.",2026-06-26T10:50:26+00:00,Reuters,wire,https://finance.yahoo.com/technology/articles/nvidia-corporation-nvda-expands-vera-105026448.html
The chip export-control war,export controls on advanced chips,5,0.698,ASML Denies Ever Shipping EUV Lithography Machine to China,"ASML Holding has denied ever shipping an extreme ultraviolet lithography machine to China, following a report that U.S. Commerce Secretary Howard Lutnick raised concerns about a possible violation of export restrictions. The company stated it has never shipped an EUV machine to China, nor any component, module, or equipment specially designed for use in such a machine. ASML added that it consistently adjusts its business to comply with evolving export controls. The Dutch Ministry of Foreign Affairs separately noted that exports require licenses under strict rules and enforcement. Reuters also reported that Washington proposed legislation in April urging allies to align export controls, with ASML equipment named in the legislation.",ASML Holding N.V.,ASML.AS,stock,neg,regulation,"ASML denies shipping EUV to China amid U.S. export control concerns, highlighting regulatory risk and potential restrictions.",2026-06-28T18:45:33+00:00,Reuters,wire,https://finance.yahoo.com/markets/stocks/articles/asml-holding-n-v-asml-184533859.html
The chip export-control war,export controls on advanced chips,5,0.698,ASML Denies Ever Shipping EUV Lithography Machine to China,"ASML Holding has denied ever shipping an extreme ultraviolet lithography machine to China, following a report that U.S. Commerce Secretary Howard Lutnick raised concerns about a possible violation of export restrictions. The company stated it has never shipped an EUV machine to China, nor any component, module, or equipment specially designed for use in such a machine. ASML added that it consistently adjusts its business to comply with evolving export controls. The Dutch Ministry of Foreign Affairs separately noted that exports require licenses under strict rules and enforcement. Reuters also reported that Washington proposed legislation in April urging allies to align export controls, with ASML equipment named in the legislation.",Thomson Reuters Corporation Common Shares,TRI.US,stock,,,,2026-06-28T18:45:33+00:00,Reuters,wire,https://finance.yahoo.com/markets/stocks/articles/asml-holding-n-v-asml-184533859.html
The chip export-control war,export controls on advanced chips,6,0.697,Chip Industry Urges US to Avoid Moves That Distort Memory Market,"The SEMI industry association warned the Trump administration that government attempts to influence memory chip prices or production capacity would worsen a historic supply squeeze driven by the artificial intelligence boom. In a July 1 letter to Treasury Secretary Scott Bessent, SEMI urged the US to allow companies to continue long-term purchase agreements and extend tax breaks for domestic output, arguing that interventions risk prolonging the demand downturn. The group, whose members include Micron Technology, SK Hynix, and Samsung Electronics, called instead for consumer-focused tax deductions or credits to offset rising electronics prices. The letter adds to political pressure in Washington over the memory shortage, which has already led Apple to seek approval to buy from blacklisted Chinese suppliers and prompted Senator Bernie Moreno to push for prioritizing domestic demand.",Micron Technology Inc,MU.US,stock,pos,regulation,"SEMI (including Micron) urges US to avoid market distortions, supporting long-term purchase agreements and tax breaks, which benefits Micron.",2026-07-02T23:59:59+00:00,Bloomberg,wire,https://finance.yahoo.com/technology/articles/chip-industry-urges-us-avoid-235959366.html
The chip export-control war,export controls on advanced chips,6,0.697,Chip Industry Urges US to Avoid Moves That Distort Memory Market,"The SEMI industry association warned the Trump administration that government attempts to influence memory chip prices or production capacity would worsen a historic supply squeeze driven by the artificial intelligence boom. In a July 1 letter to Treasury Secretary Scott Bessent, SEMI urged the US to allow companies to continue long-term purchase agreements and extend tax breaks for domestic output, arguing that interventions risk prolonging the demand downturn. The group, whose members include Micron Technology, SK Hynix, and Samsung Electronics, called instead for consumer-focused tax deductions or credits to offset rising electronics prices. The letter adds to political pressure in Washington over the memory shortage, which has already led Apple to seek approval to buy from blacklisted Chinese suppliers and prompted Senator Bernie Moreno to push for prioritizing domestic demand.",Samsung Electronics Co Ltd,005930.KO,stock,pos,regulation,"Samsung is a SEMI member; the letter opposes government interventions that could distort the memory market, benefiting Samsung.",2026-07-02T23:59:59+00:00,Bloomberg,wire,https://finance.yahoo.com/technology/articles/chip-industry-urges-us-avoid-235959366.html
The chip export-control war,export controls on advanced chips,6,0.697,Chip Industry Urges US to Avoid Moves That Distort Memory Market,"The SEMI industry association warned the Trump administration that government attempts to influence memory chip prices or production capacity would worsen a historic supply squeeze driven by the artificial intelligence boom. In a July 1 letter to Treasury Secretary Scott Bessent, SEMI urged the US to allow companies to continue long-term purchase agreements and extend tax breaks for domestic output, arguing that interventions risk prolonging the demand downturn. The group, whose members include Micron Technology, SK Hynix, and Samsung Electronics, called instead for consumer-focused tax deductions or credits to offset rising electronics prices. The letter adds to political pressure in Washington over the memory shortage, which has already led Apple to seek approval to buy from blacklisted Chinese suppliers and prompted Senator Bernie Moreno to push for prioritizing domestic demand.",SK Hynix Inc,000660.KO,stock,pos,regulation,"SK Hynix is a SEMI member; the letter advocates for policies that protect memory chip supply and demand, positive for the company.",2026-07-02T23:59:59+00:00,Bloomberg,wire,https://finance.yahoo.com/technology/articles/chip-industry-urges-us-avoid-235959366.html
The chip export-control war,export controls on advanced chips,6,0.697,Chip Industry Urges US to Avoid Moves That Distort Memory Market,"The SEMI industry association warned the Trump administration that government attempts to influence memory chip prices or production capacity would worsen a historic supply squeeze driven by the artificial intelligence boom. In a July 1 letter to Treasury Secretary Scott Bessent, SEMI urged the US to allow companies to continue long-term purchase agreements and extend tax breaks for domestic output, arguing that interventions risk prolonging the demand downturn. The group, whose members include Micron Technology, SK Hynix, and Samsung Electronics, called instead for consumer-focused tax deductions or credits to offset rising electronics prices. The letter adds to political pressure in Washington over the memory shortage, which has already led Apple to seek approval to buy from blacklisted Chinese suppliers and prompted Senator Bernie Moreno to push for prioritizing domestic demand.",Apple Inc.,AAPL.US,stock,ambiguous,regulation,"Apple mentioned as seeking approval to buy from blacklisted Chinese suppliers due to memory shortage, but impact unclear.",2026-07-02T23:59:59+00:00,Bloomberg,wire,https://finance.yahoo.com/technology/articles/chip-industry-urges-us-avoid-235959366.html
The chip export-control war,export controls on advanced chips,6,0.697,Chip Industry Urges US to Avoid Moves That Distort Memory Market,"The SEMI industry association warned the Trump administration that government attempts to influence memory chip prices or production capacity would worsen a historic supply squeeze driven by the artificial intelligence boom. In a July 1 letter to Treasury Secretary Scott Bessent, SEMI urged the US to allow companies to continue long-term purchase agreements and extend tax breaks for domestic output, arguing that interventions risk prolonging the demand downturn. The group, whose members include Micron Technology, SK Hynix, and Samsung Electronics, called instead for consumer-focused tax deductions or credits to offset rising electronics prices. The letter adds to political pressure in Washington over the memory shortage, which has already led Apple to seek approval to buy from blacklisted Chinese suppliers and prompted Senator Bernie Moreno to push for prioritizing domestic demand.",Microsoft Corporation,MSFT.US,stock,,,,2026-07-02T23:59:59+00:00,Bloomberg,wire,https://finance.yahoo.com/technology/articles/chip-industry-urges-us-avoid-235959366.html
Memory supercycle,the memory chip supercycle,1,0.754,"Micron's 4.4x Revenue Surge Confirms Memory Supercycle, Roundhill ETF Offers Sub-$100 Entry","Micron Technology's fiscal 2026 third-quarter revenue surged 4.4 times year over year to $41.4 billion, with earnings per share jumping 13 times to $25.11, reinforcing that the memory supercycle is sustainable. Management expects tight memory supply to persist beyond 2027, and customers are signing long-term contracts to secure supply. The Roundhill Memory ETF, trading just over $60, allows investors with less than $100 to gain exposure to global memory leaders including Samsung, SK Hynix, Sandisk, and Kioxia, alongside Micron. The ETF has already appreciated 118% in three months since its April launch. Market research firm TrendForce projects the global memory market will generate $889.3 billion in revenue this year and $1.28 trillion next year, indicating further growth potential.",Kioxia Holdings Corporation,285A.JP,stock,,,,2026-07-04T19:50:00+00:00,The Motley Fool,media,https://www.nasdaq.com/articles/artificial-intelligence-ai-memory-supercycle-getting-stronger-heres-how-you-can-profit
Memory supercycle,the memory chip supercycle,1,0.754,"Micron's 4.4x Revenue Surge Confirms Memory Supercycle, Roundhill ETF Offers Sub-$100 Entry","Micron Technology's fiscal 2026 third-quarter revenue surged 4.4 times year over year to $41.4 billion, with earnings per share jumping 13 times to $25.11, reinforcing that the memory supercycle is sustainable. Management expects tight memory supply to persist beyond 2027, and customers are signing long-term contracts to secure supply. The Roundhill Memory ETF, trading just over $60, allows investors with less than $100 to gain exposure to global memory leaders including Samsung, SK Hynix, Sandisk, and Kioxia, alongside Micron. The ETF has already appreciated 118% in three months since its April launch. Market research firm TrendForce projects the global memory market will generate $889.3 billion in revenue this year and $1.28 trillion next year, indicating further growth potential.",Micron Technology Inc,MU.US,stock,,,,2026-07-04T19:50:00+00:00,The Motley Fool,media,https://www.nasdaq.com/articles/artificial-intelligence-ai-memory-supercycle-getting-stronger-heres-how-you-can-profit
Memory supercycle,the memory chip supercycle,1,0.754,"Micron's 4.4x Revenue Surge Confirms Memory Supercycle, Roundhill ETF Offers Sub-$100 Entry","Micron Technology's fiscal 2026 third-quarter revenue surged 4.4 times year over year to $41.4 billion, with earnings per share jumping 13 times to $25.11, reinforcing that the memory supercycle is sustainable. Management expects tight memory supply to persist beyond 2027, and customers are signing long-term contracts to secure supply. The Roundhill Memory ETF, trading just over $60, allows investors with less than $100 to gain exposure to global memory leaders including Samsung, SK Hynix, Sandisk, and Kioxia, alongside Micron. The ETF has already appreciated 118% in three months since its April launch. Market research firm TrendForce projects the global memory market will generate $889.3 billion in revenue this year and $1.28 trillion next year, indicating further growth potential.",Samsung Electronics Co Ltd,005930.KO,stock,,,,2026-07-04T19:50:00+00:00,The Motley Fool,media,https://www.nasdaq.com/articles/artificial-intelligence-ai-memory-supercycle-getting-stronger-heres-how-you-can-profit
Memory supercycle,the memory chip supercycle,1,0.754,"Micron's 4.4x Revenue Surge Confirms Memory Supercycle, Roundhill ETF Offers Sub-$100 Entry","Micron Technology's fiscal 2026 third-quarter revenue surged 4.4 times year over year to $41.4 billion, with earnings per share jumping 13 times to $25.11, reinforcing that the memory supercycle is sustainable. Management expects tight memory supply to persist beyond 2027, and customers are signing long-term contracts to secure supply. The Roundhill Memory ETF, trading just over $60, allows investors with less than $100 to gain exposure to global memory leaders including Samsung, SK Hynix, Sandisk, and Kioxia, alongside Micron. The ETF has already appreciated 118% in three months since its April launch. Market research firm TrendForce projects the global memory market will generate $889.3 billion in revenue this year and $1.28 trillion next year, indicating further growth potential.",Sandisk Corp,SNDK.US,stock,,,,2026-07-04T19:50:00+00:00,The Motley Fool,media,https://www.nasdaq.com/articles/artificial-intelligence-ai-memory-supercycle-getting-stronger-heres-how-you-can-profit
Memory supercycle,the memory chip supercycle,1,0.754,"Micron's 4.4x Revenue Surge Confirms Memory Supercycle, Roundhill ETF Offers Sub-$100 Entry","Micron Technology's fiscal 2026 third-quarter revenue surged 4.4 times year over year to $41.4 billion, with earnings per share jumping 13 times to $25.11, reinforcing that the memory supercycle is sustainable. Management expects tight memory supply to persist beyond 2027, and customers are signing long-term contracts to secure supply. The Roundhill Memory ETF, trading just over $60, allows investors with less than $100 to gain exposure to global memory leaders including Samsung, SK Hynix, Sandisk, and Kioxia, alongside Micron. The ETF has already appreciated 118% in three months since its April launch. Market research firm TrendForce projects the global memory market will generate $889.3 billion in revenue this year and $1.28 trillion next year, indicating further growth potential.",SK Hynix Inc,000660.KO,stock,,,,2026-07-04T19:50:00+00:00,The Motley Fool,media,https://www.nasdaq.com/articles/artificial-intelligence-ai-memory-supercycle-getting-stronger-heres-how-you-can-profit
Memory supercycle,the memory chip supercycle,1,0.754,"Micron's 4.4x Revenue Surge Confirms Memory Supercycle, Roundhill ETF Offers Sub-$100 Entry","Micron Technology's fiscal 2026 third-quarter revenue surged 4.4 times year over year to $41.4 billion, with earnings per share jumping 13 times to $25.11, reinforcing that the memory supercycle is sustainable. Management expects tight memory supply to persist beyond 2027, and customers are signing long-term contracts to secure supply. The Roundhill Memory ETF, trading just over $60, allows investors with less than $100 to gain exposure to global memory leaders including Samsung, SK Hynix, Sandisk, and Kioxia, alongside Micron. The ETF has already appreciated 118% in three months since its April launch. Market research firm TrendForce projects the global memory market will generate $889.3 billion in revenue this year and $1.28 trillion next year, indicating further growth potential.",TrendForce Corp.,,private,,,,2026-07-04T19:50:00+00:00,The Motley Fool,media,https://www.nasdaq.com/articles/artificial-intelligence-ai-memory-supercycle-getting-stronger-heres-how-you-can-profit
Memory supercycle,the memory chip supercycle,2,0.753,"Micron and Sandisk shares surge over 200% in three months, but history warns of a potential crash","Micron Technology and Sandisk shares have surged 203% and 217% respectively in the last three months, driven by an unprecedented supply shortage in memory chips as hyperscalers build AI infrastructure. NAND and DRAM prices have increased 200% and 300% in the past year, fueling explosive financial results: Micron's May-quarter sales rose 345% and non-GAAP net income jumped over 1,200%, while Sandisk's March-quarter sales climbed 251% with adjusted net income swinging from a loss to $23.41 per diluted share. However, the memory chip market has historically been highly cyclical, with boom-and-bust cycles that have previously wiped out 50% to 60% of share value when supply gluts emerge. Wall Street expects memory chip sales to peak in 2028, after which Micron's adjusted earnings are projected to decline 27% and Sandisk's by 54% in fiscal 2029, raising the risk of sharp stock declines when the current cycle turns.",Micron Technology Inc,MU.US,stock,pos,supply,Unprecedented supply shortage in memory chips driving price increases and explosive financial results,2026-06-30T08:32:00+00:00,The Motley Fool,media,https://www.nasdaq.com/articles/ai-memory-stocks-micron-and-sandisk-are-200-last-3-months-history-says-will-happen-next
Memory supercycle,the memory chip supercycle,2,0.753,"Micron and Sandisk shares surge over 200% in three months, but history warns of a potential crash","Micron Technology and Sandisk shares have surged 203% and 217% respectively in the last three months, driven by an unprecedented supply shortage in memory chips as hyperscalers build AI infrastructure. NAND and DRAM prices have increased 200% and 300% in the past year, fueling explosive financial results: Micron's May-quarter sales rose 345% and non-GAAP net income jumped over 1,200%, while Sandisk's March-quarter sales climbed 251% with adjusted net income swinging from a loss to $23.41 per diluted share. However, the memory chip market has historically been highly cyclical, with boom-and-bust cycles that have previously wiped out 50% to 60% of share value when supply gluts emerge. Wall Street expects memory chip sales to peak in 2028, after which Micron's adjusted earnings are projected to decline 27% and Sandisk's by 54% in fiscal 2029, raising the risk of sharp stock declines when the current cycle turns.",Sandisk Corp,SNDK.US,stock,pos,supply,Unprecedented supply shortage in memory chips driving price increases and explosive financial results,2026-06-30T08:32:00+00:00,The Motley Fool,media,https://www.nasdaq.com/articles/ai-memory-stocks-micron-and-sandisk-are-200-last-3-months-history-says-will-happen-next
Memory supercycle,the memory chip supercycle,2,0.753,"Micron and Sandisk shares surge over 200% in three months, but history warns of a potential crash","Micron Technology and Sandisk shares have surged 203% and 217% respectively in the last three months, driven by an unprecedented supply shortage in memory chips as hyperscalers build AI infrastructure. NAND and DRAM prices have increased 200% and 300% in the past year, fueling explosive financial results: Micron's May-quarter sales rose 345% and non-GAAP net income jumped over 1,200%, while Sandisk's March-quarter sales climbed 251% with adjusted net income swinging from a loss to $23.41 per diluted share. However, the memory chip market has historically been highly cyclical, with boom-and-bust cycles that have previously wiped out 50% to 60% of share value when supply gluts emerge. Wall Street expects memory chip sales to peak in 2028, after which Micron's adjusted earnings are projected to decline 27% and Sandisk's by 54% in fiscal 2029, raising the risk of sharp stock declines when the current cycle turns.",JPMorgan Chase & Co,JPM.US,stock,,,,2026-06-30T08:32:00+00:00,The Motley Fool,media,https://www.nasdaq.com/articles/ai-memory-stocks-micron-and-sandisk-are-200-last-3-months-history-says-will-happen-next
Memory supercycle,the memory chip supercycle,2,0.753,"Micron and Sandisk shares surge over 200% in three months, but history warns of a potential crash","Micron Technology and Sandisk shares have surged 203% and 217% respectively in the last three months, driven by an unprecedented supply shortage in memory chips as hyperscalers build AI infrastructure. NAND and DRAM prices have increased 200% and 300% in the past year, fueling explosive financial results: Micron's May-quarter sales rose 345% and non-GAAP net income jumped over 1,200%, while Sandisk's March-quarter sales climbed 251% with adjusted net income swinging from a loss to $23.41 per diluted share. However, the memory chip market has historically been highly cyclical, with boom-and-bust cycles that have previously wiped out 50% to 60% of share value when supply gluts emerge. Wall Street expects memory chip sales to peak in 2028, after which Micron's adjusted earnings are projected to decline 27% and Sandisk's by 54% in fiscal 2029, raising the risk of sharp stock declines when the current cycle turns.",Western Digital Corporation,WDC.US,stock,,,,2026-06-30T08:32:00+00:00,The Motley Fool,media,https://www.nasdaq.com/articles/ai-memory-stocks-micron-and-sandisk-are-200-last-3-months-history-says-will-happen-next
Memory supercycle,the memory chip supercycle,3,0.751,Micron's $41.5 Billion Quarter Fuels Memory Supercycle Optimism,"Micron Technology reported fiscal third-quarter revenue of $41.5 billion, more than quadrupling year over year and handily beating its own guidance of $33.5 billion. The company also guided for $50 billion in the current quarter, while CEO Sanjay Mehrotra highlighted record-level investments and multiyear strategic customer agreements that enhance revenue durability. The results sent Micron shares soaring in after-hours trading and also lifted Sandisk, which reports in August and has previously cited similar multiyear commitments. Both companies have seen parabolic stock gains over the past year, but the latest figures suggest the memory supercycle is still in its early stages, driven by surging AI infrastructure demand.",Micron Technology Inc,MU.US,stock,pos,demand,"Micron reported $41.5B revenue, quadrupling YoY, and guided $50B, driven by surging AI infrastructure demand and multiyear customer agreements.",2026-06-28T12:45:00+00:00,The Motley Fool,media,https://finance.yahoo.com/markets/stocks/articles/ai-memory-supercycle-could-last-124500480.html
Memory supercycle,the memory chip supercycle,3,0.751,Micron's $41.5 Billion Quarter Fuels Memory Supercycle Optimism,"Micron Technology reported fiscal third-quarter revenue of $41.5 billion, more than quadrupling year over year and handily beating its own guidance of $33.5 billion. The company also guided for $50 billion in the current quarter, while CEO Sanjay Mehrotra highlighted record-level investments and multiyear strategic customer agreements that enhance revenue durability. The results sent Micron shares soaring in after-hours trading and also lifted Sandisk, which reports in August and has previously cited similar multiyear commitments. Both companies have seen parabolic stock gains over the past year, but the latest figures suggest the memory supercycle is still in its early stages, driven by surging AI infrastructure demand.",Sandisk Corp,SNDK.US,stock,pos,demand,"Sandisk is lifted by Micron's results and has previously cited similar multiyear commitments, indicating strong demand.",2026-06-28T12:45:00+00:00,The Motley Fool,media,https://finance.yahoo.com/markets/stocks/articles/ai-memory-supercycle-could-last-124500480.html
Memory supercycle,the memory chip supercycle,3,0.751,Micron's $41.5 Billion Quarter Fuels Memory Supercycle Optimism,"Micron Technology reported fiscal third-quarter revenue of $41.5 billion, more than quadrupling year over year and handily beating its own guidance of $33.5 billion. The company also guided for $50 billion in the current quarter, while CEO Sanjay Mehrotra highlighted record-level investments and multiyear strategic customer agreements that enhance revenue durability. The results sent Micron shares soaring in after-hours trading and also lifted Sandisk, which reports in August and has previously cited similar multiyear commitments. Both companies have seen parabolic stock gains over the past year, but the latest figures suggest the memory supercycle is still in its early stages, driven by surging AI infrastructure demand.",NVIDIA Corporation,NVDA.US,stock,,,,2026-06-28T12:45:00+00:00,The Motley Fool,media,https://finance.yahoo.com/markets/stocks/articles/ai-memory-supercycle-could-last-124500480.html
Memory supercycle,the memory chip supercycle,4,0.744,Bank of America Sees Durable Chip Rally Ahead,"Bank of America's Vivek Arya argues that artificial intelligence has permanently changed the memory cycle, pointing to Micron's blowout results as evidence that demand is not just another cyclical upswing. Arya told CNBC that there is no AI without memory, and AI-optimized memory can require three to four times the manufacturing capacity of conventional computing products, creating a supply-demand imbalance that could last at least through the end of next year. He highlighted that Micron has signed multi-year agreements with 16 customers, giving it better visibility on pricing, units, and supply, while Samsung, SK Hynix, and Micron appear to be showing greater pricing discipline. Arya also noted that Micron's forward price-to-earnings ratio has remained essentially unchanged since the start of the year, still below 10 times forward earnings, even after the stock's rally.",Bank of America Corp,BAC.US,stock,,,,2026-06-25T18:47:01+00:00,GuruFocus,media,https://finance.yahoo.com/technology/articles/bank-america-sees-durable-chip-184701545.html
Memory supercycle,the memory chip supercycle,4,0.744,Bank of America Sees Durable Chip Rally Ahead,"Bank of America's Vivek Arya argues that artificial intelligence has permanently changed the memory cycle, pointing to Micron's blowout results as evidence that demand is not just another cyclical upswing. Arya told CNBC that there is no AI without memory, and AI-optimized memory can require three to four times the manufacturing capacity of conventional computing products, creating a supply-demand imbalance that could last at least through the end of next year. He highlighted that Micron has signed multi-year agreements with 16 customers, giving it better visibility on pricing, units, and supply, while Samsung, SK Hynix, and Micron appear to be showing greater pricing discipline. Arya also noted that Micron's forward price-to-earnings ratio has remained essentially unchanged since the start of the year, still below 10 times forward earnings, even after the stock's rally.",Broadcom Inc,AVGO.US,stock,,,,2026-06-25T18:47:01+00:00,GuruFocus,media,https://finance.yahoo.com/technology/articles/bank-america-sees-durable-chip-184701545.html
Memory supercycle,the memory chip supercycle,4,0.744,Bank of America Sees Durable Chip Rally Ahead,"Bank of America's Vivek Arya argues that artificial intelligence has permanently changed the memory cycle, pointing to Micron's blowout results as evidence that demand is not just another cyclical upswing. Arya told CNBC that there is no AI without memory, and AI-optimized memory can require three to four times the manufacturing capacity of conventional computing products, creating a supply-demand imbalance that could last at least through the end of next year. He highlighted that Micron has signed multi-year agreements with 16 customers, giving it better visibility on pricing, units, and supply, while Samsung, SK Hynix, and Micron appear to be showing greater pricing discipline. Arya also noted that Micron's forward price-to-earnings ratio has remained essentially unchanged since the start of the year, still below 10 times forward earnings, even after the stock's rally.",Micron Technology Inc,MU.US,stock,,,,2026-06-25T18:47:01+00:00,GuruFocus,media,https://finance.yahoo.com/technology/articles/bank-america-sees-durable-chip-184701545.html
Memory supercycle,the memory chip supercycle,4,0.744,Bank of America Sees Durable Chip Rally Ahead,"Bank of America's Vivek Arya argues that artificial intelligence has permanently changed the memory cycle, pointing to Micron's blowout results as evidence that demand is not just another cyclical upswing. Arya told CNBC that there is no AI without memory, and AI-optimized memory can require three to four times the manufacturing capacity of conventional computing products, creating a supply-demand imbalance that could last at least through the end of next year. He highlighted that Micron has signed multi-year agreements with 16 customers, giving it better visibility on pricing, units, and supply, while Samsung, SK Hynix, and Micron appear to be showing greater pricing discipline. Arya also noted that Micron's forward price-to-earnings ratio has remained essentially unchanged since the start of the year, still below 10 times forward earnings, even after the stock's rally.",NVIDIA Corporation,NVDA.US,stock,,,,2026-06-25T18:47:01+00:00,GuruFocus,media,https://finance.yahoo.com/technology/articles/bank-america-sees-durable-chip-184701545.html
Memory supercycle,the memory chip supercycle,4,0.744,Bank of America Sees Durable Chip Rally Ahead,"Bank of America's Vivek Arya argues that artificial intelligence has permanently changed the memory cycle, pointing to Micron's blowout results as evidence that demand is not just another cyclical upswing. Arya told CNBC that there is no AI without memory, and AI-optimized memory can require three to four times the manufacturing capacity of conventional computing products, creating a supply-demand imbalance that could last at least through the end of next year. He highlighted that Micron has signed multi-year agreements with 16 customers, giving it better visibility on pricing, units, and supply, while Samsung, SK Hynix, and Micron appear to be showing greater pricing discipline. Arya also noted that Micron's forward price-to-earnings ratio has remained essentially unchanged since the start of the year, still below 10 times forward earnings, even after the stock's rally.",Samsung Electronics Co Ltd,005930.KO,stock,,,,2026-06-25T18:47:01+00:00,GuruFocus,media,https://finance.yahoo.com/technology/articles/bank-america-sees-durable-chip-184701545.html
Memory supercycle,the memory chip supercycle,4,0.744,Bank of America Sees Durable Chip Rally Ahead,"Bank of America's Vivek Arya argues that artificial intelligence has permanently changed the memory cycle, pointing to Micron's blowout results as evidence that demand is not just another cyclical upswing. Arya told CNBC that there is no AI without memory, and AI-optimized memory can require three to four times the manufacturing capacity of conventional computing products, creating a supply-demand imbalance that could last at least through the end of next year. He highlighted that Micron has signed multi-year agreements with 16 customers, giving it better visibility on pricing, units, and supply, while Samsung, SK Hynix, and Micron appear to be showing greater pricing discipline. Arya also noted that Micron's forward price-to-earnings ratio has remained essentially unchanged since the start of the year, still below 10 times forward earnings, even after the stock's rally.",SK Hynix Inc,000660.KO,stock,,,,2026-06-25T18:47:01+00:00,GuruFocus,media,https://finance.yahoo.com/technology/articles/bank-america-sees-durable-chip-184701545.html
Memory supercycle,the memory chip supercycle,5,0.744,Micron Jumps 267% as It Sees Memory Shortages Beyond 2027,"Micron Technology shares have surged 267% this year, making it the biggest gainer in the Philadelphia Semiconductor Index, after the company forecast that tight memory supply could persist beyond calendar year 2027. The outlook, delivered alongside stronger sales and profit forecasts, helped ease concerns that AI spending may be slowing and supported gains across Asian chip stocks including Samsung Electronics and Kioxia Holdings. SK Hynix, which still appears to have an edge in high-bandwidth memory used with Nvidia accelerators, announced plans for a U.S. stock listing worth about 45.45 trillion won, or $29.4 billion, potentially ranking among the largest offerings ever. Micron said it has shipped $1 billion worth of HBM4 chips and is ramping that product at twice the pace of its predecessor last year, while using tight supply to sign more customers to longer-term agreements, many extending five years. The shift marks a sharp comeback for a memory industry that was under pressure as recently as 2023, when excess inventory and weaker demand created heavy losses, including a nearly $6 billion loss for Micron in its fiscal year during that downturn.",Micron Technology Inc,MU.US,stock,pos,supply,"Micron forecasts tight memory supply beyond 2027, boosting pricing power and long-term agreements.",2026-06-25T13:18:48+00:00,GuruFocus,media,https://finance.yahoo.com/markets/stocks/articles/micron-jumps-267-sees-memory-131848212.html
Memory supercycle,the memory chip supercycle,5,0.744,Micron Jumps 267% as It Sees Memory Shortages Beyond 2027,"Micron Technology shares have surged 267% this year, making it the biggest gainer in the Philadelphia Semiconductor Index, after the company forecast that tight memory supply could persist beyond calendar year 2027. The outlook, delivered alongside stronger sales and profit forecasts, helped ease concerns that AI spending may be slowing and supported gains across Asian chip stocks including Samsung Electronics and Kioxia Holdings. SK Hynix, which still appears to have an edge in high-bandwidth memory used with Nvidia accelerators, announced plans for a U.S. stock listing worth about 45.45 trillion won, or $29.4 billion, potentially ranking among the largest offerings ever. Micron said it has shipped $1 billion worth of HBM4 chips and is ramping that product at twice the pace of its predecessor last year, while using tight supply to sign more customers to longer-term agreements, many extending five years. The shift marks a sharp comeback for a memory industry that was under pressure as recently as 2023, when excess inventory and weaker demand created heavy losses, including a nearly $6 billion loss for Micron in its fiscal year during that downturn.",SK Hynix Inc,000660.KO,stock,ambiguous,competition,"SK Hynix still has edge in HBM for Nvidia, but Micron's strong outlook and HBM4 ramp may pressure its relative position.",2026-06-25T13:18:48+00:00,GuruFocus,media,https://finance.yahoo.com/markets/stocks/articles/micron-jumps-267-sees-memory-131848212.html
Memory supercycle,the memory chip supercycle,5,0.744,Micron Jumps 267% as It Sees Memory Shortages Beyond 2027,"Micron Technology shares have surged 267% this year, making it the biggest gainer in the Philadelphia Semiconductor Index, after the company forecast that tight memory supply could persist beyond calendar year 2027. The outlook, delivered alongside stronger sales and profit forecasts, helped ease concerns that AI spending may be slowing and supported gains across Asian chip stocks including Samsung Electronics and Kioxia Holdings. SK Hynix, which still appears to have an edge in high-bandwidth memory used with Nvidia accelerators, announced plans for a U.S. stock listing worth about 45.45 trillion won, or $29.4 billion, potentially ranking among the largest offerings ever. Micron said it has shipped $1 billion worth of HBM4 chips and is ramping that product at twice the pace of its predecessor last year, while using tight supply to sign more customers to longer-term agreements, many extending five years. The shift marks a sharp comeback for a memory industry that was under pressure as recently as 2023, when excess inventory and weaker demand created heavy losses, including a nearly $6 billion loss for Micron in its fiscal year during that downturn.",Kioxia Holdings Corporation,285A.JP,stock,,,,2026-06-25T13:18:48+00:00,GuruFocus,media,https://finance.yahoo.com/markets/stocks/articles/micron-jumps-267-sees-memory-131848212.html
Memory supercycle,the memory chip supercycle,5,0.744,Micron Jumps 267% as It Sees Memory Shortages Beyond 2027,"Micron Technology shares have surged 267% this year, making it the biggest gainer in the Philadelphia Semiconductor Index, after the company forecast that tight memory supply could persist beyond calendar year 2027. The outlook, delivered alongside stronger sales and profit forecasts, helped ease concerns that AI spending may be slowing and supported gains across Asian chip stocks including Samsung Electronics and Kioxia Holdings. SK Hynix, which still appears to have an edge in high-bandwidth memory used with Nvidia accelerators, announced plans for a U.S. stock listing worth about 45.45 trillion won, or $29.4 billion, potentially ranking among the largest offerings ever. Micron said it has shipped $1 billion worth of HBM4 chips and is ramping that product at twice the pace of its predecessor last year, while using tight supply to sign more customers to longer-term agreements, many extending five years. The shift marks a sharp comeback for a memory industry that was under pressure as recently as 2023, when excess inventory and weaker demand created heavy losses, including a nearly $6 billion loss for Micron in its fiscal year during that downturn.",Samsung Electronics Co Ltd,005930.KO,stock,,,,2026-06-25T13:18:48+00:00,GuruFocus,media,https://finance.yahoo.com/markets/stocks/articles/micron-jumps-267-sees-memory-131848212.html
Memory supercycle,the memory chip supercycle,6,0.742,"Micron Could Triple to $3,000 If AI Memory Supercycle Defies Goldman’s $900 Target","Micron Technology could triple from its current price near $1,047 to around $3,000 a share if an AI-driven memory supercycle extends deep into 2028 and beyond, a scenario that requires sustained earnings power above $31 per share, valuation multiples to hold, and take-or-pay contracts to permanently de-cyclicalize the business. The company reported fiscal third-quarter revenue of $41.456 billion, up 346% year-over-year, with GAAP gross margins hitting 84.6% and operating cash flow of $25.388 billion, as CEO Sanjay Mehrotra declared the memory industry structurally transformed by AI. Micron has signed 16 strategic customer agreements with take-or-pay terms representing roughly $100 billion in remaining performance obligations and $22 billion in projected customer cash deposits, while HBM can fill only 50% to two-thirds of demand in 2026. Goldman Sachs holds a roughly $900 target, arguing that near-85% gross margins represent a cycle peak that will normalize as new capacity from Micron, SK Hynix, and Samsung comes online, with Micron guiding full-year fiscal 2026 capex to approximately $27 billion and new fabs ID1 and ID2 on track for output in mid-2027 and late-2028. The most aggressive published Wall Street target sits at $2,000 from Susquehanna and DA Davidson, still well short of the $3,000 scenario.",Micron Technology Inc,MU.US,stock,pos,demand,AI-driven memory supercycle with take-or-pay contracts and strong demand for HBM drives Micron's revenue and earnings.,2026-06-29T15:49:02+00:00,Yahoo Finance,aggregator,https://finance.yahoo.com/markets/stocks/articles/micron-could-3x-ai-memory-154902014.html
Memory supercycle,the memory chip supercycle,6,0.742,"Micron Could Triple to $3,000 If AI Memory Supercycle Defies Goldman’s $900 Target","Micron Technology could triple from its current price near $1,047 to around $3,000 a share if an AI-driven memory supercycle extends deep into 2028 and beyond, a scenario that requires sustained earnings power above $31 per share, valuation multiples to hold, and take-or-pay contracts to permanently de-cyclicalize the business. The company reported fiscal third-quarter revenue of $41.456 billion, up 346% year-over-year, with GAAP gross margins hitting 84.6% and operating cash flow of $25.388 billion, as CEO Sanjay Mehrotra declared the memory industry structurally transformed by AI. Micron has signed 16 strategic customer agreements with take-or-pay terms representing roughly $100 billion in remaining performance obligations and $22 billion in projected customer cash deposits, while HBM can fill only 50% to two-thirds of demand in 2026. Goldman Sachs holds a roughly $900 target, arguing that near-85% gross margins represent a cycle peak that will normalize as new capacity from Micron, SK Hynix, and Samsung comes online, with Micron guiding full-year fiscal 2026 capex to approximately $27 billion and new fabs ID1 and ID2 on track for output in mid-2027 and late-2028. The most aggressive published Wall Street target sits at $2,000 from Susquehanna and DA Davidson, still well short of the $3,000 scenario.",Samsung Electronics Co Ltd,005930.KO,stock,neg,competition,"New capacity from Samsung and SK Hynix could increase supply and pressure margins, negatively impacting Samsung's memory business.",2026-06-29T15:49:02+00:00,Yahoo Finance,aggregator,https://finance.yahoo.com/markets/stocks/articles/micron-could-3x-ai-memory-154902014.html
Memory supercycle,the memory chip supercycle,6,0.742,"Micron Could Triple to $3,000 If AI Memory Supercycle Defies Goldman’s $900 Target","Micron Technology could triple from its current price near $1,047 to around $3,000 a share if an AI-driven memory supercycle extends deep into 2028 and beyond, a scenario that requires sustained earnings power above $31 per share, valuation multiples to hold, and take-or-pay contracts to permanently de-cyclicalize the business. The company reported fiscal third-quarter revenue of $41.456 billion, up 346% year-over-year, with GAAP gross margins hitting 84.6% and operating cash flow of $25.388 billion, as CEO Sanjay Mehrotra declared the memory industry structurally transformed by AI. Micron has signed 16 strategic customer agreements with take-or-pay terms representing roughly $100 billion in remaining performance obligations and $22 billion in projected customer cash deposits, while HBM can fill only 50% to two-thirds of demand in 2026. Goldman Sachs holds a roughly $900 target, arguing that near-85% gross margins represent a cycle peak that will normalize as new capacity from Micron, SK Hynix, and Samsung comes online, with Micron guiding full-year fiscal 2026 capex to approximately $27 billion and new fabs ID1 and ID2 on track for output in mid-2027 and late-2028. The most aggressive published Wall Street target sits at $2,000 from Susquehanna and DA Davidson, still well short of the $3,000 scenario.",SK Hynix Inc,000660.KO,stock,neg,competition,"New capacity from SK Hynix and Samsung could normalize margins, pressuring Micron but also implying competitive dynamics.",2026-06-29T15:49:02+00:00,Yahoo Finance,aggregator,https://finance.yahoo.com/markets/stocks/articles/micron-could-3x-ai-memory-154902014.html
Memory supercycle,the memory chip supercycle,6,0.742,"Micron Could Triple to $3,000 If AI Memory Supercycle Defies Goldman’s $900 Target","Micron Technology could triple from its current price near $1,047 to around $3,000 a share if an AI-driven memory supercycle extends deep into 2028 and beyond, a scenario that requires sustained earnings power above $31 per share, valuation multiples to hold, and take-or-pay contracts to permanently de-cyclicalize the business. The company reported fiscal third-quarter revenue of $41.456 billion, up 346% year-over-year, with GAAP gross margins hitting 84.6% and operating cash flow of $25.388 billion, as CEO Sanjay Mehrotra declared the memory industry structurally transformed by AI. Micron has signed 16 strategic customer agreements with take-or-pay terms representing roughly $100 billion in remaining performance obligations and $22 billion in projected customer cash deposits, while HBM can fill only 50% to two-thirds of demand in 2026. Goldman Sachs holds a roughly $900 target, arguing that near-85% gross margins represent a cycle peak that will normalize as new capacity from Micron, SK Hynix, and Samsung comes online, with Micron guiding full-year fiscal 2026 capex to approximately $27 billion and new fabs ID1 and ID2 on track for output in mid-2027 and late-2028. The most aggressive published Wall Street target sits at $2,000 from Susquehanna and DA Davidson, still well short of the $3,000 scenario.",Goldman Sachs Group Inc,GS.US,stock,,,,2026-06-29T15:49:02+00:00,Yahoo Finance,aggregator,https://finance.yahoo.com/markets/stocks/articles/micron-could-3x-ai-memory-154902014.html
Nuclear/SMR for AI,nuclear power for data centers,1,0.752,Nuclear Power Is the Only Real Answer to AI Data Center Demand and These 3 ETFs Cover the Trade at Three Risk Levels,"Nuclear power is the only zero-carbon source that can meet the 24/7 power demands of AI data centers, and three exchange-traded funds offer exposure at different risk levels. Data centers could consume up to 12% of US electricity by 2028, and hyperscalers have already signed 20-year power purchase agreements with Constellation, Talen, and Vistra. The VanEck Uranium and Nuclear ETF, ticker NLR, holds utilities and miners with a 2.7% yield and lower volatility. The Global X Uranium ETF, ticker URA, is the largest and most liquid uranium-themed ETF with $6.3 billion in assets and a 4.7% yield. The Sprott Uranium Miners ETF, ticker URNM, concentrates in miners and physical uranium for maximum spot price leverage.",Vistra Corp.,VST.US,stock,pos,demand,Hyperscalers signed 20-year PPAs with Vistra for AI data center power,2026-06-30T16:11:34+00:00,Yahoo Finance,aggregator,https://finance.yahoo.com/energy/articles/nuclear-power-only-real-answer-161134996.html
Nuclear/SMR for AI,nuclear power for data centers,1,0.752,Nuclear Power Is the Only Real Answer to AI Data Center Demand and These 3 ETFs Cover the Trade at Three Risk Levels,"Nuclear power is the only zero-carbon source that can meet the 24/7 power demands of AI data centers, and three exchange-traded funds offer exposure at different risk levels. Data centers could consume up to 12% of US electricity by 2028, and hyperscalers have already signed 20-year power purchase agreements with Constellation, Talen, and Vistra. The VanEck Uranium and Nuclear ETF, ticker NLR, holds utilities and miners with a 2.7% yield and lower volatility. The Global X Uranium ETF, ticker URA, is the largest and most liquid uranium-themed ETF with $6.3 billion in assets and a 4.7% yield. The Sprott Uranium Miners ETF, ticker URNM, concentrates in miners and physical uranium for maximum spot price leverage.","Uranium (SPUT proxy — Sprott Physical Uranium Trust unit; tracks uranium trend, NOT spot $/lb)",URANIUM,commodity,pos,demand,Uranium demand driven by nuclear power for AI data centers; URNM holds physical uranium,2026-06-30T16:11:34+00:00,Yahoo Finance,aggregator,https://finance.yahoo.com/energy/articles/nuclear-power-only-real-answer-161134996.html
Nuclear/SMR for AI,nuclear power for data centers,1,0.752,Nuclear Power Is the Only Real Answer to AI Data Center Demand and These 3 ETFs Cover the Trade at Three Risk Levels,"Nuclear power is the only zero-carbon source that can meet the 24/7 power demands of AI data centers, and three exchange-traded funds offer exposure at different risk levels. Data centers could consume up to 12% of US electricity by 2028, and hyperscalers have already signed 20-year power purchase agreements with Constellation, Talen, and Vistra. The VanEck Uranium and Nuclear ETF, ticker NLR, holds utilities and miners with a 2.7% yield and lower volatility. The Global X Uranium ETF, ticker URA, is the largest and most liquid uranium-themed ETF with $6.3 billion in assets and a 4.7% yield. The Sprott Uranium Miners ETF, ticker URNM, concentrates in miners and physical uranium for maximum spot price leverage.",Nuscale Power Corp,SMR.US,stock,,,,2026-06-30T16:11:34+00:00,Yahoo Finance,aggregator,https://finance.yahoo.com/energy/articles/nuclear-power-only-real-answer-161134996.html
Nuclear/SMR for AI,nuclear power for data centers,2,0.734,Oklo and NuScale Power pursue different SMR strategies amid $10 trillion nuclear opportunity,"Bank of America analysts project nuclear energy will become a $10 trillion opportunity as surging electricity demand from AI data centers and electrification drives utilities to invest in new generation. Both Oklo and NuScale Power are developing small modular reactors, but their go-to-market strategies differ: NuScale targets utility-scale deployments like a 6 GW system for the Tennessee Valley Authority, while Oklo markets smaller systems directly to data center operators, including a 1.2 GW deal with Meta Platforms. Only two SMRs are currently operating globally, and over 120 designs are in development, but the two companies offer a direct bet on the technology's commercialization.",Nuscale Power Corp,SMR.US,stock,pos,demand,"NuScale Power is highlighted for its utility-scale SMR strategy, including a 6 GW system for TVA, and is positioned to benefit from the $10 trillion nuclear opportunity.",2026-06-26T03:20:00+00:00,Motley Fool,media,https://www.nasdaq.com/articles/should-you-forget-nuscale-power-and-buy-oklo-stock-instead
Nuclear/SMR for AI,nuclear power for data centers,2,0.734,Oklo and NuScale Power pursue different SMR strategies amid $10 trillion nuclear opportunity,"Bank of America analysts project nuclear energy will become a $10 trillion opportunity as surging electricity demand from AI data centers and electrification drives utilities to invest in new generation. Both Oklo and NuScale Power are developing small modular reactors, but their go-to-market strategies differ: NuScale targets utility-scale deployments like a 6 GW system for the Tennessee Valley Authority, while Oklo markets smaller systems directly to data center operators, including a 1.2 GW deal with Meta Platforms. Only two SMRs are currently operating globally, and over 120 designs are in development, but the two companies offer a direct bet on the technology's commercialization.",Oklo Inc.,OKLO.US,stock,pos,demand,"Oklo is highlighted for its strategy targeting data center operators, including a deal with Meta, and is positioned to benefit from the $10 trillion nuclear opportunity.",2026-06-26T03:20:00+00:00,Motley Fool,media,https://www.nasdaq.com/articles/should-you-forget-nuscale-power-and-buy-oklo-stock-instead
Nuclear/SMR for AI,nuclear power for data centers,2,0.734,Oklo and NuScale Power pursue different SMR strategies amid $10 trillion nuclear opportunity,"Bank of America analysts project nuclear energy will become a $10 trillion opportunity as surging electricity demand from AI data centers and electrification drives utilities to invest in new generation. Both Oklo and NuScale Power are developing small modular reactors, but their go-to-market strategies differ: NuScale targets utility-scale deployments like a 6 GW system for the Tennessee Valley Authority, while Oklo markets smaller systems directly to data center operators, including a 1.2 GW deal with Meta Platforms. Only two SMRs are currently operating globally, and over 120 designs are in development, but the two companies offer a direct bet on the technology's commercialization.",Meta Platforms Inc.,META.US,stock,pos,demand,"Meta Platforms is mentioned as a customer with a 1.2 GW deal with Oklo, indicating demand for its data center power needs.",2026-06-26T03:20:00+00:00,Motley Fool,media,https://www.nasdaq.com/articles/should-you-forget-nuscale-power-and-buy-oklo-stock-instead
Nuclear/SMR for AI,nuclear power for data centers,2,0.734,Oklo and NuScale Power pursue different SMR strategies amid $10 trillion nuclear opportunity,"Bank of America analysts project nuclear energy will become a $10 trillion opportunity as surging electricity demand from AI data centers and electrification drives utilities to invest in new generation. Both Oklo and NuScale Power are developing small modular reactors, but their go-to-market strategies differ: NuScale targets utility-scale deployments like a 6 GW system for the Tennessee Valley Authority, while Oklo markets smaller systems directly to data center operators, including a 1.2 GW deal with Meta Platforms. Only two SMRs are currently operating globally, and over 120 designs are in development, but the two companies offer a direct bet on the technology's commercialization.",Bank of America Corp,BAC.US,stock,,,,2026-06-26T03:20:00+00:00,Motley Fool,media,https://www.nasdaq.com/articles/should-you-forget-nuscale-power-and-buy-oklo-stock-instead
Nuclear/SMR for AI,nuclear power for data centers,3,0.727,Constellation Energy Powers AI Growth with Nuclear and Gas Deals,"Constellation Energy is emerging as a critical player for AI infrastructure by supplying power to data centers. The company signed a 20-year power purchase agreement with Microsoft to restart Three Mile Island, and another 20-year deal with Meta Platforms in June 2025 for nuclear power from the Clinton Clean Energy Center in Illinois, with operations expected to resume in 2027. Its recently acquired unit Calpine also signed a 380-megawatt agreement with CyrusOne for a new data center adjacent to the Freestone Energy Center in Texas, complementing a 400-megawatt deal signed last year. Unlike advanced nuclear reactor companies that face regulatory delays, Constellation's existing nuclear assets can meet AI power demand immediately.",Constellation Energy Corp,CEG.US,stock,pos,demand,"Signed multiple long-term power purchase agreements with Microsoft, Meta, and CyrusOne for AI data centers.",2026-07-04T17:57:00+00:00,The Motley Fool,media,https://www.nasdaq.com/articles/ai-cant-thrive-without-stock-hint-its-not-nvidia
Nuclear/SMR for AI,nuclear power for data centers,3,0.727,Constellation Energy Powers AI Growth with Nuclear and Gas Deals,"Constellation Energy is emerging as a critical player for AI infrastructure by supplying power to data centers. The company signed a 20-year power purchase agreement with Microsoft to restart Three Mile Island, and another 20-year deal with Meta Platforms in June 2025 for nuclear power from the Clinton Clean Energy Center in Illinois, with operations expected to resume in 2027. Its recently acquired unit Calpine also signed a 380-megawatt agreement with CyrusOne for a new data center adjacent to the Freestone Energy Center in Texas, complementing a 400-megawatt deal signed last year. Unlike advanced nuclear reactor companies that face regulatory delays, Constellation's existing nuclear assets can meet AI power demand immediately.",Calpine,,private,pos,demand,"Calpine, recently acquired by Constellation, signed a 380-megawatt agreement with CyrusOne for a data center.",2026-07-04T17:57:00+00:00,The Motley Fool,media,https://www.nasdaq.com/articles/ai-cant-thrive-without-stock-hint-its-not-nvidia
Nuclear/SMR for AI,nuclear power for data centers,3,0.727,Constellation Energy Powers AI Growth with Nuclear and Gas Deals,"Constellation Energy is emerging as a critical player for AI infrastructure by supplying power to data centers. The company signed a 20-year power purchase agreement with Microsoft to restart Three Mile Island, and another 20-year deal with Meta Platforms in June 2025 for nuclear power from the Clinton Clean Energy Center in Illinois, with operations expected to resume in 2027. Its recently acquired unit Calpine also signed a 380-megawatt agreement with CyrusOne for a new data center adjacent to the Freestone Energy Center in Texas, complementing a 400-megawatt deal signed last year. Unlike advanced nuclear reactor companies that face regulatory delays, Constellation's existing nuclear assets can meet AI power demand immediately.",Meta Platforms Inc.,META.US,stock,pos,demand,Signed a 20-year nuclear power deal with Constellation for AI data center energy needs.,2026-07-04T17:57:00+00:00,The Motley Fool,media,https://www.nasdaq.com/articles/ai-cant-thrive-without-stock-hint-its-not-nvidia
Nuclear/SMR for AI,nuclear power for data centers,3,0.727,Constellation Energy Powers AI Growth with Nuclear and Gas Deals,"Constellation Energy is emerging as a critical player for AI infrastructure by supplying power to data centers. The company signed a 20-year power purchase agreement with Microsoft to restart Three Mile Island, and another 20-year deal with Meta Platforms in June 2025 for nuclear power from the Clinton Clean Energy Center in Illinois, with operations expected to resume in 2027. Its recently acquired unit Calpine also signed a 380-megawatt agreement with CyrusOne for a new data center adjacent to the Freestone Energy Center in Texas, complementing a 400-megawatt deal signed last year. Unlike advanced nuclear reactor companies that face regulatory delays, Constellation's existing nuclear assets can meet AI power demand immediately.",Microsoft Corporation,MSFT.US,stock,pos,demand,Signed a 20-year power purchase agreement with Constellation to restart Three Mile Island for AI data centers.,2026-07-04T17:57:00+00:00,The Motley Fool,media,https://www.nasdaq.com/articles/ai-cant-thrive-without-stock-hint-its-not-nvidia
Nuclear/SMR for AI,nuclear power for data centers,3,0.727,Constellation Energy Powers AI Growth with Nuclear and Gas Deals,"Constellation Energy is emerging as a critical player for AI infrastructure by supplying power to data centers. The company signed a 20-year power purchase agreement with Microsoft to restart Three Mile Island, and another 20-year deal with Meta Platforms in June 2025 for nuclear power from the Clinton Clean Energy Center in Illinois, with operations expected to resume in 2027. Its recently acquired unit Calpine also signed a 380-megawatt agreement with CyrusOne for a new data center adjacent to the Freestone Energy Center in Texas, complementing a 400-megawatt deal signed last year. Unlike advanced nuclear reactor companies that face regulatory delays, Constellation's existing nuclear assets can meet AI power demand immediately.",CyrusOne,,private,pos,demand,Signed a 380-megawatt agreement with Calpine for a new data center adjacent to Freestone Energy Center.,2026-07-04T17:57:00+00:00,The Motley Fool,media,https://www.nasdaq.com/articles/ai-cant-thrive-without-stock-hint-its-not-nvidia
Nuclear/SMR for AI,nuclear power for data centers,3,0.727,Constellation Energy Powers AI Growth with Nuclear and Gas Deals,"Constellation Energy is emerging as a critical player for AI infrastructure by supplying power to data centers. The company signed a 20-year power purchase agreement with Microsoft to restart Three Mile Island, and another 20-year deal with Meta Platforms in June 2025 for nuclear power from the Clinton Clean Energy Center in Illinois, with operations expected to resume in 2027. Its recently acquired unit Calpine also signed a 380-megawatt agreement with CyrusOne for a new data center adjacent to the Freestone Energy Center in Texas, complementing a 400-megawatt deal signed last year. Unlike advanced nuclear reactor companies that face regulatory delays, Constellation's existing nuclear assets can meet AI power demand immediately.",NVIDIA Corporation,NVDA.US,stock,,,,2026-07-04T17:57:00+00:00,The Motley Fool,media,https://www.nasdaq.com/articles/ai-cant-thrive-without-stock-hint-its-not-nvidia
Nuclear/SMR for AI,nuclear power for data centers,4,0.724,Nano Nuclear Energy aims to certify microreactors that could power AI data centers,"Nano Nuclear Energy is developing microreactors small enough to fit inside a shipping container, targeting deployment at data centers, military zones, and extreme environments like underwater and space. The company currently trades around $20 per share with a $1 billion market cap, and a hundredfold gain would lift its valuation to $100 billion. Bank of America has called nuclear energy the answer to the world's power shortage, citing a $10 trillion potential market. However, Nano Nuclear lacks commercial reactor certification and has no meaningful revenue, with little improvement expected in the next two years. For aggressive growth investors willing to hold for a decade, the stock could offer enormous upside if licensing and microreactor adoption succeed.",Nano Nuclear Energy Inc. Common Stock,NNE.US,stock,pos,demand,"The article highlights Nano Nuclear's microreactors targeting AI data center power demand, a potential growth driver.",2026-06-27T22:05:00+00:00,The Motley Fool,media,https://finance.yahoo.com/markets/stocks/articles/got-1-000-invest-stock-220500113.html
Nuclear/SMR for AI,nuclear power for data centers,4,0.724,Nano Nuclear Energy aims to certify microreactors that could power AI data centers,"Nano Nuclear Energy is developing microreactors small enough to fit inside a shipping container, targeting deployment at data centers, military zones, and extreme environments like underwater and space. The company currently trades around $20 per share with a $1 billion market cap, and a hundredfold gain would lift its valuation to $100 billion. Bank of America has called nuclear energy the answer to the world's power shortage, citing a $10 trillion potential market. However, Nano Nuclear lacks commercial reactor certification and has no meaningful revenue, with little improvement expected in the next two years. For aggressive growth investors willing to hold for a decade, the stock could offer enormous upside if licensing and microreactor adoption succeed.",Bank of America Corp,BAC.US,stock,,,,2026-06-27T22:05:00+00:00,The Motley Fool,media,https://finance.yahoo.com/markets/stocks/articles/got-1-000-invest-stock-220500113.html
Nuclear/SMR for AI,nuclear power for data centers,4,0.724,Nano Nuclear Energy aims to certify microreactors that could power AI data centers,"Nano Nuclear Energy is developing microreactors small enough to fit inside a shipping container, targeting deployment at data centers, military zones, and extreme environments like underwater and space. The company currently trades around $20 per share with a $1 billion market cap, and a hundredfold gain would lift its valuation to $100 billion. Bank of America has called nuclear energy the answer to the world's power shortage, citing a $10 trillion potential market. However, Nano Nuclear lacks commercial reactor certification and has no meaningful revenue, with little improvement expected in the next two years. For aggressive growth investors willing to hold for a decade, the stock could offer enormous upside if licensing and microreactor adoption succeed.",NVIDIA Corporation,NVDA.US,stock,,,,2026-06-27T22:05:00+00:00,The Motley Fool,media,https://finance.yahoo.com/markets/stocks/articles/got-1-000-invest-stock-220500113.html
Nuclear/SMR for AI,nuclear power for data centers,5,0.719,NuScale Power signs Paragon contract to advance SMR commercialization,"NuScale Power has signed a new contract with Paragon to support the commercialization of its small modular reactor technology. The agreement strengthens NuScale's supply chain and execution plan as it works toward deploying NRC-approved SMR units in the U.S. NuScale already holds the only U.S. Nuclear Regulatory Commission approval for an SMR design, which sets it apart in an industry where regulatory clearance can take years. The news comes as AI-related data center demand increases electricity needs and nuclear power returns to the energy conversation.",Nuscale Power Corp,SMR.US,stock,pos,technology,"NuScale signs contract with Paragon to advance SMR commercialization, leveraging its NRC-approved design.",2026-06-27T02:05:52+00:00,Simply Wall St,media,https://finance.yahoo.com/energy/articles/nuscale-power-smr-secures-paragon-020552129.html
Nuclear/SMR for AI,nuclear power for data centers,5,0.719,NuScale Power signs Paragon contract to advance SMR commercialization,"NuScale Power has signed a new contract with Paragon to support the commercialization of its small modular reactor technology. The agreement strengthens NuScale's supply chain and execution plan as it works toward deploying NRC-approved SMR units in the U.S. NuScale already holds the only U.S. Nuclear Regulatory Commission approval for an SMR design, which sets it apart in an industry where regulatory clearance can take years. The news comes as AI-related data center demand increases electricity needs and nuclear power returns to the energy conversation.",Paragon Banking Group PLC,PAG.LSE,stock,,,,2026-06-27T02:05:52+00:00,Simply Wall St,media,https://finance.yahoo.com/energy/articles/nuscale-power-smr-secures-paragon-020552129.html
Nuclear/SMR for AI,nuclear power for data centers,6,0.716,NANO Nuclear Energy's microreactors could benefit from AI and data center power demand,"NANO Nuclear Energy is developing compact microreactors that could serve rising electricity demand from artificial intelligence and hyperscale data centers. The company's portable designs target remote communities, industrial facilities, and military installations requiring off-grid power, while it also expands into nuclear fuel transportation and consulting. The Nuclear Regulatory Commission has begun formal review of the KRONOS MMR construction permit application, with environmental and safety reviews scheduled through 2027. Analysts have raised earnings estimates for 2026 and 2027 by 32.14% and 17.96% over the past 60 days, and the stock carries a Zacks Rank of 3, or Hold.",Nano Nuclear Energy Inc. Common Stock,NNE.US,stock,pos,demand,AI and data center power demand could benefit its microreactors,2026-07-01T15:53:00+00:00,Zacks Investment Research,media,https://finance.yahoo.com/energy/articles/rising-demand-ai-data-centers-155300483.html
Nuclear/SMR for AI,nuclear power for data centers,6,0.716,NANO Nuclear Energy's microreactors could benefit from AI and data center power demand,"NANO Nuclear Energy is developing compact microreactors that could serve rising electricity demand from artificial intelligence and hyperscale data centers. The company's portable designs target remote communities, industrial facilities, and military installations requiring off-grid power, while it also expands into nuclear fuel transportation and consulting. The Nuclear Regulatory Commission has begun formal review of the KRONOS MMR construction permit application, with environmental and safety reviews scheduled through 2027. Analysts have raised earnings estimates for 2026 and 2027 by 32.14% and 17.96% over the past 60 days, and the stock carries a Zacks Rank of 3, or Hold.",GE Vernova LLC,GEV.US,stock,,,,2026-07-01T15:53:00+00:00,Zacks Investment Research,media,https://finance.yahoo.com/energy/articles/rising-demand-ai-data-centers-155300483.html
Nuclear/SMR for AI,nuclear power for data centers,6,0.716,NANO Nuclear Energy's microreactors could benefit from AI and data center power demand,"NANO Nuclear Energy is developing compact microreactors that could serve rising electricity demand from artificial intelligence and hyperscale data centers. The company's portable designs target remote communities, industrial facilities, and military installations requiring off-grid power, while it also expands into nuclear fuel transportation and consulting. The Nuclear Regulatory Commission has begun formal review of the KRONOS MMR construction permit application, with environmental and safety reviews scheduled through 2027. Analysts have raised earnings estimates for 2026 and 2027 by 32.14% and 17.96% over the past 60 days, and the stock carries a Zacks Rank of 3, or Hold.",Oklo Inc.,OKLO.US,stock,,,,2026-07-01T15:53:00+00:00,Zacks Investment Research,media,https://finance.yahoo.com/energy/articles/rising-demand-ai-data-centers-155300483.html
Nuclear/SMR for AI,nuclear power for data centers,7,0.715,"AI Power Stocks Could Be a Once-in-a-Generation Trade, Starting With Data Center Infrastructure","The AI boom is shifting investment focus from semiconductors to the power sector, as data centers require massive electricity. The power generation industry, valued at $1.3 trillion today, is expected to grow to $2.2 trillion by 2034, driven by hyperscalers like Microsoft, Amazon, Google, and Meta signing long-term power purchase agreements. Constellation Energy has a 20-year deal with Microsoft to restart a unit at Three Mile Island, investing $1.6 billion, and a separate 20-year pact with Meta for 1.21 gigawatts of nuclear power. Talen Energy partnered with Amazon for up to 1.9 gigawatts from its Susquehanna plant, located adjacent to Amazon's data center. Cameco Corp, a uranium supplier, stands to benefit from rising nuclear fuel demand. Quanta Services, a major transmission infrastructure contractor, is positioned to capture grid interconnection needs. Electrical equipment makers Eaton Corp, Schneider Electric, and GE Vernova supply critical hardware and systems for power generation and distribution. Risks include cyclical spending, potential overbuilding, and concentration on a few large tech customers.",Constellation Energy Corp,CEG.US,stock,pos,demand,"Constellation Energy has 20-year deals with Microsoft and Meta for nuclear power, directly benefiting from AI-driven electricity demand.",2026-06-26T22:01:23+00:00,Barchart,media,https://finance.yahoo.com/energy/articles/ai-power-stocks-could-once-220123690.html
Nuclear/SMR for AI,nuclear power for data centers,7,0.715,"AI Power Stocks Could Be a Once-in-a-Generation Trade, Starting With Data Center Infrastructure","The AI boom is shifting investment focus from semiconductors to the power sector, as data centers require massive electricity. The power generation industry, valued at $1.3 trillion today, is expected to grow to $2.2 trillion by 2034, driven by hyperscalers like Microsoft, Amazon, Google, and Meta signing long-term power purchase agreements. Constellation Energy has a 20-year deal with Microsoft to restart a unit at Three Mile Island, investing $1.6 billion, and a separate 20-year pact with Meta for 1.21 gigawatts of nuclear power. Talen Energy partnered with Amazon for up to 1.9 gigawatts from its Susquehanna plant, located adjacent to Amazon's data center. Cameco Corp, a uranium supplier, stands to benefit from rising nuclear fuel demand. Quanta Services, a major transmission infrastructure contractor, is positioned to capture grid interconnection needs. Electrical equipment makers Eaton Corp, Schneider Electric, and GE Vernova supply critical hardware and systems for power generation and distribution. Risks include cyclical spending, potential overbuilding, and concentration on a few large tech customers.",Quanta Services Inc,PWR.US,stock,pos,demand,Quanta Services is a major transmission contractor benefiting from grid interconnection needs driven by data center growth.,2026-06-26T22:01:23+00:00,Barchart,media,https://finance.yahoo.com/energy/articles/ai-power-stocks-could-once-220123690.html
Nuclear/SMR for AI,nuclear power for data centers,7,0.715,"AI Power Stocks Could Be a Once-in-a-Generation Trade, Starting With Data Center Infrastructure","The AI boom is shifting investment focus from semiconductors to the power sector, as data centers require massive electricity. The power generation industry, valued at $1.3 trillion today, is expected to grow to $2.2 trillion by 2034, driven by hyperscalers like Microsoft, Amazon, Google, and Meta signing long-term power purchase agreements. Constellation Energy has a 20-year deal with Microsoft to restart a unit at Three Mile Island, investing $1.6 billion, and a separate 20-year pact with Meta for 1.21 gigawatts of nuclear power. Talen Energy partnered with Amazon for up to 1.9 gigawatts from its Susquehanna plant, located adjacent to Amazon's data center. Cameco Corp, a uranium supplier, stands to benefit from rising nuclear fuel demand. Quanta Services, a major transmission infrastructure contractor, is positioned to capture grid interconnection needs. Electrical equipment makers Eaton Corp, Schneider Electric, and GE Vernova supply critical hardware and systems for power generation and distribution. Risks include cyclical spending, potential overbuilding, and concentration on a few large tech customers.",Talen Energy Corporation,TLN.US,stock,pos,demand,"Talen Energy partnered with Amazon for up to 1.9 GW from its Susquehanna plant, directly benefiting from data center demand.",2026-06-26T22:01:23+00:00,Barchart,media,https://finance.yahoo.com/energy/articles/ai-power-stocks-could-once-220123690.html
Nuclear/SMR for AI,nuclear power for data centers,7,0.715,"AI Power Stocks Could Be a Once-in-a-Generation Trade, Starting With Data Center Infrastructure","The AI boom is shifting investment focus from semiconductors to the power sector, as data centers require massive electricity. The power generation industry, valued at $1.3 trillion today, is expected to grow to $2.2 trillion by 2034, driven by hyperscalers like Microsoft, Amazon, Google, and Meta signing long-term power purchase agreements. Constellation Energy has a 20-year deal with Microsoft to restart a unit at Three Mile Island, investing $1.6 billion, and a separate 20-year pact with Meta for 1.21 gigawatts of nuclear power. Talen Energy partnered with Amazon for up to 1.9 gigawatts from its Susquehanna plant, located adjacent to Amazon's data center. Cameco Corp, a uranium supplier, stands to benefit from rising nuclear fuel demand. Quanta Services, a major transmission infrastructure contractor, is positioned to capture grid interconnection needs. Electrical equipment makers Eaton Corp, Schneider Electric, and GE Vernova supply critical hardware and systems for power generation and distribution. Risks include cyclical spending, potential overbuilding, and concentration on a few large tech customers.",Cameco Corp,CCJ.US,stock,pos,demand,Cameco supplies uranium; rising nuclear fuel demand from data center power needs benefits the company.,2026-06-26T22:01:23+00:00,Barchart,media,https://finance.yahoo.com/energy/articles/ai-power-stocks-could-once-220123690.html
Nuclear/SMR for AI,nuclear power for data centers,7,0.715,"AI Power Stocks Could Be a Once-in-a-Generation Trade, Starting With Data Center Infrastructure","The AI boom is shifting investment focus from semiconductors to the power sector, as data centers require massive electricity. The power generation industry, valued at $1.3 trillion today, is expected to grow to $2.2 trillion by 2034, driven by hyperscalers like Microsoft, Amazon, Google, and Meta signing long-term power purchase agreements. Constellation Energy has a 20-year deal with Microsoft to restart a unit at Three Mile Island, investing $1.6 billion, and a separate 20-year pact with Meta for 1.21 gigawatts of nuclear power. Talen Energy partnered with Amazon for up to 1.9 gigawatts from its Susquehanna plant, located adjacent to Amazon's data center. Cameco Corp, a uranium supplier, stands to benefit from rising nuclear fuel demand. Quanta Services, a major transmission infrastructure contractor, is positioned to capture grid interconnection needs. Electrical equipment makers Eaton Corp, Schneider Electric, and GE Vernova supply critical hardware and systems for power generation and distribution. Risks include cyclical spending, potential overbuilding, and concentration on a few large tech customers.",Schneider Electric S.E.,SU.PA,stock,pos,demand,"Schneider Electric supplies electrical equipment for power generation and distribution, benefiting from data center infrastructure buildout.",2026-06-26T22:01:23+00:00,Barchart,media,https://finance.yahoo.com/energy/articles/ai-power-stocks-could-once-220123690.html
Nuclear/SMR for AI,nuclear power for data centers,7,0.715,"AI Power Stocks Could Be a Once-in-a-Generation Trade, Starting With Data Center Infrastructure","The AI boom is shifting investment focus from semiconductors to the power sector, as data centers require massive electricity. The power generation industry, valued at $1.3 trillion today, is expected to grow to $2.2 trillion by 2034, driven by hyperscalers like Microsoft, Amazon, Google, and Meta signing long-term power purchase agreements. Constellation Energy has a 20-year deal with Microsoft to restart a unit at Three Mile Island, investing $1.6 billion, and a separate 20-year pact with Meta for 1.21 gigawatts of nuclear power. Talen Energy partnered with Amazon for up to 1.9 gigawatts from its Susquehanna plant, located adjacent to Amazon's data center. Cameco Corp, a uranium supplier, stands to benefit from rising nuclear fuel demand. Quanta Services, a major transmission infrastructure contractor, is positioned to capture grid interconnection needs. Electrical equipment makers Eaton Corp, Schneider Electric, and GE Vernova supply critical hardware and systems for power generation and distribution. Risks include cyclical spending, potential overbuilding, and concentration on a few large tech customers.",Eaton Corporation PLC,ETN.US,stock,pos,demand,"Eaton supplies electrical equipment for power generation and distribution, benefiting from data center infrastructure buildout.",2026-06-26T22:01:23+00:00,Barchart,media,https://finance.yahoo.com/energy/articles/ai-power-stocks-could-once-220123690.html
Nuclear/SMR for AI,nuclear power for data centers,7,0.715,"AI Power Stocks Could Be a Once-in-a-Generation Trade, Starting With Data Center Infrastructure","The AI boom is shifting investment focus from semiconductors to the power sector, as data centers require massive electricity. The power generation industry, valued at $1.3 trillion today, is expected to grow to $2.2 trillion by 2034, driven by hyperscalers like Microsoft, Amazon, Google, and Meta signing long-term power purchase agreements. Constellation Energy has a 20-year deal with Microsoft to restart a unit at Three Mile Island, investing $1.6 billion, and a separate 20-year pact with Meta for 1.21 gigawatts of nuclear power. Talen Energy partnered with Amazon for up to 1.9 gigawatts from its Susquehanna plant, located adjacent to Amazon's data center. Cameco Corp, a uranium supplier, stands to benefit from rising nuclear fuel demand. Quanta Services, a major transmission infrastructure contractor, is positioned to capture grid interconnection needs. Electrical equipment makers Eaton Corp, Schneider Electric, and GE Vernova supply critical hardware and systems for power generation and distribution. Risks include cyclical spending, potential overbuilding, and concentration on a few large tech customers.",GE Vernova LLC,GEV.US,stock,pos,demand,"GE Vernova supplies critical hardware for power generation and distribution, positioned to capture grid interconnection needs.",2026-06-26T22:01:23+00:00,Barchart,media,https://finance.yahoo.com/energy/articles/ai-power-stocks-could-once-220123690.html
Nuclear/SMR for AI,nuclear power for data centers,7,0.715,"AI Power Stocks Could Be a Once-in-a-Generation Trade, Starting With Data Center Infrastructure","The AI boom is shifting investment focus from semiconductors to the power sector, as data centers require massive electricity. The power generation industry, valued at $1.3 trillion today, is expected to grow to $2.2 trillion by 2034, driven by hyperscalers like Microsoft, Amazon, Google, and Meta signing long-term power purchase agreements. Constellation Energy has a 20-year deal with Microsoft to restart a unit at Three Mile Island, investing $1.6 billion, and a separate 20-year pact with Meta for 1.21 gigawatts of nuclear power. Talen Energy partnered with Amazon for up to 1.9 gigawatts from its Susquehanna plant, located adjacent to Amazon's data center. Cameco Corp, a uranium supplier, stands to benefit from rising nuclear fuel demand. Quanta Services, a major transmission infrastructure contractor, is positioned to capture grid interconnection needs. Electrical equipment makers Eaton Corp, Schneider Electric, and GE Vernova supply critical hardware and systems for power generation and distribution. Risks include cyclical spending, potential overbuilding, and concentration on a few large tech customers.",Amazon.com Inc,AMZN.US,stock,pos,demand,"Amazon is a hyperscaler signing long-term power purchase agreements, driving demand for data center infrastructure.",2026-06-26T22:01:23+00:00,Barchart,media,https://finance.yahoo.com/energy/articles/ai-power-stocks-could-once-220123690.html
Nuclear/SMR for AI,nuclear power for data centers,7,0.715,"AI Power Stocks Could Be a Once-in-a-Generation Trade, Starting With Data Center Infrastructure","The AI boom is shifting investment focus from semiconductors to the power sector, as data centers require massive electricity. The power generation industry, valued at $1.3 trillion today, is expected to grow to $2.2 trillion by 2034, driven by hyperscalers like Microsoft, Amazon, Google, and Meta signing long-term power purchase agreements. Constellation Energy has a 20-year deal with Microsoft to restart a unit at Three Mile Island, investing $1.6 billion, and a separate 20-year pact with Meta for 1.21 gigawatts of nuclear power. Talen Energy partnered with Amazon for up to 1.9 gigawatts from its Susquehanna plant, located adjacent to Amazon's data center. Cameco Corp, a uranium supplier, stands to benefit from rising nuclear fuel demand. Quanta Services, a major transmission infrastructure contractor, is positioned to capture grid interconnection needs. Electrical equipment makers Eaton Corp, Schneider Electric, and GE Vernova supply critical hardware and systems for power generation and distribution. Risks include cyclical spending, potential overbuilding, and concentration on a few large tech customers.",Meta Platforms Inc.,META.US,stock,pos,demand,"Meta is a hyperscaler signing long-term power purchase agreements, driving demand for data center infrastructure.",2026-06-26T22:01:23+00:00,Barchart,media,https://finance.yahoo.com/energy/articles/ai-power-stocks-could-once-220123690.html
Nuclear/SMR for AI,nuclear power for data centers,7,0.715,"AI Power Stocks Could Be a Once-in-a-Generation Trade, Starting With Data Center Infrastructure","The AI boom is shifting investment focus from semiconductors to the power sector, as data centers require massive electricity. The power generation industry, valued at $1.3 trillion today, is expected to grow to $2.2 trillion by 2034, driven by hyperscalers like Microsoft, Amazon, Google, and Meta signing long-term power purchase agreements. Constellation Energy has a 20-year deal with Microsoft to restart a unit at Three Mile Island, investing $1.6 billion, and a separate 20-year pact with Meta for 1.21 gigawatts of nuclear power. Talen Energy partnered with Amazon for up to 1.9 gigawatts from its Susquehanna plant, located adjacent to Amazon's data center. Cameco Corp, a uranium supplier, stands to benefit from rising nuclear fuel demand. Quanta Services, a major transmission infrastructure contractor, is positioned to capture grid interconnection needs. Electrical equipment makers Eaton Corp, Schneider Electric, and GE Vernova supply critical hardware and systems for power generation and distribution. Risks include cyclical spending, potential overbuilding, and concentration on a few large tech customers.",Microsoft Corporation,MSFT.US,stock,pos,demand,"Microsoft signed a 20-year deal with Constellation Energy for nuclear power, indicating strong demand for data center energy.",2026-06-26T22:01:23+00:00,Barchart,media,https://finance.yahoo.com/energy/articles/ai-power-stocks-could-once-220123690.html
Nuclear/SMR for AI,nuclear power for data centers,7,0.715,"AI Power Stocks Could Be a Once-in-a-Generation Trade, Starting With Data Center Infrastructure","The AI boom is shifting investment focus from semiconductors to the power sector, as data centers require massive electricity. The power generation industry, valued at $1.3 trillion today, is expected to grow to $2.2 trillion by 2034, driven by hyperscalers like Microsoft, Amazon, Google, and Meta signing long-term power purchase agreements. Constellation Energy has a 20-year deal with Microsoft to restart a unit at Three Mile Island, investing $1.6 billion, and a separate 20-year pact with Meta for 1.21 gigawatts of nuclear power. Talen Energy partnered with Amazon for up to 1.9 gigawatts from its Susquehanna plant, located adjacent to Amazon's data center. Cameco Corp, a uranium supplier, stands to benefit from rising nuclear fuel demand. Quanta Services, a major transmission infrastructure contractor, is positioned to capture grid interconnection needs. Electrical equipment makers Eaton Corp, Schneider Electric, and GE Vernova supply critical hardware and systems for power generation and distribution. Risks include cyclical spending, potential overbuilding, and concentration on a few large tech customers.",Advanced Micro Devices Inc,AMD.US,stock,,,,2026-06-26T22:01:23+00:00,Barchart,media,https://finance.yahoo.com/energy/articles/ai-power-stocks-could-once-220123690.html
Nuclear/SMR for AI,nuclear power for data centers,7,0.715,"AI Power Stocks Could Be a Once-in-a-Generation Trade, Starting With Data Center Infrastructure","The AI boom is shifting investment focus from semiconductors to the power sector, as data centers require massive electricity. The power generation industry, valued at $1.3 trillion today, is expected to grow to $2.2 trillion by 2034, driven by hyperscalers like Microsoft, Amazon, Google, and Meta signing long-term power purchase agreements. Constellation Energy has a 20-year deal with Microsoft to restart a unit at Three Mile Island, investing $1.6 billion, and a separate 20-year pact with Meta for 1.21 gigawatts of nuclear power. Talen Energy partnered with Amazon for up to 1.9 gigawatts from its Susquehanna plant, located adjacent to Amazon's data center. Cameco Corp, a uranium supplier, stands to benefit from rising nuclear fuel demand. Quanta Services, a major transmission infrastructure contractor, is positioned to capture grid interconnection needs. Electrical equipment makers Eaton Corp, Schneider Electric, and GE Vernova supply critical hardware and systems for power generation and distribution. Risks include cyclical spending, potential overbuilding, and concentration on a few large tech customers.",Alphabet Inc Class A,GOOGL.US,stock,,,,2026-06-26T22:01:23+00:00,Barchart,media,https://finance.yahoo.com/energy/articles/ai-power-stocks-could-once-220123690.html
Nuclear/SMR for AI,nuclear power for data centers,7,0.715,"AI Power Stocks Could Be a Once-in-a-Generation Trade, Starting With Data Center Infrastructure","The AI boom is shifting investment focus from semiconductors to the power sector, as data centers require massive electricity. The power generation industry, valued at $1.3 trillion today, is expected to grow to $2.2 trillion by 2034, driven by hyperscalers like Microsoft, Amazon, Google, and Meta signing long-term power purchase agreements. Constellation Energy has a 20-year deal with Microsoft to restart a unit at Three Mile Island, investing $1.6 billion, and a separate 20-year pact with Meta for 1.21 gigawatts of nuclear power. Talen Energy partnered with Amazon for up to 1.9 gigawatts from its Susquehanna plant, located adjacent to Amazon's data center. Cameco Corp, a uranium supplier, stands to benefit from rising nuclear fuel demand. Quanta Services, a major transmission infrastructure contractor, is positioned to capture grid interconnection needs. Electrical equipment makers Eaton Corp, Schneider Electric, and GE Vernova supply critical hardware and systems for power generation and distribution. Risks include cyclical spending, potential overbuilding, and concentration on a few large tech customers.",Broadcom Inc,AVGO.US,stock,,,,2026-06-26T22:01:23+00:00,Barchart,media,https://finance.yahoo.com/energy/articles/ai-power-stocks-could-once-220123690.html
Nuclear/SMR for AI,nuclear power for data centers,7,0.715,"AI Power Stocks Could Be a Once-in-a-Generation Trade, Starting With Data Center Infrastructure","The AI boom is shifting investment focus from semiconductors to the power sector, as data centers require massive electricity. The power generation industry, valued at $1.3 trillion today, is expected to grow to $2.2 trillion by 2034, driven by hyperscalers like Microsoft, Amazon, Google, and Meta signing long-term power purchase agreements. Constellation Energy has a 20-year deal with Microsoft to restart a unit at Three Mile Island, investing $1.6 billion, and a separate 20-year pact with Meta for 1.21 gigawatts of nuclear power. Talen Energy partnered with Amazon for up to 1.9 gigawatts from its Susquehanna plant, located adjacent to Amazon's data center. Cameco Corp, a uranium supplier, stands to benefit from rising nuclear fuel demand. Quanta Services, a major transmission infrastructure contractor, is positioned to capture grid interconnection needs. Electrical equipment makers Eaton Corp, Schneider Electric, and GE Vernova supply critical hardware and systems for power generation and distribution. Risks include cyclical spending, potential overbuilding, and concentration on a few large tech customers.",Chevron Corp,CVX.US,stock,,,,2026-06-26T22:01:23+00:00,Barchart,media,https://finance.yahoo.com/energy/articles/ai-power-stocks-could-once-220123690.html
Nuclear/SMR for AI,nuclear power for data centers,7,0.715,"AI Power Stocks Could Be a Once-in-a-Generation Trade, Starting With Data Center Infrastructure","The AI boom is shifting investment focus from semiconductors to the power sector, as data centers require massive electricity. The power generation industry, valued at $1.3 trillion today, is expected to grow to $2.2 trillion by 2034, driven by hyperscalers like Microsoft, Amazon, Google, and Meta signing long-term power purchase agreements. Constellation Energy has a 20-year deal with Microsoft to restart a unit at Three Mile Island, investing $1.6 billion, and a separate 20-year pact with Meta for 1.21 gigawatts of nuclear power. Talen Energy partnered with Amazon for up to 1.9 gigawatts from its Susquehanna plant, located adjacent to Amazon's data center. Cameco Corp, a uranium supplier, stands to benefit from rising nuclear fuel demand. Quanta Services, a major transmission infrastructure contractor, is positioned to capture grid interconnection needs. Electrical equipment makers Eaton Corp, Schneider Electric, and GE Vernova supply critical hardware and systems for power generation and distribution. Risks include cyclical spending, potential overbuilding, and concentration on a few large tech customers.",Marvell Technology Group Ltd,MRVL.US,stock,,,,2026-06-26T22:01:23+00:00,Barchart,media,https://finance.yahoo.com/energy/articles/ai-power-stocks-could-once-220123690.html
Nuclear/SMR for AI,nuclear power for data centers,7,0.715,"AI Power Stocks Could Be a Once-in-a-Generation Trade, Starting With Data Center Infrastructure","The AI boom is shifting investment focus from semiconductors to the power sector, as data centers require massive electricity. The power generation industry, valued at $1.3 trillion today, is expected to grow to $2.2 trillion by 2034, driven by hyperscalers like Microsoft, Amazon, Google, and Meta signing long-term power purchase agreements. Constellation Energy has a 20-year deal with Microsoft to restart a unit at Three Mile Island, investing $1.6 billion, and a separate 20-year pact with Meta for 1.21 gigawatts of nuclear power. Talen Energy partnered with Amazon for up to 1.9 gigawatts from its Susquehanna plant, located adjacent to Amazon's data center. Cameco Corp, a uranium supplier, stands to benefit from rising nuclear fuel demand. Quanta Services, a major transmission infrastructure contractor, is positioned to capture grid interconnection needs. Electrical equipment makers Eaton Corp, Schneider Electric, and GE Vernova supply critical hardware and systems for power generation and distribution. Risks include cyclical spending, potential overbuilding, and concentration on a few large tech customers.",NVIDIA Corporation,NVDA.US,stock,,,,2026-06-26T22:01:23+00:00,Barchart,media,https://finance.yahoo.com/energy/articles/ai-power-stocks-could-once-220123690.html
Stablecoins under scrutiny,stablecoin issuers under regulatory scrutiny,1,0.722,Fed’s new stablecoin rules could make Circle the biggest winner,"The Federal Reserve proposed new rules in mid-June requiring stablecoin issuers to verify customer identities before opening accounts or redeeming tokens, applying bank-style anti-money laundering standards. The tighter restrictions could strengthen Circle, issuer of USD Coin, by widening its regulatory moat against competitors like Tether, which is issued by Hong Kong-based iFinex and backed by an opaque mix of assets. Circle promotes USD Coin as a tightly regulated, US-centric stablecoin firmly backed by dollars and Treasuries, and the Fed’s proposal would make it even harder for Tether to challenge USD Coin in the U.S. market. Circle’s application for a U.S. bank charter was conditionally approved last December, and a clearer regulatory framework could support its evolution into a federally chartered bank. Analysts expect Circle’s revenue to nearly double from 2025 to 2028, with adjusted EBITDA more than doubling, and the company currently has an enterprise value of $15.9 billion.","Circle Internet Group, Inc.",CRCL.US,stock,pos,regulation,"Fed's stablecoin rules widen regulatory moat for Circle, strengthening its competitive position against Tether.",2026-06-28T17:44:17+00:00,The Motley Fool,media,https://www.nasdaq.com/articles/federal-reserve-has-new-rules-stablecoins-circle-could-be-biggest-winner
Stablecoins under scrutiny,stablecoin issuers under regulatory scrutiny,1,0.722,Fed’s new stablecoin rules could make Circle the biggest winner,"The Federal Reserve proposed new rules in mid-June requiring stablecoin issuers to verify customer identities before opening accounts or redeeming tokens, applying bank-style anti-money laundering standards. The tighter restrictions could strengthen Circle, issuer of USD Coin, by widening its regulatory moat against competitors like Tether, which is issued by Hong Kong-based iFinex and backed by an opaque mix of assets. Circle promotes USD Coin as a tightly regulated, US-centric stablecoin firmly backed by dollars and Treasuries, and the Fed’s proposal would make it even harder for Tether to challenge USD Coin in the U.S. market. Circle’s application for a U.S. bank charter was conditionally approved last December, and a clearer regulatory framework could support its evolution into a federally chartered bank. Analysts expect Circle’s revenue to nearly double from 2025 to 2028, with adjusted EBITDA more than doubling, and the company currently has an enterprise value of $15.9 billion.",Tether,USDT,crypto,neg,regulation,Fed's proposal makes it harder for Tether to challenge USD Coin in the U.S. market.,2026-06-28T17:44:17+00:00,The Motley Fool,media,https://www.nasdaq.com/articles/federal-reserve-has-new-rules-stablecoins-circle-could-be-biggest-winner
Stablecoins under scrutiny,stablecoin issuers under regulatory scrutiny,1,0.722,Fed’s new stablecoin rules could make Circle the biggest winner,"The Federal Reserve proposed new rules in mid-June requiring stablecoin issuers to verify customer identities before opening accounts or redeeming tokens, applying bank-style anti-money laundering standards. The tighter restrictions could strengthen Circle, issuer of USD Coin, by widening its regulatory moat against competitors like Tether, which is issued by Hong Kong-based iFinex and backed by an opaque mix of assets. Circle promotes USD Coin as a tightly regulated, US-centric stablecoin firmly backed by dollars and Treasuries, and the Fed’s proposal would make it even harder for Tether to challenge USD Coin in the U.S. market. Circle’s application for a U.S. bank charter was conditionally approved last December, and a clearer regulatory framework could support its evolution into a federally chartered bank. Analysts expect Circle’s revenue to nearly double from 2025 to 2028, with adjusted EBITDA more than doubling, and the company currently has an enterprise value of $15.9 billion.",USD Coin,USDC,crypto,pos,regulation,Tighter rules favor USD Coin by making it harder for Tether to compete in the U.S. market.,2026-06-28T17:44:17+00:00,The Motley Fool,media,https://www.nasdaq.com/articles/federal-reserve-has-new-rules-stablecoins-circle-could-be-biggest-winner
Stablecoins under scrutiny,stablecoin issuers under regulatory scrutiny,1,0.722,Fed’s new stablecoin rules could make Circle the biggest winner,"The Federal Reserve proposed new rules in mid-June requiring stablecoin issuers to verify customer identities before opening accounts or redeeming tokens, applying bank-style anti-money laundering standards. The tighter restrictions could strengthen Circle, issuer of USD Coin, by widening its regulatory moat against competitors like Tether, which is issued by Hong Kong-based iFinex and backed by an opaque mix of assets. Circle promotes USD Coin as a tightly regulated, US-centric stablecoin firmly backed by dollars and Treasuries, and the Fed’s proposal would make it even harder for Tether to challenge USD Coin in the U.S. market. Circle’s application for a U.S. bank charter was conditionally approved last December, and a clearer regulatory framework could support its evolution into a federally chartered bank. Analysts expect Circle’s revenue to nearly double from 2025 to 2028, with adjusted EBITDA more than doubling, and the company currently has an enterprise value of $15.9 billion.",iFinex Inc.,,private,neg,regulation,"Tighter stablecoin rules disadvantage iFinex's Tether, which is backed by opaque assets.",2026-06-28T17:44:17+00:00,The Motley Fool,media,https://www.nasdaq.com/articles/federal-reserve-has-new-rules-stablecoins-circle-could-be-biggest-winner
Stablecoins under scrutiny,stablecoin issuers under regulatory scrutiny,2,0.701,"Open USD Stablecoin Consortium Launches, Targeting Circle's USDC Market Share","A consortium of over 140 organizations, including Visa, Mastercard, BlackRock, Alphabet, and Coinbase, announced the launch of Open USD, a new dollar-pegged stablecoin set to debut later this year. Open USD proposes joint governance and sharing interest earned on reserves with partners, along with free minting and redemptions, directly challenging Circle's USDC revenue model. Circle's stock fell 22% over the 48 hours following the announcement, though it has since pared losses, as investors reacted to the potential threat to Circle's reserve yield, which accounted for $2.63 billion of its $2.75 billion in 2025 revenue. Despite the consortium's high-profile backing, Circle's first-mover advantage and regulatory progress may be difficult to replicate, and Tether remains dominant with $184 billion USDT in circulation, nearly 60% of the total stablecoin market, compared to USDC's $73 billion.","Circle Internet Group, Inc.",CRCL.US,stock,neg,competition,"Open USD consortium with major partners directly challenges Circle's USDC revenue model, threatening its reserve yield income.",2026-07-04T15:11:00+00:00,The Motley Fool,media,https://www.nasdaq.com/articles/new-stablecoin-taking-aim-circles-usdc-heres-what-investors-need-know
Stablecoins under scrutiny,stablecoin issuers under regulatory scrutiny,2,0.701,"Open USD Stablecoin Consortium Launches, Targeting Circle's USDC Market Share","A consortium of over 140 organizations, including Visa, Mastercard, BlackRock, Alphabet, and Coinbase, announced the launch of Open USD, a new dollar-pegged stablecoin set to debut later this year. Open USD proposes joint governance and sharing interest earned on reserves with partners, along with free minting and redemptions, directly challenging Circle's USDC revenue model. Circle's stock fell 22% over the 48 hours following the announcement, though it has since pared losses, as investors reacted to the potential threat to Circle's reserve yield, which accounted for $2.63 billion of its $2.75 billion in 2025 revenue. Despite the consortium's high-profile backing, Circle's first-mover advantage and regulatory progress may be difficult to replicate, and Tether remains dominant with $184 billion USDT in circulation, nearly 60% of the total stablecoin market, compared to USDC's $73 billion.",Alphabet Inc Class A,GOOGL.US,stock,,,,2026-07-04T15:11:00+00:00,The Motley Fool,media,https://www.nasdaq.com/articles/new-stablecoin-taking-aim-circles-usdc-heres-what-investors-need-know
Stablecoins under scrutiny,stablecoin issuers under regulatory scrutiny,2,0.701,"Open USD Stablecoin Consortium Launches, Targeting Circle's USDC Market Share","A consortium of over 140 organizations, including Visa, Mastercard, BlackRock, Alphabet, and Coinbase, announced the launch of Open USD, a new dollar-pegged stablecoin set to debut later this year. Open USD proposes joint governance and sharing interest earned on reserves with partners, along with free minting and redemptions, directly challenging Circle's USDC revenue model. Circle's stock fell 22% over the 48 hours following the announcement, though it has since pared losses, as investors reacted to the potential threat to Circle's reserve yield, which accounted for $2.63 billion of its $2.75 billion in 2025 revenue. Despite the consortium's high-profile backing, Circle's first-mover advantage and regulatory progress may be difficult to replicate, and Tether remains dominant with $184 billion USDT in circulation, nearly 60% of the total stablecoin market, compared to USDC's $73 billion.",BlackRock Inc,BLK.US,stock,,,,2026-07-04T15:11:00+00:00,The Motley Fool,media,https://www.nasdaq.com/articles/new-stablecoin-taking-aim-circles-usdc-heres-what-investors-need-know
Stablecoins under scrutiny,stablecoin issuers under regulatory scrutiny,2,0.701,"Open USD Stablecoin Consortium Launches, Targeting Circle's USDC Market Share","A consortium of over 140 organizations, including Visa, Mastercard, BlackRock, Alphabet, and Coinbase, announced the launch of Open USD, a new dollar-pegged stablecoin set to debut later this year. Open USD proposes joint governance and sharing interest earned on reserves with partners, along with free minting and redemptions, directly challenging Circle's USDC revenue model. Circle's stock fell 22% over the 48 hours following the announcement, though it has since pared losses, as investors reacted to the potential threat to Circle's reserve yield, which accounted for $2.63 billion of its $2.75 billion in 2025 revenue. Despite the consortium's high-profile backing, Circle's first-mover advantage and regulatory progress may be difficult to replicate, and Tether remains dominant with $184 billion USDT in circulation, nearly 60% of the total stablecoin market, compared to USDC's $73 billion.",Coinbase Global Inc,COIN.US,stock,,,,2026-07-04T15:11:00+00:00,The Motley Fool,media,https://www.nasdaq.com/articles/new-stablecoin-taking-aim-circles-usdc-heres-what-investors-need-know
Stablecoins under scrutiny,stablecoin issuers under regulatory scrutiny,2,0.701,"Open USD Stablecoin Consortium Launches, Targeting Circle's USDC Market Share","A consortium of over 140 organizations, including Visa, Mastercard, BlackRock, Alphabet, and Coinbase, announced the launch of Open USD, a new dollar-pegged stablecoin set to debut later this year. Open USD proposes joint governance and sharing interest earned on reserves with partners, along with free minting and redemptions, directly challenging Circle's USDC revenue model. Circle's stock fell 22% over the 48 hours following the announcement, though it has since pared losses, as investors reacted to the potential threat to Circle's reserve yield, which accounted for $2.63 billion of its $2.75 billion in 2025 revenue. Despite the consortium's high-profile backing, Circle's first-mover advantage and regulatory progress may be difficult to replicate, and Tether remains dominant with $184 billion USDT in circulation, nearly 60% of the total stablecoin market, compared to USDC's $73 billion.",Interlink Electronics Inc,LINK.US,stock,,,,2026-07-04T15:11:00+00:00,The Motley Fool,media,https://www.nasdaq.com/articles/new-stablecoin-taking-aim-circles-usdc-heres-what-investors-need-know
Stablecoins under scrutiny,stablecoin issuers under regulatory scrutiny,2,0.701,"Open USD Stablecoin Consortium Launches, Targeting Circle's USDC Market Share","A consortium of over 140 organizations, including Visa, Mastercard, BlackRock, Alphabet, and Coinbase, announced the launch of Open USD, a new dollar-pegged stablecoin set to debut later this year. Open USD proposes joint governance and sharing interest earned on reserves with partners, along with free minting and redemptions, directly challenging Circle's USDC revenue model. Circle's stock fell 22% over the 48 hours following the announcement, though it has since pared losses, as investors reacted to the potential threat to Circle's reserve yield, which accounted for $2.63 billion of its $2.75 billion in 2025 revenue. Despite the consortium's high-profile backing, Circle's first-mover advantage and regulatory progress may be difficult to replicate, and Tether remains dominant with $184 billion USDT in circulation, nearly 60% of the total stablecoin market, compared to USDC's $73 billion.",Mastercard Inc,MA.US,stock,,,,2026-07-04T15:11:00+00:00,The Motley Fool,media,https://www.nasdaq.com/articles/new-stablecoin-taking-aim-circles-usdc-heres-what-investors-need-know
Stablecoins under scrutiny,stablecoin issuers under regulatory scrutiny,2,0.701,"Open USD Stablecoin Consortium Launches, Targeting Circle's USDC Market Share","A consortium of over 140 organizations, including Visa, Mastercard, BlackRock, Alphabet, and Coinbase, announced the launch of Open USD, a new dollar-pegged stablecoin set to debut later this year. Open USD proposes joint governance and sharing interest earned on reserves with partners, along with free minting and redemptions, directly challenging Circle's USDC revenue model. Circle's stock fell 22% over the 48 hours following the announcement, though it has since pared losses, as investors reacted to the potential threat to Circle's reserve yield, which accounted for $2.63 billion of its $2.75 billion in 2025 revenue. Despite the consortium's high-profile backing, Circle's first-mover advantage and regulatory progress may be difficult to replicate, and Tether remains dominant with $184 billion USDT in circulation, nearly 60% of the total stablecoin market, compared to USDC's $73 billion.",USD Coin,USDC,crypto,,,,2026-07-04T15:11:00+00:00,The Motley Fool,media,https://www.nasdaq.com/articles/new-stablecoin-taking-aim-circles-usdc-heres-what-investors-need-know
Stablecoins under scrutiny,stablecoin issuers under regulatory scrutiny,2,0.701,"Open USD Stablecoin Consortium Launches, Targeting Circle's USDC Market Share","A consortium of over 140 organizations, including Visa, Mastercard, BlackRock, Alphabet, and Coinbase, announced the launch of Open USD, a new dollar-pegged stablecoin set to debut later this year. Open USD proposes joint governance and sharing interest earned on reserves with partners, along with free minting and redemptions, directly challenging Circle's USDC revenue model. Circle's stock fell 22% over the 48 hours following the announcement, though it has since pared losses, as investors reacted to the potential threat to Circle's reserve yield, which accounted for $2.63 billion of its $2.75 billion in 2025 revenue. Despite the consortium's high-profile backing, Circle's first-mover advantage and regulatory progress may be difficult to replicate, and Tether remains dominant with $184 billion USDT in circulation, nearly 60% of the total stablecoin market, compared to USDC's $73 billion.",Visa Inc. Cl A,0QZ0.LSE,stock,,,,2026-07-04T15:11:00+00:00,The Motley Fool,media,https://www.nasdaq.com/articles/new-stablecoin-taking-aim-circles-usdc-heres-what-investors-need-know
Stablecoins under scrutiny,stablecoin issuers under regulatory scrutiny,2,0.701,"Open USD Stablecoin Consortium Launches, Targeting Circle's USDC Market Share","A consortium of over 140 organizations, including Visa, Mastercard, BlackRock, Alphabet, and Coinbase, announced the launch of Open USD, a new dollar-pegged stablecoin set to debut later this year. Open USD proposes joint governance and sharing interest earned on reserves with partners, along with free minting and redemptions, directly challenging Circle's USDC revenue model. Circle's stock fell 22% over the 48 hours following the announcement, though it has since pared losses, as investors reacted to the potential threat to Circle's reserve yield, which accounted for $2.63 billion of its $2.75 billion in 2025 revenue. Despite the consortium's high-profile backing, Circle's first-mover advantage and regulatory progress may be difficult to replicate, and Tether remains dominant with $184 billion USDT in circulation, nearly 60% of the total stablecoin market, compared to USDC's $73 billion.",Visa Inc. Class A,V.US,stock,,,,2026-07-04T15:11:00+00:00,The Motley Fool,media,https://www.nasdaq.com/articles/new-stablecoin-taking-aim-circles-usdc-heres-what-investors-need-know
Stablecoins under scrutiny,stablecoin issuers under regulatory scrutiny,3,0.699,Congress Passes Legislation to Block Fed Digital Dollar Through 2030,"Congress has passed legislation that would prevent the Federal Reserve from issuing a digital dollar before the end of 2030, bundled into a housing affordability bill that President Trump has not yet signed. The move comes after a 2025 executive order halted government CBDC development, and the Fed's own exploration had already stalled since 2022 amid technical and privacy concerns. While a ban might seem favorable for stablecoin issuers like Circle Internet Group and Coinbase Global, the real competitive threat has shifted to traditional financial firms entering the on-chain money space. On June 30, a consortium of 140 organizations including Visa, Mastercard, BlackRock, and Coinbase announced a new Open USD stablecoin that will share reserve yields with partners, causing Circle shares to drop. The stablecoin market, currently over $310 billion in circulation, could grow to trillions by 2030, but the landscape remains rapidly evolving with banks and payment providers challenging crypto-native firms.","Circle Internet Group, Inc.",CRCL.US,stock,neg,competition,"Circle shares dropped after the announcement of Open USD stablecoin by a consortium including Visa, Mastercard, BlackRock, and Coinbase.",2026-07-05T08:44:00+00:00,The Motley Fool,media,https://www.nasdaq.com/articles/congress-trying-ban-digital-dollar-what-does-mean-crypto-stocks
Stablecoins under scrutiny,stablecoin issuers under regulatory scrutiny,3,0.699,Congress Passes Legislation to Block Fed Digital Dollar Through 2030,"Congress has passed legislation that would prevent the Federal Reserve from issuing a digital dollar before the end of 2030, bundled into a housing affordability bill that President Trump has not yet signed. The move comes after a 2025 executive order halted government CBDC development, and the Fed's own exploration had already stalled since 2022 amid technical and privacy concerns. While a ban might seem favorable for stablecoin issuers like Circle Internet Group and Coinbase Global, the real competitive threat has shifted to traditional financial firms entering the on-chain money space. On June 30, a consortium of 140 organizations including Visa, Mastercard, BlackRock, and Coinbase announced a new Open USD stablecoin that will share reserve yields with partners, causing Circle shares to drop. The stablecoin market, currently over $310 billion in circulation, could grow to trillions by 2030, but the landscape remains rapidly evolving with banks and payment providers challenging crypto-native firms.",Coinbase Global Inc,COIN.US,stock,pos,competition,"Coinbase is part of the consortium launching Open USD stablecoin, which competes with Circle's USDC.",2026-07-05T08:44:00+00:00,The Motley Fool,media,https://www.nasdaq.com/articles/congress-trying-ban-digital-dollar-what-does-mean-crypto-stocks
Stablecoins under scrutiny,stablecoin issuers under regulatory scrutiny,3,0.699,Congress Passes Legislation to Block Fed Digital Dollar Through 2030,"Congress has passed legislation that would prevent the Federal Reserve from issuing a digital dollar before the end of 2030, bundled into a housing affordability bill that President Trump has not yet signed. The move comes after a 2025 executive order halted government CBDC development, and the Fed's own exploration had already stalled since 2022 amid technical and privacy concerns. While a ban might seem favorable for stablecoin issuers like Circle Internet Group and Coinbase Global, the real competitive threat has shifted to traditional financial firms entering the on-chain money space. On June 30, a consortium of 140 organizations including Visa, Mastercard, BlackRock, and Coinbase announced a new Open USD stablecoin that will share reserve yields with partners, causing Circle shares to drop. The stablecoin market, currently over $310 billion in circulation, could grow to trillions by 2030, but the landscape remains rapidly evolving with banks and payment providers challenging crypto-native firms.",BlackRock Inc,BLK.US,stock,pos,competition,"BlackRock is part of the consortium launching Open USD stablecoin, which competes with Circle's USDC.",2026-07-05T08:44:00+00:00,The Motley Fool,media,https://www.nasdaq.com/articles/congress-trying-ban-digital-dollar-what-does-mean-crypto-stocks
Stablecoins under scrutiny,stablecoin issuers under regulatory scrutiny,3,0.699,Congress Passes Legislation to Block Fed Digital Dollar Through 2030,"Congress has passed legislation that would prevent the Federal Reserve from issuing a digital dollar before the end of 2030, bundled into a housing affordability bill that President Trump has not yet signed. The move comes after a 2025 executive order halted government CBDC development, and the Fed's own exploration had already stalled since 2022 amid technical and privacy concerns. While a ban might seem favorable for stablecoin issuers like Circle Internet Group and Coinbase Global, the real competitive threat has shifted to traditional financial firms entering the on-chain money space. On June 30, a consortium of 140 organizations including Visa, Mastercard, BlackRock, and Coinbase announced a new Open USD stablecoin that will share reserve yields with partners, causing Circle shares to drop. The stablecoin market, currently over $310 billion in circulation, could grow to trillions by 2030, but the landscape remains rapidly evolving with banks and payment providers challenging crypto-native firms.",Mastercard Inc,MA.US,stock,pos,competition,"Mastercard is part of the consortium launching Open USD stablecoin, which competes with Circle's USDC.",2026-07-05T08:44:00+00:00,The Motley Fool,media,https://www.nasdaq.com/articles/congress-trying-ban-digital-dollar-what-does-mean-crypto-stocks
Stablecoins under scrutiny,stablecoin issuers under regulatory scrutiny,3,0.699,Congress Passes Legislation to Block Fed Digital Dollar Through 2030,"Congress has passed legislation that would prevent the Federal Reserve from issuing a digital dollar before the end of 2030, bundled into a housing affordability bill that President Trump has not yet signed. The move comes after a 2025 executive order halted government CBDC development, and the Fed's own exploration had already stalled since 2022 amid technical and privacy concerns. While a ban might seem favorable for stablecoin issuers like Circle Internet Group and Coinbase Global, the real competitive threat has shifted to traditional financial firms entering the on-chain money space. On June 30, a consortium of 140 organizations including Visa, Mastercard, BlackRock, and Coinbase announced a new Open USD stablecoin that will share reserve yields with partners, causing Circle shares to drop. The stablecoin market, currently over $310 billion in circulation, could grow to trillions by 2030, but the landscape remains rapidly evolving with banks and payment providers challenging crypto-native firms.",Visa Inc. Class A,V.US,stock,pos,competition,"Visa is part of the consortium launching Open USD stablecoin, which competes with Circle's USDC.",2026-07-05T08:44:00+00:00,The Motley Fool,media,https://www.nasdaq.com/articles/congress-trying-ban-digital-dollar-what-does-mean-crypto-stocks
Stablecoins under scrutiny,stablecoin issuers under regulatory scrutiny,3,0.699,Congress Passes Legislation to Block Fed Digital Dollar Through 2030,"Congress has passed legislation that would prevent the Federal Reserve from issuing a digital dollar before the end of 2030, bundled into a housing affordability bill that President Trump has not yet signed. The move comes after a 2025 executive order halted government CBDC development, and the Fed's own exploration had already stalled since 2022 amid technical and privacy concerns. While a ban might seem favorable for stablecoin issuers like Circle Internet Group and Coinbase Global, the real competitive threat has shifted to traditional financial firms entering the on-chain money space. On June 30, a consortium of 140 organizations including Visa, Mastercard, BlackRock, and Coinbase announced a new Open USD stablecoin that will share reserve yields with partners, causing Circle shares to drop. The stablecoin market, currently over $310 billion in circulation, could grow to trillions by 2030, but the landscape remains rapidly evolving with banks and payment providers challenging crypto-native firms.",USD Coin,USDC,crypto,,,,2026-07-05T08:44:00+00:00,The Motley Fool,media,https://www.nasdaq.com/articles/congress-trying-ban-digital-dollar-what-does-mean-crypto-stocks
Stablecoins under scrutiny,stablecoin issuers under regulatory scrutiny,3,0.699,Congress Passes Legislation to Block Fed Digital Dollar Through 2030,"Congress has passed legislation that would prevent the Federal Reserve from issuing a digital dollar before the end of 2030, bundled into a housing affordability bill that President Trump has not yet signed. The move comes after a 2025 executive order halted government CBDC development, and the Fed's own exploration had already stalled since 2022 amid technical and privacy concerns. While a ban might seem favorable for stablecoin issuers like Circle Internet Group and Coinbase Global, the real competitive threat has shifted to traditional financial firms entering the on-chain money space. On June 30, a consortium of 140 organizations including Visa, Mastercard, BlackRock, and Coinbase announced a new Open USD stablecoin that will share reserve yields with partners, causing Circle shares to drop. The stablecoin market, currently over $310 billion in circulation, could grow to trillions by 2030, but the landscape remains rapidly evolving with banks and payment providers challenging crypto-native firms.",Visa Inc. Cl A,0QZ0.LSE,stock,,,,2026-07-05T08:44:00+00:00,The Motley Fool,media,https://www.nasdaq.com/articles/congress-trying-ban-digital-dollar-what-does-mean-crypto-stocks
Stablecoins under scrutiny,stablecoin issuers under regulatory scrutiny,4,0.695,Taiwan passes bill to regulate crypto firms and stablecoins,"Taiwan's parliament has passed a landmark cryptocurrency bill establishing the country's first legal framework for the digital asset industry. The legislation requires cryptocurrency exchanges to meet registration, reporting, and consumer protection requirements, while stablecoin issuers must comply with rules covering reserve assets and transparency. It imposes strict penalties, including up to seven years in prison and fines of up to NT$100 million for operating without authorization, and three to ten years in prison with fines from NT$10 million to NT$200 million for fraud or market manipulation. The bill now awaits the president's signature before becoming law, with regulators expected to issue detailed implementation rules in the coming months.",,,,,,,2026-07-01T05:47:12+00:00,Seeking Alpha,media,https://seekingalpha.com/news/4608711-taiwan-passes-bill-to-regulate-crypto-exchanges-and-stablecoins?utm_source=feed_news_all&utm_medium=referral&feed_item_type=news
Stablecoins under scrutiny,stablecoin issuers under regulatory scrutiny,5,0.693,"California, UK, Australia, EU set to unveil new crypto regulations this week","The UK, European Union, Australia, and the state of California are all set to push forward new crypto regulations this week, with several acting under very tight deadlines. The UK is softening its stablecoin rules, cutting the proposed capital charge from 2% to 1% to attract firms, though final rules are not expected until 2027. The EU's MiCA transitional period ends July 1, requiring unlicensed crypto firms to wind down, potentially affecting 10 million users as only about 200 of 3,000 applicants gain clearance. Australia's crypto travel rule also starts July 1, mandating verified identity on all exchange transfers with no minimum amount. Meanwhile, California is advancing its own state-level crypto regulatory regime, similar to New York's BitLicense, as federal clarity remains pending.",Coinbase Global Inc,COIN.US,stock,ambiguous,regulation,New regulations in multiple jurisdictions create both opportunities and compliance burdens for Coinbase.,2026-06-30T17:30:00+00:00,Yahoo Finance,aggregator,https://finance.yahoo.com/video/california-uk-australia-eu-set-173000907.html
Stablecoins under scrutiny,stablecoin issuers under regulatory scrutiny,6,0.692,BNY and Circle expand stablecoin partnership for institutional clients,"Bank of New York Mellon and Circle Internet have expanded their partnership to offer stablecoin enablement services for institutional clients. BNY clients can now hold USDC in digital asset custody wallets, transfer, mint US dollars into USDC, and burn USDC for US dollars, supporting the full lifecycle of institutional stablecoin activity. BNY currently serves as the primary custodian of USDC reserves and plans to extend these capabilities to additional stablecoin issuers and digital cash workflows over time.","Circle Internet Group, Inc.",CRCL.US,stock,pos,demand,"Circle deepens partnership with BNY, expanding institutional access to USDC and increasing adoption.",2026-06-29T16:01:31+00:00,Seeking Alpha,media,https://seekingalpha.com/news/4608165-bny-circle-expand-partnership-related-to-stablecoin-for-institutional-clients?utm_source=feed_news_all&utm_medium=referral&feed_item_type=news
Stablecoins under scrutiny,stablecoin issuers under regulatory scrutiny,6,0.692,BNY and Circle expand stablecoin partnership for institutional clients,"Bank of New York Mellon and Circle Internet have expanded their partnership to offer stablecoin enablement services for institutional clients. BNY clients can now hold USDC in digital asset custody wallets, transfer, mint US dollars into USDC, and burn USDC for US dollars, supporting the full lifecycle of institutional stablecoin activity. BNY currently serves as the primary custodian of USDC reserves and plans to extend these capabilities to additional stablecoin issuers and digital cash workflows over time.",The Bank of New York Mellon Corporation,BNY.US,stock,pos,demand,"BNY expands stablecoin services for institutional clients, driving demand for its custody and transfer services.",2026-06-29T16:01:31+00:00,Seeking Alpha,media,https://seekingalpha.com/news/4608165-bny-circle-expand-partnership-related-to-stablecoin-for-institutional-clients?utm_source=feed_news_all&utm_medium=referral&feed_item_type=news
Stablecoins under scrutiny,stablecoin issuers under regulatory scrutiny,6,0.692,BNY and Circle expand stablecoin partnership for institutional clients,"Bank of New York Mellon and Circle Internet have expanded their partnership to offer stablecoin enablement services for institutional clients. BNY clients can now hold USDC in digital asset custody wallets, transfer, mint US dollars into USDC, and burn USDC for US dollars, supporting the full lifecycle of institutional stablecoin activity. BNY currently serves as the primary custodian of USDC reserves and plans to extend these capabilities to additional stablecoin issuers and digital cash workflows over time.",USD Coin,USDC,crypto,pos,demand,USDC gains broader institutional utility through BNY's custody and mint/burn services.,2026-06-29T16:01:31+00:00,Seeking Alpha,media,https://seekingalpha.com/news/4608165-bny-circle-expand-partnership-related-to-stablecoin-for-institutional-clients?utm_source=feed_news_all&utm_medium=referral&feed_item_type=news
Bitcoin × the Fed,bitcoin and the Federal Reserve,1,0.691,Crypto Winter Could Drag On as Fed Rate Hike Expectations Rise,"Expectations of a Federal Reserve rate hike are emerging in the United States, and there are indications that the crypto winter could drag on. The Consumer Price Index has climbed from 2.4 percent in January and February of 2026 to 4.2 percent in May, heightening caution about an early rate increase. The new Fed Chair, Kevin Warsh, who took office in May, is seen as a hawk, but he is also a proponent of advanced technology who shows understanding of AI and crypto assets, leading some to believe he will be cautious about raising rates. Meanwhile, Bitcoin has fallen below 60,000 dollars, and Ethereum's new all-time high was limited, causing a continued decline across altcoins. The market is increasingly pricing in a rate hike from September 2026 onward, and a scenario of a prolonged crypto winter is being contemplated.",,,,,,,2026-07-05T00:00:00+00:00,NADA NEWS,media,https://finance.yahoo.co.jp/news/detail/007b7f48b13b66a87fd987cf1ee4be1356621eaa
Bitcoin × the Fed,bitcoin and the Federal Reserve,2,0.688,Bitcoin Could Be the Smartest Buy of the Decade Amid Fiat Debasement,"Bitcoin could be the smartest buy of the decade as ongoing fiat currency debasement supports its long-term upside. The U.S. M2 money supply has expanded 238% over the past 20 years, and with federal debt approaching $40 trillion and a $1.8 trillion budget deficit in fiscal 2025, further expansion is virtually certain. Bitcoin's hard supply cap of 21 million units creates scarcity, making it a potential beneficiary of rising money supply, and it has already surged nearly 345,000% in 15 years. Despite current volatility and a price 52% off its October peak, the author argues that allocating at least a small portfolio percentage to Bitcoin is logical given unsustainable fiscal trends.",Bitcoin,BTC,crypto,pos,demand,Article argues fiat debasement and money supply expansion will drive demand for Bitcoin as a scarce store of value.,2026-07-02T09:33:00+00:00,The Motley Fool,media,https://www.nasdaq.com/articles/heres-why-bitcoin-could-be-smartest-buy-decade
Bitcoin × the Fed,bitcoin and the Federal Reserve,3,0.681,"Bitcoin down 20% in 30 days, but history points to a July bounce","Bitcoin has fallen 20% over the past 30 days, struggling to hold the $60,000 level. Historical data since 2013 shows that July has delivered a median gain of 8.2%, with nine of 13 Julys closing positive, including strong rebounds during bear markets. However, two factors may blunt any recovery: Strategy has authorized a $1.2 billion Bitcoin monetization program that allows sales of its holdings, and new Federal Reserve Chair Kevin Warsh left the door open to a rate hike, tightening dollar liquidity. Even if July brings a bounce, August and September have historically averaged declines, suggesting near-term caution despite intact long-term fundamentals.",Bitcoin,BTC,crypto,neg,regulation,"Fed Chair left door open to rate hike, tightening dollar liquidity, which is negative for Bitcoin.",2026-07-04T12:24:00+00:00,The Motley Fool,media,https://www.nasdaq.com/articles/bitcoin-crashed-20-over-last-30-days-heres-what-history-says-comes-next
Bitcoin × the Fed,bitcoin and the Federal Reserve,3,0.681,"Bitcoin down 20% in 30 days, but history points to a July bounce","Bitcoin has fallen 20% over the past 30 days, struggling to hold the $60,000 level. Historical data since 2013 shows that July has delivered a median gain of 8.2%, with nine of 13 Julys closing positive, including strong rebounds during bear markets. However, two factors may blunt any recovery: Strategy has authorized a $1.2 billion Bitcoin monetization program that allows sales of its holdings, and new Federal Reserve Chair Kevin Warsh left the door open to a rate hike, tightening dollar liquidity. Even if July brings a bounce, August and September have historically averaged declines, suggesting near-term caution despite intact long-term fundamentals.",MicroStrategy Incorporated,MSTR.US,stock,neg,capital,"Strategy authorized a $1.2B Bitcoin monetization program allowing sales of its holdings, which could depress Bitcoin price and MicroStrategy's asset value.",2026-07-04T12:24:00+00:00,The Motley Fool,media,https://www.nasdaq.com/articles/bitcoin-crashed-20-over-last-30-days-heres-what-history-says-comes-next
Bitcoin × the Fed,bitcoin and the Federal Reserve,4,0.681,"Fed Comments Lift Bitcoin Above $60,000","Bitcoin rose above $60,000 after Federal Reserve Chair Kevin Warsh spoke of lower inflation risks, though he reiterated his commitment to reducing inflation. Bitcoin gained 3.1% to $60,336.43, Ethereum rose 3.1% to $1,619.99, and Solana surged 6.2% to $77.74, extending its weekly gain to 14.3%. Traders dialed back concerns about potential interest rate hikes, helping the crypto market recover from a volatile stretch. However, Bitcoin ETFs saw record monthly outflows in June, prompting Citigroup to slash its one-year Bitcoin price target from $112,000 to $82,000. Solana got a boost from increasing tokenized stock trading and the launch of a new on-chain prediction market called World.",Bitcoin,BTC,crypto,pos,regulation,"Fed Chair Warsh spoke of lower inflation risks, easing rate hike concerns and boosting Bitcoin above $60,000.",2026-07-01T22:21:25+00:00,Motley Fool,media,https://www.nasdaq.com/articles/crypto-market-today-july-1-fed-comments-lift-bitcoin-above-60000
Bitcoin × the Fed,bitcoin and the Federal Reserve,4,0.681,"Fed Comments Lift Bitcoin Above $60,000","Bitcoin rose above $60,000 after Federal Reserve Chair Kevin Warsh spoke of lower inflation risks, though he reiterated his commitment to reducing inflation. Bitcoin gained 3.1% to $60,336.43, Ethereum rose 3.1% to $1,619.99, and Solana surged 6.2% to $77.74, extending its weekly gain to 14.3%. Traders dialed back concerns about potential interest rate hikes, helping the crypto market recover from a volatile stretch. However, Bitcoin ETFs saw record monthly outflows in June, prompting Citigroup to slash its one-year Bitcoin price target from $112,000 to $82,000. Solana got a boost from increasing tokenized stock trading and the launch of a new on-chain prediction market called World.",Citigroup Inc.,C.US,stock,neg,capital,"Citigroup slashed its one-year Bitcoin price target from $112,000 to $82,000.",2026-07-01T22:21:25+00:00,Motley Fool,media,https://www.nasdaq.com/articles/crypto-market-today-july-1-fed-comments-lift-bitcoin-above-60000
Bitcoin × the Fed,bitcoin and the Federal Reserve,5,0.679,Congress Passes Legislation to Block Fed Digital Dollar Through 2030,"Congress has passed legislation that would prevent the Federal Reserve from issuing a digital dollar before the end of 2030, bundled into a housing affordability bill that President Trump has not yet signed. The move comes after a 2025 executive order halted government CBDC development, and the Fed's own exploration had already stalled since 2022 amid technical and privacy concerns. While a ban might seem favorable for stablecoin issuers like Circle Internet Group and Coinbase Global, the real competitive threat has shifted to traditional financial firms entering the on-chain money space. On June 30, a consortium of 140 organizations including Visa, Mastercard, BlackRock, and Coinbase announced a new Open USD stablecoin that will share reserve yields with partners, causing Circle shares to drop. The stablecoin market, currently over $310 billion in circulation, could grow to trillions by 2030, but the landscape remains rapidly evolving with banks and payment providers challenging crypto-native firms.","Circle Internet Group, Inc.",CRCL.US,stock,neg,competition,"Circle shares dropped after the announcement of Open USD stablecoin by a consortium including Visa, Mastercard, BlackRock, and Coinbase.",2026-07-05T08:44:00+00:00,The Motley Fool,media,https://www.nasdaq.com/articles/congress-trying-ban-digital-dollar-what-does-mean-crypto-stocks
Bitcoin × the Fed,bitcoin and the Federal Reserve,5,0.679,Congress Passes Legislation to Block Fed Digital Dollar Through 2030,"Congress has passed legislation that would prevent the Federal Reserve from issuing a digital dollar before the end of 2030, bundled into a housing affordability bill that President Trump has not yet signed. The move comes after a 2025 executive order halted government CBDC development, and the Fed's own exploration had already stalled since 2022 amid technical and privacy concerns. While a ban might seem favorable for stablecoin issuers like Circle Internet Group and Coinbase Global, the real competitive threat has shifted to traditional financial firms entering the on-chain money space. On June 30, a consortium of 140 organizations including Visa, Mastercard, BlackRock, and Coinbase announced a new Open USD stablecoin that will share reserve yields with partners, causing Circle shares to drop. The stablecoin market, currently over $310 billion in circulation, could grow to trillions by 2030, but the landscape remains rapidly evolving with banks and payment providers challenging crypto-native firms.",Coinbase Global Inc,COIN.US,stock,pos,competition,"Coinbase is part of the consortium launching Open USD stablecoin, which competes with Circle's USDC.",2026-07-05T08:44:00+00:00,The Motley Fool,media,https://www.nasdaq.com/articles/congress-trying-ban-digital-dollar-what-does-mean-crypto-stocks
Bitcoin × the Fed,bitcoin and the Federal Reserve,5,0.679,Congress Passes Legislation to Block Fed Digital Dollar Through 2030,"Congress has passed legislation that would prevent the Federal Reserve from issuing a digital dollar before the end of 2030, bundled into a housing affordability bill that President Trump has not yet signed. The move comes after a 2025 executive order halted government CBDC development, and the Fed's own exploration had already stalled since 2022 amid technical and privacy concerns. While a ban might seem favorable for stablecoin issuers like Circle Internet Group and Coinbase Global, the real competitive threat has shifted to traditional financial firms entering the on-chain money space. On June 30, a consortium of 140 organizations including Visa, Mastercard, BlackRock, and Coinbase announced a new Open USD stablecoin that will share reserve yields with partners, causing Circle shares to drop. The stablecoin market, currently over $310 billion in circulation, could grow to trillions by 2030, but the landscape remains rapidly evolving with banks and payment providers challenging crypto-native firms.",BlackRock Inc,BLK.US,stock,pos,competition,"BlackRock is part of the consortium launching Open USD stablecoin, which competes with Circle's USDC.",2026-07-05T08:44:00+00:00,The Motley Fool,media,https://www.nasdaq.com/articles/congress-trying-ban-digital-dollar-what-does-mean-crypto-stocks
Bitcoin × the Fed,bitcoin and the Federal Reserve,5,0.679,Congress Passes Legislation to Block Fed Digital Dollar Through 2030,"Congress has passed legislation that would prevent the Federal Reserve from issuing a digital dollar before the end of 2030, bundled into a housing affordability bill that President Trump has not yet signed. The move comes after a 2025 executive order halted government CBDC development, and the Fed's own exploration had already stalled since 2022 amid technical and privacy concerns. While a ban might seem favorable for stablecoin issuers like Circle Internet Group and Coinbase Global, the real competitive threat has shifted to traditional financial firms entering the on-chain money space. On June 30, a consortium of 140 organizations including Visa, Mastercard, BlackRock, and Coinbase announced a new Open USD stablecoin that will share reserve yields with partners, causing Circle shares to drop. The stablecoin market, currently over $310 billion in circulation, could grow to trillions by 2030, but the landscape remains rapidly evolving with banks and payment providers challenging crypto-native firms.",Mastercard Inc,MA.US,stock,pos,competition,"Mastercard is part of the consortium launching Open USD stablecoin, which competes with Circle's USDC.",2026-07-05T08:44:00+00:00,The Motley Fool,media,https://www.nasdaq.com/articles/congress-trying-ban-digital-dollar-what-does-mean-crypto-stocks
Bitcoin × the Fed,bitcoin and the Federal Reserve,5,0.679,Congress Passes Legislation to Block Fed Digital Dollar Through 2030,"Congress has passed legislation that would prevent the Federal Reserve from issuing a digital dollar before the end of 2030, bundled into a housing affordability bill that President Trump has not yet signed. The move comes after a 2025 executive order halted government CBDC development, and the Fed's own exploration had already stalled since 2022 amid technical and privacy concerns. While a ban might seem favorable for stablecoin issuers like Circle Internet Group and Coinbase Global, the real competitive threat has shifted to traditional financial firms entering the on-chain money space. On June 30, a consortium of 140 organizations including Visa, Mastercard, BlackRock, and Coinbase announced a new Open USD stablecoin that will share reserve yields with partners, causing Circle shares to drop. The stablecoin market, currently over $310 billion in circulation, could grow to trillions by 2030, but the landscape remains rapidly evolving with banks and payment providers challenging crypto-native firms.",Visa Inc. Class A,V.US,stock,pos,competition,"Visa is part of the consortium launching Open USD stablecoin, which competes with Circle's USDC.",2026-07-05T08:44:00+00:00,The Motley Fool,media,https://www.nasdaq.com/articles/congress-trying-ban-digital-dollar-what-does-mean-crypto-stocks
Bitcoin × the Fed,bitcoin and the Federal Reserve,5,0.679,Congress Passes Legislation to Block Fed Digital Dollar Through 2030,"Congress has passed legislation that would prevent the Federal Reserve from issuing a digital dollar before the end of 2030, bundled into a housing affordability bill that President Trump has not yet signed. The move comes after a 2025 executive order halted government CBDC development, and the Fed's own exploration had already stalled since 2022 amid technical and privacy concerns. While a ban might seem favorable for stablecoin issuers like Circle Internet Group and Coinbase Global, the real competitive threat has shifted to traditional financial firms entering the on-chain money space. On June 30, a consortium of 140 organizations including Visa, Mastercard, BlackRock, and Coinbase announced a new Open USD stablecoin that will share reserve yields with partners, causing Circle shares to drop. The stablecoin market, currently over $310 billion in circulation, could grow to trillions by 2030, but the landscape remains rapidly evolving with banks and payment providers challenging crypto-native firms.",USD Coin,USDC,crypto,,,,2026-07-05T08:44:00+00:00,The Motley Fool,media,https://www.nasdaq.com/articles/congress-trying-ban-digital-dollar-what-does-mean-crypto-stocks
Bitcoin × the Fed,bitcoin and the Federal Reserve,5,0.679,Congress Passes Legislation to Block Fed Digital Dollar Through 2030,"Congress has passed legislation that would prevent the Federal Reserve from issuing a digital dollar before the end of 2030, bundled into a housing affordability bill that President Trump has not yet signed. The move comes after a 2025 executive order halted government CBDC development, and the Fed's own exploration had already stalled since 2022 amid technical and privacy concerns. While a ban might seem favorable for stablecoin issuers like Circle Internet Group and Coinbase Global, the real competitive threat has shifted to traditional financial firms entering the on-chain money space. On June 30, a consortium of 140 organizations including Visa, Mastercard, BlackRock, and Coinbase announced a new Open USD stablecoin that will share reserve yields with partners, causing Circle shares to drop. The stablecoin market, currently over $310 billion in circulation, could grow to trillions by 2030, but the landscape remains rapidly evolving with banks and payment providers challenging crypto-native firms.",Visa Inc. Cl A,0QZ0.LSE,stock,,,,2026-07-05T08:44:00+00:00,The Motley Fool,media,https://www.nasdaq.com/articles/congress-trying-ban-digital-dollar-what-does-mean-crypto-stocks
Bitcoin × the Fed,bitcoin and the Federal Reserve,6,0.674,Bitcoin Crashes To 58K As US PCE Inflation Rises To 3-Year High At 4.1%,"Bitcoin extended its decline on Thursday, plunging to $58,000 after the latest U.S. PCE inflation data revealed price increases had soared to a three-year high of 4.1%. The hotter-than-expected inflation reading suggests the Federal Reserve may maintain its hawkish stance, dampening hopes for near-term rate cuts and weighing on risk assets like cryptocurrencies.",Bitcoin,BTC,crypto,neg,monetary,"Hotter-than-expected US PCE inflation suggests Fed may maintain hawkish stance, dampening rate cut hopes and weighing on risk assets like Bitcoin.",2026-06-25T00:00:00+00:00,coingape.com,media,https://coingape.com/bitcoin-crashes-to-58k-as-us-pce-inflation-rises-to-3-year-high-at-4-1/
Bitcoin × the Fed,bitcoin and the Federal Reserve,7,0.674,"Bitcoin enters bear market, but three catalysts could spark recovery","Bitcoin has fallen more than 50% from its October 2025 peak of $126,080, entering bear market territory. Three potential catalysts could reverse the trend: a Federal Reserve pivot to cutting interest rates if inflation eases and employment declines, resolution of the overhang from Strategy's $1.25 billion authorized Bitcoin sales framework, and the pre-halving accumulation effect ahead of the April 2028 halving when mining rewards drop to 1.5625 bitcoins per block. Core inflation has been moderating modestly month-over-month, and the next halving is about 654 days away, with past cycles showing price acceleration roughly 12 months prior.",Bitcoin,BTC,crypto,neg,,"Bitcoin has fallen more than 50% from its peak, entering bear market territory.",2026-07-05T11:50:00+00:00,The Motley Fool,media,https://www.nasdaq.com/articles/bitcoin-now-bear-market-territory-here-are-3-catalysts-could-lead-recovery
Bitcoin × the Fed,bitcoin and the Federal Reserve,7,0.674,"Bitcoin enters bear market, but three catalysts could spark recovery","Bitcoin has fallen more than 50% from its October 2025 peak of $126,080, entering bear market territory. Three potential catalysts could reverse the trend: a Federal Reserve pivot to cutting interest rates if inflation eases and employment declines, resolution of the overhang from Strategy's $1.25 billion authorized Bitcoin sales framework, and the pre-halving accumulation effect ahead of the April 2028 halving when mining rewards drop to 1.5625 bitcoins per block. Core inflation has been moderating modestly month-over-month, and the next halving is about 654 days away, with past cycles showing price acceleration roughly 12 months prior.",MicroStrategy Incorporated,MSTR.US,stock,neg,capital,"Strategy's $1.25 billion authorized Bitcoin sales framework creates overhang, potentially pressuring its stock.",2026-07-05T11:50:00+00:00,The Motley Fool,media,https://www.nasdaq.com/articles/bitcoin-now-bear-market-territory-here-are-3-catalysts-could-lead-recovery
Bitcoin × the Fed,bitcoin and the Federal Reserve,8,0.673,"Bitcoin Will Be Worth More Than Gold in 20 Years, Analyst Predicts","An analyst predicts Bitcoin will surpass gold's market value within 20 years. Gold's total above-ground reserves are estimated at $28.9 trillion, more than 22 times Bitcoin's $1.3 trillion market cap. To reach that level, Bitcoin would need to appreciate 16.8% annually. The analyst argues Bitcoin is superior in portability, divisibility, and scarcity, with a hard cap of 21 million coins and a lower inflation rate than gold's 1.75% supply expansion in 2024. As the world becomes more digital, especially with the rise of artificial intelligence, Bitcoin's adoption is expected to grow at gold's expense.",Gold Futures,GOLD,commodity,neg,demand,"Analyst predicts Bitcoin will overtake gold's market value, implying reduced demand for gold as a store of value.",2026-06-25T09:57:00+00:00,The Motley Fool,media,https://www.nasdaq.com/articles/prediction-bitcoin-will-be-worth-more-gold-20-years
Bitcoin × the Fed,bitcoin and the Federal Reserve,8,0.673,"Bitcoin Will Be Worth More Than Gold in 20 Years, Analyst Predicts","An analyst predicts Bitcoin will surpass gold's market value within 20 years. Gold's total above-ground reserves are estimated at $28.9 trillion, more than 22 times Bitcoin's $1.3 trillion market cap. To reach that level, Bitcoin would need to appreciate 16.8% annually. The analyst argues Bitcoin is superior in portability, divisibility, and scarcity, with a hard cap of 21 million coins and a lower inflation rate than gold's 1.75% supply expansion in 2024. As the world becomes more digital, especially with the rise of artificial intelligence, Bitcoin's adoption is expected to grow at gold's expense.",Bitcoin,BTC,crypto,pos,demand,"Analyst predicts Bitcoin will surpass gold's market cap due to superior portability, divisibility, scarcity, and growing adoption in a digital world.",2026-06-25T09:57:00+00:00,The Motley Fool,media,https://www.nasdaq.com/articles/prediction-bitcoin-will-be-worth-more-gold-20-years
Gold as safe haven,gold as a safe haven amid uncertainty,1,0.719,"Gold Volatile in First Half of 2026, Central Bank Buying Supports Long-Term Outlook","Gold experienced a volatile first half of 2026, with a spike in late January followed by a sharp decline to below $4,100, representing a mid-single-digit decline on the year but still up almost 25% year over year. The correction is attributed to a natural pullback in speculative investment, while fundamental demand from central bank buying remains a key long-term driver. In the first quarter of 2026, ETF demand fell by 65 metric tons from the end of 2025, but net central bank purchases improved, with JPMorgan Chase noting that China appears to be ramping up gold purchases. The bullish outlook hinges on continued central bank diversification away from U.S. debt amid rising U.S. debt levels and geopolitical tensions, with any price weakness expected to encourage jewelry demand and eventually stabilize the market. Investors are advised to consider buying into significant price declines in gold, gold ETFs, or gold miners such as Newmont.",Gold Futures,GOLD,commodity,pos,monetary,Central bank diversification away from U.S. debt and geopolitical tensions support gold prices.,2026-07-05T17:50:00+00:00,Motley Fool,media,https://www.nasdaq.com/articles/gold-was-volatile-first-half-2026-heres-how-invest-gold-rest-year
Gold as safe haven,gold as a safe haven amid uncertainty,1,0.719,"Gold Volatile in First Half of 2026, Central Bank Buying Supports Long-Term Outlook","Gold experienced a volatile first half of 2026, with a spike in late January followed by a sharp decline to below $4,100, representing a mid-single-digit decline on the year but still up almost 25% year over year. The correction is attributed to a natural pullback in speculative investment, while fundamental demand from central bank buying remains a key long-term driver. In the first quarter of 2026, ETF demand fell by 65 metric tons from the end of 2025, but net central bank purchases improved, with JPMorgan Chase noting that China appears to be ramping up gold purchases. The bullish outlook hinges on continued central bank diversification away from U.S. debt amid rising U.S. debt levels and geopolitical tensions, with any price weakness expected to encourage jewelry demand and eventually stabilize the market. Investors are advised to consider buying into significant price declines in gold, gold ETFs, or gold miners such as Newmont.",Newmont Goldcorp Corp,NEM.US,stock,pos,demand,"Central bank buying supports gold demand, benefiting gold miners like Newmont.",2026-07-05T17:50:00+00:00,Motley Fool,media,https://www.nasdaq.com/articles/gold-was-volatile-first-half-2026-heres-how-invest-gold-rest-year
Gold as safe haven,gold as a safe haven amid uncertainty,2,0.713,Gold’s 2026 Rally Has Cracked—Is It Time to Buy the Pullback?,"Gold slipped into negative year-to-date territory in June for the first time in 2026, marking a sharp break from its powerful 12-month rally. The decline was driven by a stronger U.S. dollar, higher Treasury yields, easing safe-haven demand tied to the Iran conflict, and lingering inflation concerns. Despite the pullback, underlying factors such as fiscal deficits, inflation uncertainty, and geopolitical turmoil still support the case for gold as a diversifier. Investors can gain exposure through bullion, exchange-traded funds like the SPDR Gold Shares with nearly $132 billion in assets, or gold mining stocks such as Newmont Corp., which reported 46% year-over-year revenue growth in the first quarter. A combination of these methods may help mitigate risk amid continued price volatility.",Gold Futures,GOLD,commodity,neg,monetary,Stronger USD and higher Treasury yields drive gold price lower,2026-06-29T17:30:00+00:00,MarketBeat,media,https://finance.yahoo.com/markets/commodities/articles/gold-2026-rally-cracked-time-173000577.html
Gold as safe haven,gold as a safe haven amid uncertainty,2,0.713,Gold’s 2026 Rally Has Cracked—Is It Time to Buy the Pullback?,"Gold slipped into negative year-to-date territory in June for the first time in 2026, marking a sharp break from its powerful 12-month rally. The decline was driven by a stronger U.S. dollar, higher Treasury yields, easing safe-haven demand tied to the Iran conflict, and lingering inflation concerns. Despite the pullback, underlying factors such as fiscal deficits, inflation uncertainty, and geopolitical turmoil still support the case for gold as a diversifier. Investors can gain exposure through bullion, exchange-traded funds like the SPDR Gold Shares with nearly $132 billion in assets, or gold mining stocks such as Newmont Corp., which reported 46% year-over-year revenue growth in the first quarter. A combination of these methods may help mitigate risk amid continued price volatility.",Newmont Goldcorp Corp,NEM.US,stock,neg,demand,"Gold price decline reduces demand for gold mining stocks, though Newmont's revenue growth is noted",2026-06-29T17:30:00+00:00,MarketBeat,media,https://finance.yahoo.com/markets/commodities/articles/gold-2026-rally-cracked-time-173000577.html
Gold as safe haven,gold as a safe haven amid uncertainty,2,0.713,Gold’s 2026 Rally Has Cracked—Is It Time to Buy the Pullback?,"Gold slipped into negative year-to-date territory in June for the first time in 2026, marking a sharp break from its powerful 12-month rally. The decline was driven by a stronger U.S. dollar, higher Treasury yields, easing safe-haven demand tied to the Iran conflict, and lingering inflation concerns. Despite the pullback, underlying factors such as fiscal deficits, inflation uncertainty, and geopolitical turmoil still support the case for gold as a diversifier. Investors can gain exposure through bullion, exchange-traded funds like the SPDR Gold Shares with nearly $132 billion in assets, or gold mining stocks such as Newmont Corp., which reported 46% year-over-year revenue growth in the first quarter. A combination of these methods may help mitigate risk amid continued price volatility.",Aura Minerals Inc. Common Shares,AUGO.US,stock,,,,2026-06-29T17:30:00+00:00,MarketBeat,media,https://finance.yahoo.com/markets/commodities/articles/gold-2026-rally-cracked-time-173000577.html
Gold as safe haven,gold as a safe haven amid uncertainty,3,0.705,"Gold Dips Below $4,000 After Record High, Analysts Weigh Outlook","Gold has fallen 27% from its January record of $5,418 per ounce, recently trading below $4,000, after a 64% surge last year driven by safe-haven demand amid political and economic uncertainty. The decline reflects shifting sentiment as inflation concerns prompt a more hawkish Federal Reserve, with markets now pricing in at least one interest rate hike this year, which could slow money supply expansion and reduce gold's appeal. Historically, gold has returned an average of 7.2% annually over 50 years, underperforming the S&P 500's 11.9%, though experts still recommend a 5% to 15% portfolio allocation to the metal for diversification. Investors can gain exposure through physical gold or ETFs like the SPDR Gold Trust, which carries a 0.4% expense ratio.",Gold Futures,GOLD,commodity,neg,monetary,Gold falls as hawkish Fed and rate hike expectations reduce its appeal,2026-07-02T13:05:00+00:00,The Motley Fool,media,https://finance.yahoo.com/markets/commodities/articles/buy-gold-recent-dip-below-130500545.html
Gold as safe haven,gold as a safe haven amid uncertainty,3,0.705,"Gold Dips Below $4,000 After Record High, Analysts Weigh Outlook","Gold has fallen 27% from its January record of $5,418 per ounce, recently trading below $4,000, after a 64% surge last year driven by safe-haven demand amid political and economic uncertainty. The decline reflects shifting sentiment as inflation concerns prompt a more hawkish Federal Reserve, with markets now pricing in at least one interest rate hike this year, which could slow money supply expansion and reduce gold's appeal. Historically, gold has returned an average of 7.2% annually over 50 years, underperforming the S&P 500's 11.9%, though experts still recommend a 5% to 15% portfolio allocation to the metal for diversification. Investors can gain exposure through physical gold or ETFs like the SPDR Gold Trust, which carries a 0.4% expense ratio.",NVIDIA Corporation,NVDA.US,stock,,,,2026-07-02T13:05:00+00:00,The Motley Fool,media,https://finance.yahoo.com/markets/commodities/articles/buy-gold-recent-dip-below-130500545.html
Gold as safe haven,gold as a safe haven amid uncertainty,4,0.702,"Gold Suffers Worst Quarterly Selloff in 13 Years, Three Miners Seen as Long-Term Buys","Gold prices logged their steepest quarterly decline in 13 years, with spot prices falling 15% in the second quarter of 2026, the worst drop since the second quarter of 2013. The selloff was driven by rising inflation concerns following the Middle-East conflict, which pushed energy prices higher and raised the likelihood of an interest rate hike by central banks. In the United States, traders are pricing in a 65% chance of a rate hike in September, per the CME FedWatch tool. The recent correction may have created an attractive entry point into high-quality gold mining stocks for long-term investors, including DRDGOLD Limited, Newmont Corporation, and Barrick Mining Corporation. DRDGOLD remains on track to achieve the upper end of its 2026 production guidance of 140,000 to 150,000 ounces while maintaining a debt-free balance sheet, Newmont ended the first quarter of 2026 with approximately 12.8 billion dollars in liquidity, and Barrick Mining reported roughly 7.1 billion dollars in cash and cash equivalents.",Gold Futures,GOLD,commodity,neg,monetary,Gold prices fell 15% in Q2 2026 due to rising rate hike expectations from central banks amid inflation concerns.,2026-07-01T13:33:00+00:00,Zacks Investment Research,media,https://finance.yahoo.com/markets/commodities/articles/golds-worst-quarterly-selloff-13-133300341.html
Gold as safe haven,gold as a safe haven amid uncertainty,4,0.702,"Gold Suffers Worst Quarterly Selloff in 13 Years, Three Miners Seen as Long-Term Buys","Gold prices logged their steepest quarterly decline in 13 years, with spot prices falling 15% in the second quarter of 2026, the worst drop since the second quarter of 2013. The selloff was driven by rising inflation concerns following the Middle-East conflict, which pushed energy prices higher and raised the likelihood of an interest rate hike by central banks. In the United States, traders are pricing in a 65% chance of a rate hike in September, per the CME FedWatch tool. The recent correction may have created an attractive entry point into high-quality gold mining stocks for long-term investors, including DRDGOLD Limited, Newmont Corporation, and Barrick Mining Corporation. DRDGOLD remains on track to achieve the upper end of its 2026 production guidance of 140,000 to 150,000 ounces while maintaining a debt-free balance sheet, Newmont ended the first quarter of 2026 with approximately 12.8 billion dollars in liquidity, and Barrick Mining reported roughly 7.1 billion dollars in cash and cash equivalents.",DRDGOLD Limited,0ICU.LSE,stock,pos,supply,"DRDGOLD is on track to achieve upper end of production guidance (140k-150k oz) and is debt-free, making it a long-term buy.",2026-07-01T13:33:00+00:00,Zacks Investment Research,media,https://finance.yahoo.com/markets/commodities/articles/golds-worst-quarterly-selloff-13-133300341.html
Gold as safe haven,gold as a safe haven amid uncertainty,4,0.702,"Gold Suffers Worst Quarterly Selloff in 13 Years, Three Miners Seen as Long-Term Buys","Gold prices logged their steepest quarterly decline in 13 years, with spot prices falling 15% in the second quarter of 2026, the worst drop since the second quarter of 2013. The selloff was driven by rising inflation concerns following the Middle-East conflict, which pushed energy prices higher and raised the likelihood of an interest rate hike by central banks. In the United States, traders are pricing in a 65% chance of a rate hike in September, per the CME FedWatch tool. The recent correction may have created an attractive entry point into high-quality gold mining stocks for long-term investors, including DRDGOLD Limited, Newmont Corporation, and Barrick Mining Corporation. DRDGOLD remains on track to achieve the upper end of its 2026 production guidance of 140,000 to 150,000 ounces while maintaining a debt-free balance sheet, Newmont ended the first quarter of 2026 with approximately 12.8 billion dollars in liquidity, and Barrick Mining reported roughly 7.1 billion dollars in cash and cash equivalents.",Barrick Mining Corporation,B.US,stock,pos,capital,Article highlights Barrick's strong cash position ($7.1B) as a reason for long-term buy recommendation despite gold price drop.,2026-07-01T13:33:00+00:00,Zacks Investment Research,media,https://finance.yahoo.com/markets/commodities/articles/golds-worst-quarterly-selloff-13-133300341.html
Gold as safe haven,gold as a safe haven amid uncertainty,4,0.702,"Gold Suffers Worst Quarterly Selloff in 13 Years, Three Miners Seen as Long-Term Buys","Gold prices logged their steepest quarterly decline in 13 years, with spot prices falling 15% in the second quarter of 2026, the worst drop since the second quarter of 2013. The selloff was driven by rising inflation concerns following the Middle-East conflict, which pushed energy prices higher and raised the likelihood of an interest rate hike by central banks. In the United States, traders are pricing in a 65% chance of a rate hike in September, per the CME FedWatch tool. The recent correction may have created an attractive entry point into high-quality gold mining stocks for long-term investors, including DRDGOLD Limited, Newmont Corporation, and Barrick Mining Corporation. DRDGOLD remains on track to achieve the upper end of its 2026 production guidance of 140,000 to 150,000 ounces while maintaining a debt-free balance sheet, Newmont ended the first quarter of 2026 with approximately 12.8 billion dollars in liquidity, and Barrick Mining reported roughly 7.1 billion dollars in cash and cash equivalents.",Newmont Goldcorp Corp,NEM.US,stock,pos,capital,Article highlights Newmont's strong liquidity ($12.8B) as a reason for long-term buy recommendation despite gold price drop.,2026-07-01T13:33:00+00:00,Zacks Investment Research,media,https://finance.yahoo.com/markets/commodities/articles/golds-worst-quarterly-selloff-13-133300341.html
Gold as safe haven,gold as a safe haven amid uncertainty,5,0.701,Gold Faces First Real Rival in Years as Bonds Regain Appeal,"Gold is encountering its first genuine competitor in years as a renewed appetite for bonds challenges its recent rally. Goldman Sachs has cut its year-end gold target to $4,900 from $5,400, while UBS and JPMorgan remain bullish at $6,200 and $6,300 respectively. The T-bond-to-gold ratio, proxied by long-duration Treasuries ETFs versus gold-focused counterparts, has broken out of a four-year falling wedge, signaling a potential rotation from precious metals back into duration. Bearish gold hedging has also become unusually crowded, with the six-month put-call skew on GLD jumping to 1.03, roughly 2.6 standard deviations above its 10-year average. The next move for gold is expected to be macro-driven, hinging on real yields and upcoming inflation data.",Gold Futures,GOLD,commodity,neg,monetary,Gold faces competition from bonds; Goldman cut its gold target; bearish hedging is elevated; rotation from gold to bonds.,2026-06-26T18:31:17+00:00,Yahoo Finance,aggregator,https://finance.yahoo.com/markets/commodities/articles/gold-just-met-first-real-183117415.html
Gold as safe haven,gold as a safe haven amid uncertainty,5,0.701,Gold Faces First Real Rival in Years as Bonds Regain Appeal,"Gold is encountering its first genuine competitor in years as a renewed appetite for bonds challenges its recent rally. Goldman Sachs has cut its year-end gold target to $4,900 from $5,400, while UBS and JPMorgan remain bullish at $6,200 and $6,300 respectively. The T-bond-to-gold ratio, proxied by long-duration Treasuries ETFs versus gold-focused counterparts, has broken out of a four-year falling wedge, signaling a potential rotation from precious metals back into duration. Bearish gold hedging has also become unusually crowded, with the six-month put-call skew on GLD jumping to 1.03, roughly 2.6 standard deviations above its 10-year average. The next move for gold is expected to be macro-driven, hinging on real yields and upcoming inflation data.",Goldman Sachs Group Inc,GS.US,stock,ambiguous,capital,"Goldman Sachs cut its gold price target, but the article is about gold, not GS's own business.",2026-06-26T18:31:17+00:00,Yahoo Finance,aggregator,https://finance.yahoo.com/markets/commodities/articles/gold-just-met-first-real-183117415.html
Gold as safe haven,gold as a safe haven amid uncertainty,5,0.701,Gold Faces First Real Rival in Years as Bonds Regain Appeal,"Gold is encountering its first genuine competitor in years as a renewed appetite for bonds challenges its recent rally. Goldman Sachs has cut its year-end gold target to $4,900 from $5,400, while UBS and JPMorgan remain bullish at $6,200 and $6,300 respectively. The T-bond-to-gold ratio, proxied by long-duration Treasuries ETFs versus gold-focused counterparts, has broken out of a four-year falling wedge, signaling a potential rotation from precious metals back into duration. Bearish gold hedging has also become unusually crowded, with the six-month put-call skew on GLD jumping to 1.03, roughly 2.6 standard deviations above its 10-year average. The next move for gold is expected to be macro-driven, hinging on real yields and upcoming inflation data.",JPMorgan Chase & Co,JPM.US,stock,,,,2026-06-26T18:31:17+00:00,Yahoo Finance,aggregator,https://finance.yahoo.com/markets/commodities/articles/gold-just-met-first-real-183117415.html
Gold as safe haven,gold as a safe haven amid uncertainty,5,0.701,Gold Faces First Real Rival in Years as Bonds Regain Appeal,"Gold is encountering its first genuine competitor in years as a renewed appetite for bonds challenges its recent rally. Goldman Sachs has cut its year-end gold target to $4,900 from $5,400, while UBS and JPMorgan remain bullish at $6,200 and $6,300 respectively. The T-bond-to-gold ratio, proxied by long-duration Treasuries ETFs versus gold-focused counterparts, has broken out of a four-year falling wedge, signaling a potential rotation from precious metals back into duration. Bearish gold hedging has also become unusually crowded, with the six-month put-call skew on GLD jumping to 1.03, roughly 2.6 standard deviations above its 10-year average. The next move for gold is expected to be macro-driven, hinging on real yields and upcoming inflation data.",UBS Group AG,UBSG.SW,stock,,,,2026-06-26T18:31:17+00:00,Yahoo Finance,aggregator,https://finance.yahoo.com/markets/commodities/articles/gold-just-met-first-real-183117415.html
Gold as safe haven,gold as a safe haven amid uncertainty,6,0.7,"Gold ETF SPDR Gold Shares down 27% from high as gold hovers near $4,000","The SPDR Gold Shares ETF has fallen 27% from its 52-week high as gold prices hover around $4,000, well below earlier highs above $5,000. The fund is down 6% for the year amid a stock market rally and expectations of rising interest rates, which reduce the appeal of non-yielding assets. While gold typically benefits from economic uncertainty, current conditions including a strong U.S. dollar and potential rate hikes may limit near-term demand. However, the article suggests the ETF could still serve as a long-term diversification tool given ongoing geopolitical risks and high stock valuations.",Gold Futures,GOLD,commodity,neg,monetary,"Gold prices pressured by expectations of rising interest rates and strong U.S. dollar, reducing appeal of non-yielding assets",2026-06-30T15:39:04+00:00,The Motley Fool,media,https://finance.yahoo.com/markets/commodities/articles/invest-gold-etf-while-precious-153904110.html
Gold as safe haven,gold as a safe haven amid uncertainty,6,0.7,"Gold ETF SPDR Gold Shares down 27% from high as gold hovers near $4,000","The SPDR Gold Shares ETF has fallen 27% from its 52-week high as gold prices hover around $4,000, well below earlier highs above $5,000. The fund is down 6% for the year amid a stock market rally and expectations of rising interest rates, which reduce the appeal of non-yielding assets. While gold typically benefits from economic uncertainty, current conditions including a strong U.S. dollar and potential rate hikes may limit near-term demand. However, the article suggests the ETF could still serve as a long-term diversification tool given ongoing geopolitical risks and high stock valuations.",NVIDIA Corporation,NVDA.US,stock,,,,2026-06-30T15:39:04+00:00,The Motley Fool,media,https://finance.yahoo.com/markets/commodities/articles/invest-gold-etf-while-precious-153904110.html
Oil supply shocks,oil supply shocks and OPEC decisions,1,0.696,"OPEC Plus to Raise August Production Quota by 188,000 Barrels per Day","Key members of OPEC Plus agreed on the 5th to raise the coordinated crude oil production quota for August by an additional 188,000 barrels per day. The decision was made by seven countries led by Saudi Arabia and Russia during an online meeting, and was announced by OPEC in a statement. This move aligns with the plan to gradually unwind voluntary production cuts, bringing the total increase in production quotas since the start of the war to 940,000 barrels per day, equivalent to about 1% of global crude oil demand. Following the interim peace agreement between the United States and Iran, the recovery of exports by Saudi Arabia and others has created a supply surplus in Asian markets, with Brent crude futures trading around 72 dollars per barrel, down 43% from wartime highs. OPEC Plus will hold its next meeting on August 2nd.",Brent Crude Oil Futures,BRENT,commodity,neg,supply,"OPEC+ raises production quota by 188,000 bpd, increasing supply and pressuring crude prices.",2026-07-05T00:00:00+00:00,Bloomberg,wire,https://finance.yahoo.co.jp/news/detail/5de3119be715789ac546cd81af77946a478b64a9
Oil supply shocks,oil supply shocks and OPEC decisions,2,0.689,Oil’s Stunning Reversal Rekindles Fears of a Global Glut,"Oil prices are tumbling as a US-Iran peace deal unleashes a wave of supply, overwhelming demand and sparking fears of a global glut. Brent crude futures have erased all wartime gains, trading near $70 a barrel, while the physical oil market flashes weakness not seen since the Covid demand collapse. More than 60 million barrels of trapped oil have flooded the market since the Strait of Hormuz reopened, with Saudi Arabia and the UAE near pre-war export levels and Iranian oil freed by US sanctions waivers. China, which slashed imports by about 5 million barrels a day, remains largely absent, pushing Middle Eastern grades like Oman crude to a $4 discount to Dubai—the widest since 2020. Analysts from Morgan Stanley, Goldman Sachs, and JPMorgan warn of a temporary glut, with the market’s next moves hinging on the peace deal’s durability, OPEC+ willingness to curb production, and a potential return of Chinese buying.",Brent Crude Oil Futures,BRENT,commodity,,,,2026-07-04T12:31:06+00:00,Bloomberg,wire,https://finance.yahoo.com/energy/articles/oil-stunning-reversal-rekindles-fears-123106659.html
Oil supply shocks,oil supply shocks and OPEC decisions,2,0.689,Oil’s Stunning Reversal Rekindles Fears of a Global Glut,"Oil prices are tumbling as a US-Iran peace deal unleashes a wave of supply, overwhelming demand and sparking fears of a global glut. Brent crude futures have erased all wartime gains, trading near $70 a barrel, while the physical oil market flashes weakness not seen since the Covid demand collapse. More than 60 million barrels of trapped oil have flooded the market since the Strait of Hormuz reopened, with Saudi Arabia and the UAE near pre-war export levels and Iranian oil freed by US sanctions waivers. China, which slashed imports by about 5 million barrels a day, remains largely absent, pushing Middle Eastern grades like Oman crude to a $4 discount to Dubai—the widest since 2020. Analysts from Morgan Stanley, Goldman Sachs, and JPMorgan warn of a temporary glut, with the market’s next moves hinging on the peace deal’s durability, OPEC+ willingness to curb production, and a potential return of Chinese buying.",Citigroup Inc.,C.US,stock,,,,2026-07-04T12:31:06+00:00,Bloomberg,wire,https://finance.yahoo.com/energy/articles/oil-stunning-reversal-rekindles-fears-123106659.html
Oil supply shocks,oil supply shocks and OPEC decisions,2,0.689,Oil’s Stunning Reversal Rekindles Fears of a Global Glut,"Oil prices are tumbling as a US-Iran peace deal unleashes a wave of supply, overwhelming demand and sparking fears of a global glut. Brent crude futures have erased all wartime gains, trading near $70 a barrel, while the physical oil market flashes weakness not seen since the Covid demand collapse. More than 60 million barrels of trapped oil have flooded the market since the Strait of Hormuz reopened, with Saudi Arabia and the UAE near pre-war export levels and Iranian oil freed by US sanctions waivers. China, which slashed imports by about 5 million barrels a day, remains largely absent, pushing Middle Eastern grades like Oman crude to a $4 discount to Dubai—the widest since 2020. Analysts from Morgan Stanley, Goldman Sachs, and JPMorgan warn of a temporary glut, with the market’s next moves hinging on the peace deal’s durability, OPEC+ willingness to curb production, and a potential return of Chinese buying.",Goldman Sachs Group Inc,GS.US,stock,,,,2026-07-04T12:31:06+00:00,Bloomberg,wire,https://finance.yahoo.com/energy/articles/oil-stunning-reversal-rekindles-fears-123106659.html
Oil supply shocks,oil supply shocks and OPEC decisions,2,0.689,Oil’s Stunning Reversal Rekindles Fears of a Global Glut,"Oil prices are tumbling as a US-Iran peace deal unleashes a wave of supply, overwhelming demand and sparking fears of a global glut. Brent crude futures have erased all wartime gains, trading near $70 a barrel, while the physical oil market flashes weakness not seen since the Covid demand collapse. More than 60 million barrels of trapped oil have flooded the market since the Strait of Hormuz reopened, with Saudi Arabia and the UAE near pre-war export levels and Iranian oil freed by US sanctions waivers. China, which slashed imports by about 5 million barrels a day, remains largely absent, pushing Middle Eastern grades like Oman crude to a $4 discount to Dubai—the widest since 2020. Analysts from Morgan Stanley, Goldman Sachs, and JPMorgan warn of a temporary glut, with the market’s next moves hinging on the peace deal’s durability, OPEC+ willingness to curb production, and a potential return of Chinese buying.",JPMorgan Chase & Co,JPM.US,stock,,,,2026-07-04T12:31:06+00:00,Bloomberg,wire,https://finance.yahoo.com/energy/articles/oil-stunning-reversal-rekindles-fears-123106659.html
Oil supply shocks,oil supply shocks and OPEC decisions,2,0.689,Oil’s Stunning Reversal Rekindles Fears of a Global Glut,"Oil prices are tumbling as a US-Iran peace deal unleashes a wave of supply, overwhelming demand and sparking fears of a global glut. Brent crude futures have erased all wartime gains, trading near $70 a barrel, while the physical oil market flashes weakness not seen since the Covid demand collapse. More than 60 million barrels of trapped oil have flooded the market since the Strait of Hormuz reopened, with Saudi Arabia and the UAE near pre-war export levels and Iranian oil freed by US sanctions waivers. China, which slashed imports by about 5 million barrels a day, remains largely absent, pushing Middle Eastern grades like Oman crude to a $4 discount to Dubai—the widest since 2020. Analysts from Morgan Stanley, Goldman Sachs, and JPMorgan warn of a temporary glut, with the market’s next moves hinging on the peace deal’s durability, OPEC+ willingness to curb production, and a potential return of Chinese buying.",Morgan Stanley,MS.US,stock,,,,2026-07-04T12:31:06+00:00,Bloomberg,wire,https://finance.yahoo.com/energy/articles/oil-stunning-reversal-rekindles-fears-123106659.html
Oil supply shocks,oil supply shocks and OPEC decisions,3,0.684,Iraq Warns It Could Leave OPEC to Boost Oil Output,"Iraq is warning OPEC that it could leave the cartel if it is not allowed to meaningfully increase its oil production. Iraq, OPEC's second-largest producer and a founding member, currently has a quota of 4.378 million barrels per day but produced only 1.48 million barrels per day in May due to disruptions in the Strait of Hormuz. Prime Minister Ali al-Zaidi wants to raise output to 7 million barrels per day to rebuild the economy and attract foreign investment. An Iraqi exit would follow the UAE's departure from OPEC and could put downward pressure on oil prices, though companies like Chevron and ExxonMobil could benefit from expanded Iraqi production through their existing field development agreements.",Brent Crude Oil Futures,BRENT,commodity,neg,supply,"Iraq's threat to leave OPEC and boost output could increase global supply, putting downward pressure on Brent prices.",2026-06-25T18:45:01+00:00,The Motley Fool,media,https://finance.yahoo.com/energy/articles/following-uae-lead-iraq-warns-184501778.html
Oil supply shocks,oil supply shocks and OPEC decisions,3,0.684,Iraq Warns It Could Leave OPEC to Boost Oil Output,"Iraq is warning OPEC that it could leave the cartel if it is not allowed to meaningfully increase its oil production. Iraq, OPEC's second-largest producer and a founding member, currently has a quota of 4.378 million barrels per day but produced only 1.48 million barrels per day in May due to disruptions in the Strait of Hormuz. Prime Minister Ali al-Zaidi wants to raise output to 7 million barrels per day to rebuild the economy and attract foreign investment. An Iraqi exit would follow the UAE's departure from OPEC and could put downward pressure on oil prices, though companies like Chevron and ExxonMobil could benefit from expanded Iraqi production through their existing field development agreements.",Crude Oil WTI Futures,WTI,commodity,neg,supply,"Iraq's threat to leave OPEC and boost output could increase global supply, putting downward pressure on WTI prices.",2026-06-25T18:45:01+00:00,The Motley Fool,media,https://finance.yahoo.com/energy/articles/following-uae-lead-iraq-warns-184501778.html
Oil supply shocks,oil supply shocks and OPEC decisions,3,0.684,Iraq Warns It Could Leave OPEC to Boost Oil Output,"Iraq is warning OPEC that it could leave the cartel if it is not allowed to meaningfully increase its oil production. Iraq, OPEC's second-largest producer and a founding member, currently has a quota of 4.378 million barrels per day but produced only 1.48 million barrels per day in May due to disruptions in the Strait of Hormuz. Prime Minister Ali al-Zaidi wants to raise output to 7 million barrels per day to rebuild the economy and attract foreign investment. An Iraqi exit would follow the UAE's departure from OPEC and could put downward pressure on oil prices, though companies like Chevron and ExxonMobil could benefit from expanded Iraqi production through their existing field development agreements.",Chevron Corp,CVX.US,stock,pos,supply,Iraq's potential exit from OPEC and output expansion could benefit Chevron through its field development agreements.,2026-06-25T18:45:01+00:00,The Motley Fool,media,https://finance.yahoo.com/energy/articles/following-uae-lead-iraq-warns-184501778.html
Oil supply shocks,oil supply shocks and OPEC decisions,3,0.684,Iraq Warns It Could Leave OPEC to Boost Oil Output,"Iraq is warning OPEC that it could leave the cartel if it is not allowed to meaningfully increase its oil production. Iraq, OPEC's second-largest producer and a founding member, currently has a quota of 4.378 million barrels per day but produced only 1.48 million barrels per day in May due to disruptions in the Strait of Hormuz. Prime Minister Ali al-Zaidi wants to raise output to 7 million barrels per day to rebuild the economy and attract foreign investment. An Iraqi exit would follow the UAE's departure from OPEC and could put downward pressure on oil prices, though companies like Chevron and ExxonMobil could benefit from expanded Iraqi production through their existing field development agreements.",Exxon Mobil Corp,XOM.US,stock,pos,supply,Iraq's potential exit from OPEC and output expansion could benefit ExxonMobil through its field development agreements.,2026-06-25T18:45:01+00:00,The Motley Fool,media,https://finance.yahoo.com/energy/articles/following-uae-lead-iraq-warns-184501778.html
Oil supply shocks,oil supply shocks and OPEC decisions,3,0.684,Iraq Warns It Could Leave OPEC to Boost Oil Output,"Iraq is warning OPEC that it could leave the cartel if it is not allowed to meaningfully increase its oil production. Iraq, OPEC's second-largest producer and a founding member, currently has a quota of 4.378 million barrels per day but produced only 1.48 million barrels per day in May due to disruptions in the Strait of Hormuz. Prime Minister Ali al-Zaidi wants to raise output to 7 million barrels per day to rebuild the economy and attract foreign investment. An Iraqi exit would follow the UAE's departure from OPEC and could put downward pressure on oil prices, though companies like Chevron and ExxonMobil could benefit from expanded Iraqi production through their existing field development agreements.",NVIDIA Corporation,NVDA.US,stock,,,,2026-06-25T18:45:01+00:00,The Motley Fool,media,https://finance.yahoo.com/energy/articles/following-uae-lead-iraq-warns-184501778.html
Dollar & FX intervention,the dollar strength and currency intervention,1,0.723,BofA highlights FX intervention impact on reserves and central bank balance sheets,"Foreign exchange intervention remains an infrequent but powerful policy tool in major economies, according to Bank of America, with recent episodes involving the Japanese yen and Swiss franc highlighting how official actions can ripple across global markets, reserve holdings and U.S. Treasury trading. Authorities typically intervene only during periods of excessive volatility, significant currency misalignment or broader financial stress, and direct market action is often accompanied by policy guidance or official comments aimed at influencing investor expectations. In the United States, exchange-rate policy is set by the Treasury, with the Federal Reserve Bank of New York carrying out any operations on the government's behalf, and Washington has largely favored market-determined exchange rates, making intervention an uncommon event. Since 2000, the U.S. has participated in only two major coordinated currency operations, one to support the euro and another following Japan's 2011 earthquake and Fukushima nuclear disaster to stabilize the yen. Japan and Switzerland have been among the most active G10 countries in recent years, with Tokyo repeatedly stepping into the market since 2022 to support the yen, including likely operations this year after sharp moves in USD/JPY heightened concerns over imported inflation and financial stability, while Swiss authorities have also relied on intervention as part of monetary policy, with the Swiss National Bank either selling francs to curb excessive appreciation or purchasing the currency to help contain inflationary pressures depending on economic conditions. The research argues that coordinated intervention backed by broader economic policy tends to have the greatest impact, and official warnings and so-called rate checks can also influence currency markets before any transactions are executed. Such operations extend beyond foreign exchange markets, as they can alter central bank balance sheets, affect domestic liquidity and reserve assets, and influence U.S. Treasury yields and swap spreads when large reserve portfolios are adjusted. Even so, intervention alone rarely changes a currency's long-term direction, with sustained moves more often driven by shifts in economic fundamentals, monetary policy expectations, and investor sentiment.",Schweizerische Nationalbank,SNBN.SW,stock,pos,geopolitics,"SNB is mentioned as active in FX intervention, but article does not specify current stance or impact on SNB itself.",2026-07-04T08:47:21+00:00,Investing.com,media,https://finance.yahoo.com/markets/currencies/articles/bofa-highlights-fx-intervention-impact-084721714.html
Dollar & FX intervention,the dollar strength and currency intervention,1,0.723,BofA highlights FX intervention impact on reserves and central bank balance sheets,"Foreign exchange intervention remains an infrequent but powerful policy tool in major economies, according to Bank of America, with recent episodes involving the Japanese yen and Swiss franc highlighting how official actions can ripple across global markets, reserve holdings and U.S. Treasury trading. Authorities typically intervene only during periods of excessive volatility, significant currency misalignment or broader financial stress, and direct market action is often accompanied by policy guidance or official comments aimed at influencing investor expectations. In the United States, exchange-rate policy is set by the Treasury, with the Federal Reserve Bank of New York carrying out any operations on the government's behalf, and Washington has largely favored market-determined exchange rates, making intervention an uncommon event. Since 2000, the U.S. has participated in only two major coordinated currency operations, one to support the euro and another following Japan's 2011 earthquake and Fukushima nuclear disaster to stabilize the yen. Japan and Switzerland have been among the most active G10 countries in recent years, with Tokyo repeatedly stepping into the market since 2022 to support the yen, including likely operations this year after sharp moves in USD/JPY heightened concerns over imported inflation and financial stability, while Swiss authorities have also relied on intervention as part of monetary policy, with the Swiss National Bank either selling francs to curb excessive appreciation or purchasing the currency to help contain inflationary pressures depending on economic conditions. The research argues that coordinated intervention backed by broader economic policy tends to have the greatest impact, and official warnings and so-called rate checks can also influence currency markets before any transactions are executed. Such operations extend beyond foreign exchange markets, as they can alter central bank balance sheets, affect domestic liquidity and reserve assets, and influence U.S. Treasury yields and swap spreads when large reserve portfolios are adjusted. Even so, intervention alone rarely changes a currency's long-term direction, with sustained moves more often driven by shifts in economic fundamentals, monetary policy expectations, and investor sentiment.",US Dollar/Japanese Yen FX Spot Rate,USDJPY.FOREX,forex,neg,monetary,"Article details Japan's repeated interventions since 2022 to support the yen, including likely operations this year, directly impacting USD/JPY.",2026-07-04T08:47:21+00:00,Investing.com,media,https://finance.yahoo.com/markets/currencies/articles/bofa-highlights-fx-intervention-impact-084721714.html
Dollar & FX intervention,the dollar strength and currency intervention,1,0.723,BofA highlights FX intervention impact on reserves and central bank balance sheets,"Foreign exchange intervention remains an infrequent but powerful policy tool in major economies, according to Bank of America, with recent episodes involving the Japanese yen and Swiss franc highlighting how official actions can ripple across global markets, reserve holdings and U.S. Treasury trading. Authorities typically intervene only during periods of excessive volatility, significant currency misalignment or broader financial stress, and direct market action is often accompanied by policy guidance or official comments aimed at influencing investor expectations. In the United States, exchange-rate policy is set by the Treasury, with the Federal Reserve Bank of New York carrying out any operations on the government's behalf, and Washington has largely favored market-determined exchange rates, making intervention an uncommon event. Since 2000, the U.S. has participated in only two major coordinated currency operations, one to support the euro and another following Japan's 2011 earthquake and Fukushima nuclear disaster to stabilize the yen. Japan and Switzerland have been among the most active G10 countries in recent years, with Tokyo repeatedly stepping into the market since 2022 to support the yen, including likely operations this year after sharp moves in USD/JPY heightened concerns over imported inflation and financial stability, while Swiss authorities have also relied on intervention as part of monetary policy, with the Swiss National Bank either selling francs to curb excessive appreciation or purchasing the currency to help contain inflationary pressures depending on economic conditions. The research argues that coordinated intervention backed by broader economic policy tends to have the greatest impact, and official warnings and so-called rate checks can also influence currency markets before any transactions are executed. Such operations extend beyond foreign exchange markets, as they can alter central bank balance sheets, affect domestic liquidity and reserve assets, and influence U.S. Treasury yields and swap spreads when large reserve portfolios are adjusted. Even so, intervention alone rarely changes a currency's long-term direction, with sustained moves more often driven by shifts in economic fundamentals, monetary policy expectations, and investor sentiment.",USD/CHF,USDCHF.FOREX,forex,neg,monetary,"Article discusses Swiss National Bank intervention to sell francs to curb appreciation or buy to contain inflation, directly impacting USD/CHF.",2026-07-04T08:47:21+00:00,Investing.com,media,https://finance.yahoo.com/markets/currencies/articles/bofa-highlights-fx-intervention-impact-084721714.html
Dollar & FX intervention,the dollar strength and currency intervention,1,0.723,BofA highlights FX intervention impact on reserves and central bank balance sheets,"Foreign exchange intervention remains an infrequent but powerful policy tool in major economies, according to Bank of America, with recent episodes involving the Japanese yen and Swiss franc highlighting how official actions can ripple across global markets, reserve holdings and U.S. Treasury trading. Authorities typically intervene only during periods of excessive volatility, significant currency misalignment or broader financial stress, and direct market action is often accompanied by policy guidance or official comments aimed at influencing investor expectations. In the United States, exchange-rate policy is set by the Treasury, with the Federal Reserve Bank of New York carrying out any operations on the government's behalf, and Washington has largely favored market-determined exchange rates, making intervention an uncommon event. Since 2000, the U.S. has participated in only two major coordinated currency operations, one to support the euro and another following Japan's 2011 earthquake and Fukushima nuclear disaster to stabilize the yen. Japan and Switzerland have been among the most active G10 countries in recent years, with Tokyo repeatedly stepping into the market since 2022 to support the yen, including likely operations this year after sharp moves in USD/JPY heightened concerns over imported inflation and financial stability, while Swiss authorities have also relied on intervention as part of monetary policy, with the Swiss National Bank either selling francs to curb excessive appreciation or purchasing the currency to help contain inflationary pressures depending on economic conditions. The research argues that coordinated intervention backed by broader economic policy tends to have the greatest impact, and official warnings and so-called rate checks can also influence currency markets before any transactions are executed. Such operations extend beyond foreign exchange markets, as they can alter central bank balance sheets, affect domestic liquidity and reserve assets, and influence U.S. Treasury yields and swap spreads when large reserve portfolios are adjusted. Even so, intervention alone rarely changes a currency's long-term direction, with sustained moves more often driven by shifts in economic fundamentals, monetary policy expectations, and investor sentiment.",Bank of America Corp,BAC.US,stock,pos,capital,"BofA's research report highlights its expertise in FX intervention analysis, potentially boosting its reputation and client interest.",2026-07-04T08:47:21+00:00,Investing.com,media,https://finance.yahoo.com/markets/currencies/articles/bofa-highlights-fx-intervention-impact-084721714.html
Dollar & FX intervention,the dollar strength and currency intervention,2,0.709,"Dollar-yen hovers in the lower 162 yen range, near 40-year yen lows, intervention caution persists","In the New York foreign exchange market, the dollar-yen pair remained in the lower 162 yen range, near levels not seen in about 40 years for yen weakness and dollar strength, keeping caution over potential currency intervention by the government and the Bank of Japan alive. In late trading, dollar-yen moved around 162.07 yen, after touching 162.84 yen last week for the first time since 1986. Market views suggest that even if intervention occurs, its long-term effect in supporting the yen would be limited. An OCBC Bank currency strategist noted that hawkish risks from the Federal Reserve are weighing on the yen. The head of Asia investment strategy at L&G Asset Management said that accommodative domestic fiscal policy and the wide interest rate differential with the United States determine the market direction, making it difficult for intervention to change the trend. Meanwhile, there is speculation that Japanese authorities may launch concentrated measures to raise the cost of speculative yen selling. The dollar index was steady at 100.86, with the euro at 1.1440 dollars and the British pound at 1.3396 dollars.",,,,,,,2026-07-06T00:00:00+00:00,Reuters,wire,https://finance.yahoo.co.jp/news/detail/602db175b483b36963bebd5eb31fd2aea3deccb3
Dollar & FX intervention,the dollar strength and currency intervention,3,0.703,Dollar firm at 1-year highs as euro inflation cools; yen in intervention zone,"The U.S. dollar held near its highest level in over a year against the euro on Wednesday, while the Japanese yen languished near four-decade lows, keeping traders on high alert for official intervention ahead of a crucial gathering of global central bankers. The U.S. Dollar Index rose 0.18% to 101.27 in Europe trade, extending gains as resilient U.S. labor market data and climbing Treasury yields reinforced expectations that the Federal Reserve may deliver another interest rate hike later this year. The euro faced renewed downward pressure after fresh data showed Eurozone inflation cooled faster than anticipated last month, with the consumer price index slowing to 2.8% in June from 3.2% in May, below the 3.0% consensus forecast. Monetary policy commentary will take center stage later today at the ECB Forum on Central Banking in Sintra, Portugal, where a panel featuring newly minted Fed Chair Kevin Warsh and ECB President Christine Lagarde is expected to spark markets. The USD/JPY rose to 162.68 after the dollar gained roughly 2.5% against the yen in the second quarter, marking its fourth consecutive quarterly advance, and the persistent weakness keeps markets on high alert for currency intervention by Tokyo.",EUR/USD,EURUSD.FOREX,forex,neg,monetary,"Eurozone inflation cooled faster than expected, reducing pressure on ECB to hike, weakening euro.",2026-07-01T05:59:21+00:00,Investing.com,media,https://finance.yahoo.com/markets/currencies/articles/dollar-firm-1-highs-euro-055921214.html
Dollar & FX intervention,the dollar strength and currency intervention,3,0.703,Dollar firm at 1-year highs as euro inflation cools; yen in intervention zone,"The U.S. dollar held near its highest level in over a year against the euro on Wednesday, while the Japanese yen languished near four-decade lows, keeping traders on high alert for official intervention ahead of a crucial gathering of global central bankers. The U.S. Dollar Index rose 0.18% to 101.27 in Europe trade, extending gains as resilient U.S. labor market data and climbing Treasury yields reinforced expectations that the Federal Reserve may deliver another interest rate hike later this year. The euro faced renewed downward pressure after fresh data showed Eurozone inflation cooled faster than anticipated last month, with the consumer price index slowing to 2.8% in June from 3.2% in May, below the 3.0% consensus forecast. Monetary policy commentary will take center stage later today at the ECB Forum on Central Banking in Sintra, Portugal, where a panel featuring newly minted Fed Chair Kevin Warsh and ECB President Christine Lagarde is expected to spark markets. The USD/JPY rose to 162.68 after the dollar gained roughly 2.5% against the yen in the second quarter, marking its fourth consecutive quarterly advance, and the persistent weakness keeps markets on high alert for currency intervention by Tokyo.",US Dollar/Japanese Yen FX Spot Rate,USDJPY.FOREX,forex,pos,monetary,"Yen weakens to near 4-decade lows; intervention risk but no action yet, dollar strengthens on Fed hike expectations.",2026-07-01T05:59:21+00:00,Investing.com,media,https://finance.yahoo.com/markets/currencies/articles/dollar-firm-1-highs-euro-055921214.html
Dollar & FX intervention,the dollar strength and currency intervention,4,0.702,"South Korean Won rebounds from 1,550 per dollar on suspected intervention","The South Korean Won bounced from the 1,550 level against the US Dollar on Friday, triggering speculation of intervention by the South Korean Ministry of Finance. The currency had briefly touched that low before recovering, prompting market participants to suspect official action to support the Won. No official confirmation of intervention was immediately available.",US Dollar/Korean Won FX Spot Rate,USDKRW.FOREX,forex,neg,monetary,Suspected intervention by South Korean Ministry of Finance to support the Won,2026-06-26T10:21:10+00:00,FXStreet,media,https://www.fxstreet.com/news/south-korean-won-bounces-from-lows-at-1-550-usd-in-a-suspected-intervention-202606261021
Dollar & FX intervention,the dollar strength and currency intervention,5,0.702,Strong dollar pushes yen to 40-year low as traders test Japanese authorities,"The dollar climbed to 162.41 yen, its highest in 40 years, as the greenback's broad strength put pressure on the Japanese currency and stoked expectations of intervention. Japanese Finance Minister Satsuki Katayama said authorities were ready to respond appropriately at any time but stopped short of stronger warnings. The dollar index was last at 101.32, set for a 1.4% quarterly gain, while the yen was on track for a 2% drop in the second quarter, its fourth straight quarterly decline. The wide interest rate gap between the U.S. and Japan continues to favor carry trades, and the impact of Japan's 11.7 trillion yen intervention in April and May has already faded. The euro dipped 0.24% to $1.1396, sterling fell 0.2% to $1.3234, and commodity currencies also weakened, with the Australian dollar hitting a three-month low of $0.6867.",US Dollar/Japanese Yen FX Spot Rate,USDJPY.FOREX,forex,pos,monetary,"Strong dollar and wide US-Japan rate gap push yen to 40-year low, with intervention warnings but no action yet.",2026-06-30T08:37:14+00:00,Reuters,wire,https://finance.yahoo.com/news/yen-hits-40-low-clock-010137784.html
Dollar & FX intervention,the dollar strength and currency intervention,6,0.702,US dollar holds near 13-month high as yen slide and Fed rate hike bets boost greenback,"The US dollar held near a 13-month high, supported by the yen's slide to its weakest level since 1986 and growing bets on Federal Reserve interest rate hikes. The yen fell past 161.95 per dollar early Tuesday, while the US Dollar Index traded just under 101.80. The index has returned 3.1% year to date, with about two-thirds of that gain coming in the past month. The Bank of Japan raised rates to 1% in June, but Japanese rates remain far below those of other developed nations, prompting carry trades. Meanwhile, traders have fully priced in at least one Fed rate hike by year-end, with nearly two-thirds odds of a second by March, after the Fed held rates steady at 3.5% to 3.75% earlier this month. Stubborn inflation, with core PCE hitting its highest since October 2023, is driving those bets. Goldman Sachs strategist Lexi Kanter also cited the AI boom as a third support, as foreign investors buy US equities and drive up the dollar. The dollar has risen against the euro, pound, and franc in a six-month rally, though risks include potential rate-hike repricing and slower US growth.",US Dollar/Japanese Yen FX Spot Rate,USDJPY.FOREX,forex,pos,monetary,Yen weakens to 13-month low vs dollar on BOJ-BOF rate differential and Fed rate hike bets.,2026-06-30T14:16:52+00:00,Yahoo Finance,media,https://finance.yahoo.com/markets/article/us-dollar-holds-near-13-month-high-as-yens-slide-fed-rate-hike-bets-boost-the-greenback-141652445.html
Dollar & FX intervention,the dollar strength and currency intervention,6,0.702,US dollar holds near 13-month high as yen slide and Fed rate hike bets boost greenback,"The US dollar held near a 13-month high, supported by the yen's slide to its weakest level since 1986 and growing bets on Federal Reserve interest rate hikes. The yen fell past 161.95 per dollar early Tuesday, while the US Dollar Index traded just under 101.80. The index has returned 3.1% year to date, with about two-thirds of that gain coming in the past month. The Bank of Japan raised rates to 1% in June, but Japanese rates remain far below those of other developed nations, prompting carry trades. Meanwhile, traders have fully priced in at least one Fed rate hike by year-end, with nearly two-thirds odds of a second by March, after the Fed held rates steady at 3.5% to 3.75% earlier this month. Stubborn inflation, with core PCE hitting its highest since October 2023, is driving those bets. Goldman Sachs strategist Lexi Kanter also cited the AI boom as a third support, as foreign investors buy US equities and drive up the dollar. The dollar has risen against the euro, pound, and franc in a six-month rally, though risks include potential rate-hike repricing and slower US growth.",Goldman Sachs Group Inc,GS.US,stock,pos,capital,"Goldman Sachs strategist cited as supporting dollar strength, which may boost investment banking revenue.",2026-06-30T14:16:52+00:00,Yahoo Finance,media,https://finance.yahoo.com/markets/article/us-dollar-holds-near-13-month-high-as-yens-slide-fed-rate-hike-bets-boost-the-greenback-141652445.html
Dollar & FX intervention,the dollar strength and currency intervention,7,0.702,Dollar bulls gain ground even as most FX strategists still expect weakness,"A Reuters poll shows a growing minority of FX strategists now expect the U.S. dollar's recent strength to persist, even as a majority still forecast a weakening trend. The dollar has rebounded about 4% from May's low, supported by above-target U.S. inflation, a resilient economy, elevated Treasury yields, and expectations that the Federal Reserve could raise rates twice this year. While the median poll forecast sees the euro rising to $1.16 by end-September and $1.18 a year from now, roughly one-third of strategists—23 of 70—predict the euro-dollar pair will remain flat or edge down in three months, up from about 20% in June's survey. Bank of America's Alex Cohen expects three Fed hikes this year and sees additional dollar appreciation at least through the third quarter, while Citibank's Dan Tobon says there is a high chance the euro could fall to $1.11 in coming months. The yen, which hit a 40-year low near 163 per dollar, is forecast to recover gradually to around 154 in a year as the Bank of Japan tightens policy.",EUR/USD,EURUSD.FOREX,forex,neg,monetary,Poll shows growing minority expects dollar strength; euro forecast to rise but with downside risks.,2026-07-01T11:48:47+00:00,Reuters,wire,https://finance.yahoo.com/markets/currencies/articles/dollar-bulls-gain-ground-even-114847438.html
Dollar & FX intervention,the dollar strength and currency intervention,7,0.702,Dollar bulls gain ground even as most FX strategists still expect weakness,"A Reuters poll shows a growing minority of FX strategists now expect the U.S. dollar's recent strength to persist, even as a majority still forecast a weakening trend. The dollar has rebounded about 4% from May's low, supported by above-target U.S. inflation, a resilient economy, elevated Treasury yields, and expectations that the Federal Reserve could raise rates twice this year. While the median poll forecast sees the euro rising to $1.16 by end-September and $1.18 a year from now, roughly one-third of strategists—23 of 70—predict the euro-dollar pair will remain flat or edge down in three months, up from about 20% in June's survey. Bank of America's Alex Cohen expects three Fed hikes this year and sees additional dollar appreciation at least through the third quarter, while Citibank's Dan Tobon says there is a high chance the euro could fall to $1.11 in coming months. The yen, which hit a 40-year low near 163 per dollar, is forecast to recover gradually to around 154 in a year as the Bank of Japan tightens policy.",US Dollar/Japanese Yen FX Spot Rate,USDJPY.FOREX,forex,neg,monetary,Yen hit 40-year low near 163 per dollar; forecast to recover gradually as BOJ tightens policy.,2026-07-01T11:48:47+00:00,Reuters,wire,https://finance.yahoo.com/markets/currencies/articles/dollar-bulls-gain-ground-even-114847438.html
Dollar & FX intervention,the dollar strength and currency intervention,7,0.702,Dollar bulls gain ground even as most FX strategists still expect weakness,"A Reuters poll shows a growing minority of FX strategists now expect the U.S. dollar's recent strength to persist, even as a majority still forecast a weakening trend. The dollar has rebounded about 4% from May's low, supported by above-target U.S. inflation, a resilient economy, elevated Treasury yields, and expectations that the Federal Reserve could raise rates twice this year. While the median poll forecast sees the euro rising to $1.16 by end-September and $1.18 a year from now, roughly one-third of strategists—23 of 70—predict the euro-dollar pair will remain flat or edge down in three months, up from about 20% in June's survey. Bank of America's Alex Cohen expects three Fed hikes this year and sees additional dollar appreciation at least through the third quarter, while Citibank's Dan Tobon says there is a high chance the euro could fall to $1.11 in coming months. The yen, which hit a 40-year low near 163 per dollar, is forecast to recover gradually to around 154 in a year as the Bank of Japan tightens policy.",Bank of America Corp,BAC.US,stock,pos,monetary,"Bank of America's strategist expects three Fed hikes this year, which would benefit the bank's net interest income.",2026-07-01T11:48:47+00:00,Reuters,wire,https://finance.yahoo.com/markets/currencies/articles/dollar-bulls-gain-ground-even-114847438.html
Dollar & FX intervention,the dollar strength and currency intervention,7,0.702,Dollar bulls gain ground even as most FX strategists still expect weakness,"A Reuters poll shows a growing minority of FX strategists now expect the U.S. dollar's recent strength to persist, even as a majority still forecast a weakening trend. The dollar has rebounded about 4% from May's low, supported by above-target U.S. inflation, a resilient economy, elevated Treasury yields, and expectations that the Federal Reserve could raise rates twice this year. While the median poll forecast sees the euro rising to $1.16 by end-September and $1.18 a year from now, roughly one-third of strategists—23 of 70—predict the euro-dollar pair will remain flat or edge down in three months, up from about 20% in June's survey. Bank of America's Alex Cohen expects three Fed hikes this year and sees additional dollar appreciation at least through the third quarter, while Citibank's Dan Tobon says there is a high chance the euro could fall to $1.11 in coming months. The yen, which hit a 40-year low near 163 per dollar, is forecast to recover gradually to around 154 in a year as the Bank of Japan tightens policy.",Citigroup Inc.,C.US,stock,pos,monetary,"Citibank's strategist sees dollar strength, which could boost trading revenue and net interest income.",2026-07-01T11:48:47+00:00,Reuters,wire,https://finance.yahoo.com/markets/currencies/articles/dollar-bulls-gain-ground-even-114847438.html
Sovereign AI,sovereign AI and national chip ambitions,1,0.73,"South Korea launches 1,350 trillion won AI investment plan","South Korea is launching a 1,350 trillion won corporate investment plan to build critical AI infrastructure and cement its global dominance in the semiconductor market. President Lee Jae Myung called the multi-year roadmap a national survival strategy for the AI era. The announcement was made at a press conference joined by the CEOs of Samsung and SK Hynix.",Samsung Electronics Co Ltd,005930.KO,stock,pos,demand,Samsung CEO joined the announcement; the plan will boost demand for AI memory chips.,2026-06-29T08:15:32+00:00,Bloomberg,wire,https://finance.yahoo.com/video/south-koreas-massive-ai-investment-081532683.html
Sovereign AI,sovereign AI and national chip ambitions,1,0.73,"South Korea launches 1,350 trillion won AI investment plan","South Korea is launching a 1,350 trillion won corporate investment plan to build critical AI infrastructure and cement its global dominance in the semiconductor market. President Lee Jae Myung called the multi-year roadmap a national survival strategy for the AI era. The announcement was made at a press conference joined by the CEOs of Samsung and SK Hynix.",SK Hynix Inc,000660.KO,stock,pos,demand,SK Hynix CEO joined the announcement; the plan will boost demand for AI memory chips.,2026-06-29T08:15:32+00:00,Bloomberg,wire,https://finance.yahoo.com/video/south-koreas-massive-ai-investment-081532683.html
Sovereign AI,sovereign AI and national chip ambitions,2,0.711,"Samsung, SK Hynix to each build two new chip fabrication sites in South Korea","Samsung Electronics and SK Hynix plan to each build two new massive chip fabrication sites in South Korea's southwest region as part of a national project to build a chip production ecosystem valued at 800 trillion won, the government said on Monday. The plan was unveiled at the announcement of three new mega-projects by the country and the global chip giants to spur growth and dominate the AI sector.",Samsung Electronics Co Ltd,005930.KO,stock,pos,capital,"Samsung plans to build two new chip fabrication sites as part of a national project, indicating massive capital investment and government support.",2026-06-29T05:50:55+00:00,Reuters,wire,https://finance.yahoo.com/technology/articles/samsung-electronics-sk-hynix-invest-055055557.html
Sovereign AI,sovereign AI and national chip ambitions,2,0.711,"Samsung, SK Hynix to each build two new chip fabrication sites in South Korea","Samsung Electronics and SK Hynix plan to each build two new massive chip fabrication sites in South Korea's southwest region as part of a national project to build a chip production ecosystem valued at 800 trillion won, the government said on Monday. The plan was unveiled at the announcement of three new mega-projects by the country and the global chip giants to spur growth and dominate the AI sector.",SK Hynix Inc,000660.KO,stock,pos,capital,"SK Hynix plans to build two new chip fabrication sites as part of a national project, indicating massive capital investment and government support.",2026-06-29T05:50:55+00:00,Reuters,wire,https://finance.yahoo.com/technology/articles/samsung-electronics-sk-hynix-invest-055055557.html
Sovereign AI,sovereign AI and national chip ambitions,3,0.701,Ardian leads investment in French AI chip startup VSORA,"French semiconductor company VSORA has strengthened its funding round with an investment led by Ardian, alongside existing shareholder Otium and XAnge. The round also includes NJJ Capital, Capgemini through its ISAI Cap Venture fund, data center operator CloudHQ, and German federal agency SPRIND, with continued support from the European Innovation Council Fund, Omnes Capital, and Critical Path. This interim funding will accelerate commercialization of VSORA's AI inference processor, Jotunn8, which is entering manufacturing after a successful tape-out in 2025. The company is preparing a larger financing round in 2027 to support international expansion.",VSORA,,private,pos,technology,VSORA receives funding to accelerate commercialization of its Jotunn8 AI inference processor after successful tape-out.,2026-07-01T16:46:00+00:00,GlobeNewswire,press_release,https://www.globenewswire.com/news-release/2026/07/01/3320910/0/en/VSORA-enters-a-new-phase-as-Ardian-joins-its-shareholder-base.html
Sovereign AI,sovereign AI and national chip ambitions,3,0.701,Ardian leads investment in French AI chip startup VSORA,"French semiconductor company VSORA has strengthened its funding round with an investment led by Ardian, alongside existing shareholder Otium and XAnge. The round also includes NJJ Capital, Capgemini through its ISAI Cap Venture fund, data center operator CloudHQ, and German federal agency SPRIND, with continued support from the European Innovation Council Fund, Omnes Capital, and Critical Path. This interim funding will accelerate commercialization of VSORA's AI inference processor, Jotunn8, which is entering manufacturing after a successful tape-out in 2025. The company is preparing a larger financing round in 2027 to support international expansion.",Ardian,,private,pos,capital,"Ardian led the investment round in VSORA, a positive capital deployment.",2026-07-01T16:46:00+00:00,GlobeNewswire,press_release,https://www.globenewswire.com/news-release/2026/07/01/3320910/0/en/VSORA-enters-a-new-phase-as-Ardian-joins-its-shareholder-base.html
Sovereign AI,sovereign AI and national chip ambitions,3,0.701,Ardian leads investment in French AI chip startup VSORA,"French semiconductor company VSORA has strengthened its funding round with an investment led by Ardian, alongside existing shareholder Otium and XAnge. The round also includes NJJ Capital, Capgemini through its ISAI Cap Venture fund, data center operator CloudHQ, and German federal agency SPRIND, with continued support from the European Innovation Council Fund, Omnes Capital, and Critical Path. This interim funding will accelerate commercialization of VSORA's AI inference processor, Jotunn8, which is entering manufacturing after a successful tape-out in 2025. The company is preparing a larger financing round in 2027 to support international expansion.",CloudHQ,,private,pos,capital,"CloudHQ participated in the funding round, showing support for VSORA's AI inference processor.",2026-07-01T16:46:00+00:00,GlobeNewswire,press_release,https://www.globenewswire.com/news-release/2026/07/01/3320910/0/en/VSORA-enters-a-new-phase-as-Ardian-joins-its-shareholder-base.html
Sovereign AI,sovereign AI and national chip ambitions,3,0.701,Ardian leads investment in French AI chip startup VSORA,"French semiconductor company VSORA has strengthened its funding round with an investment led by Ardian, alongside existing shareholder Otium and XAnge. The round also includes NJJ Capital, Capgemini through its ISAI Cap Venture fund, data center operator CloudHQ, and German federal agency SPRIND, with continued support from the European Innovation Council Fund, Omnes Capital, and Critical Path. This interim funding will accelerate commercialization of VSORA's AI inference processor, Jotunn8, which is entering manufacturing after a successful tape-out in 2025. The company is preparing a larger financing round in 2027 to support international expansion.",Otium,,private,pos,capital,Otium is an existing shareholder; the investment strengthens its position in VSORA.,2026-07-01T16:46:00+00:00,GlobeNewswire,press_release,https://www.globenewswire.com/news-release/2026/07/01/3320910/0/en/VSORA-enters-a-new-phase-as-Ardian-joins-its-shareholder-base.html
Sovereign AI,sovereign AI and national chip ambitions,3,0.701,Ardian leads investment in French AI chip startup VSORA,"French semiconductor company VSORA has strengthened its funding round with an investment led by Ardian, alongside existing shareholder Otium and XAnge. The round also includes NJJ Capital, Capgemini through its ISAI Cap Venture fund, data center operator CloudHQ, and German federal agency SPRIND, with continued support from the European Innovation Council Fund, Omnes Capital, and Critical Path. This interim funding will accelerate commercialization of VSORA's AI inference processor, Jotunn8, which is entering manufacturing after a successful tape-out in 2025. The company is preparing a larger financing round in 2027 to support international expansion.",XAnge,,private,pos,capital,XAnge is an existing shareholder; the investment supports its portfolio company VSORA.,2026-07-01T16:46:00+00:00,GlobeNewswire,press_release,https://www.globenewswire.com/news-release/2026/07/01/3320910/0/en/VSORA-enters-a-new-phase-as-Ardian-joins-its-shareholder-base.html
Sovereign AI,sovereign AI and national chip ambitions,3,0.701,Ardian leads investment in French AI chip startup VSORA,"French semiconductor company VSORA has strengthened its funding round with an investment led by Ardian, alongside existing shareholder Otium and XAnge. The round also includes NJJ Capital, Capgemini through its ISAI Cap Venture fund, data center operator CloudHQ, and German federal agency SPRIND, with continued support from the European Innovation Council Fund, Omnes Capital, and Critical Path. This interim funding will accelerate commercialization of VSORA's AI inference processor, Jotunn8, which is entering manufacturing after a successful tape-out in 2025. The company is preparing a larger financing round in 2027 to support international expansion.",Capgemini SE,CAP.PA,stock,pos,capital,"Capgemini's ISAI Cap Venture fund participated in the investment round, indicating strategic interest in AI chip startup VSORA.",2026-07-01T16:46:00+00:00,GlobeNewswire,press_release,https://www.globenewswire.com/news-release/2026/07/01/3320910/0/en/VSORA-enters-a-new-phase-as-Ardian-joins-its-shareholder-base.html
Sovereign AI,sovereign AI and national chip ambitions,3,0.701,Ardian leads investment in French AI chip startup VSORA,"French semiconductor company VSORA has strengthened its funding round with an investment led by Ardian, alongside existing shareholder Otium and XAnge. The round also includes NJJ Capital, Capgemini through its ISAI Cap Venture fund, data center operator CloudHQ, and German federal agency SPRIND, with continued support from the European Innovation Council Fund, Omnes Capital, and Critical Path. This interim funding will accelerate commercialization of VSORA's AI inference processor, Jotunn8, which is entering manufacturing after a successful tape-out in 2025. The company is preparing a larger financing round in 2027 to support international expansion.",ISAI Cap Venture,,private,pos,capital,"ISAI Cap Venture, a Capgemini fund, invested in VSORA's funding round.",2026-07-01T16:46:00+00:00,GlobeNewswire,press_release,https://www.globenewswire.com/news-release/2026/07/01/3320910/0/en/VSORA-enters-a-new-phase-as-Ardian-joins-its-shareholder-base.html
Sovereign AI,sovereign AI and national chip ambitions,3,0.701,Ardian leads investment in French AI chip startup VSORA,"French semiconductor company VSORA has strengthened its funding round with an investment led by Ardian, alongside existing shareholder Otium and XAnge. The round also includes NJJ Capital, Capgemini through its ISAI Cap Venture fund, data center operator CloudHQ, and German federal agency SPRIND, with continued support from the European Innovation Council Fund, Omnes Capital, and Critical Path. This interim funding will accelerate commercialization of VSORA's AI inference processor, Jotunn8, which is entering manufacturing after a successful tape-out in 2025. The company is preparing a larger financing round in 2027 to support international expansion.",NJJ Capital,,private,pos,capital,NJJ Capital participated in the investment round for VSORA.,2026-07-01T16:46:00+00:00,GlobeNewswire,press_release,https://www.globenewswire.com/news-release/2026/07/01/3320910/0/en/VSORA-enters-a-new-phase-as-Ardian-joins-its-shareholder-base.html
Sovereign AI,sovereign AI and national chip ambitions,3,0.701,Ardian leads investment in French AI chip startup VSORA,"French semiconductor company VSORA has strengthened its funding round with an investment led by Ardian, alongside existing shareholder Otium and XAnge. The round also includes NJJ Capital, Capgemini through its ISAI Cap Venture fund, data center operator CloudHQ, and German federal agency SPRIND, with continued support from the European Innovation Council Fund, Omnes Capital, and Critical Path. This interim funding will accelerate commercialization of VSORA's AI inference processor, Jotunn8, which is entering manufacturing after a successful tape-out in 2025. The company is preparing a larger financing round in 2027 to support international expansion.",Omnes Capital,,private,ambiguous,capital,"Omnes Capital is mentioned as a continuing supporter, but no specific impact on its own business.",2026-07-01T16:46:00+00:00,GlobeNewswire,press_release,https://www.globenewswire.com/news-release/2026/07/01/3320910/0/en/VSORA-enters-a-new-phase-as-Ardian-joins-its-shareholder-base.html
Sovereign AI,sovereign AI and national chip ambitions,4,0.7,"EU chip industry squeezed by China, U.S. dependence","The European Union's semiconductor sector is under increasing pressure from Chinese export controls, dependence on U.S. technology, and structural weaknesses in its domestic chip industry, according to an EU-funded report. The report by the European Union Institute for Security Studies and Institut Montaigne says the EU relies heavily on the U.S. for critical semiconductor technologies, including electronic design automation software and advanced chip technologies, while China remains a key market and supplier of critical raw materials such as rare earths and magnets. It warns that escalating U.S.-China technology tensions leave European firms vulnerable to policy decisions beyond their control, with co-author Joris Teer telling Reuters that dependence on Washington has become of much greater concern under the second Trump administration. The report also cites persistently high energy prices, limited private capital investment, and the decline of Europe's chip-consuming industries as factors undermining competitiveness, and recommends pursuing strategic interdependence by reducing excessive dependencies while deepening cooperation with trusted partners. It highlights the need to build on existing strengths, particularly ASML's leadership in chipmaking equipment, and invest across the semiconductor value chain as the European Commission's proposed Chips Act 2.0 aims to boost demand for EU-made chips.",ASML Holding N.V.,ASML.AS,stock,pos,technology,Report highlights ASML's leadership in chipmaking equipment as a strength to build on.,2026-07-02T05:40:10+00:00,Seeking Alpha,media,https://seekingalpha.com/news/4609517-eu-chip-industry-squeezed-by-china-us-dependence?utm_source=feed_news_all&utm_medium=referral&feed_item_type=news
Sovereign AI,sovereign AI and national chip ambitions,5,0.697,Samsung and SK Hynix to invest $590 billion in South Korean chip mega-complex,"Samsung Electronics and SK Hynix will invest a combined $590 billion alongside the South Korean government to build a sprawling new manufacturing complex aimed at relieving the AI-driven memory chip shortage. The plan, unveiled by President Lee Jae Myung at the Blue House, is part of the government's Three Mega Projects for the Great Leap Forward and includes four new chipmaking plants—two each from Samsung and SK Hynix—costing 800 trillion won, with the goal of doubling South Korea's DRAM production capacity within five years. The investment targets the structural shortage known as RAMageddon, where AI data centers' massive consumption of high-bandwidth memory has pulled ordinary memory out of the global supply pool, causing conventional DRAM contract prices to surge by a forecast 90 to 95 percent in the first quarter of 2026 alone. Apple recently raised prices on MacBooks and iPads to pass on higher memory costs, while SK Hynix, now South Korea's most valuable company, plans a roughly $29.4 billion U.S. listing on Nasdaq. However, most new supply is not expected until 2027 at the earliest, and there are warnings that a future oversupply could emerge if AI memory demand weakens.",Samsung Electronics Co Ltd,005930.KO,stock,pos,capital,"Samsung is investing in new chipmaking plants to double DRAM capacity, benefiting from AI memory demand.",2026-07-01T11:35:00+00:00,Moneywise.com under the title,media,https://finance.yahoo.com/technology/articles/south-korea-rescue-worlds-biggest-113500553.html
Sovereign AI,sovereign AI and national chip ambitions,5,0.697,Samsung and SK Hynix to invest $590 billion in South Korean chip mega-complex,"Samsung Electronics and SK Hynix will invest a combined $590 billion alongside the South Korean government to build a sprawling new manufacturing complex aimed at relieving the AI-driven memory chip shortage. The plan, unveiled by President Lee Jae Myung at the Blue House, is part of the government's Three Mega Projects for the Great Leap Forward and includes four new chipmaking plants—two each from Samsung and SK Hynix—costing 800 trillion won, with the goal of doubling South Korea's DRAM production capacity within five years. The investment targets the structural shortage known as RAMageddon, where AI data centers' massive consumption of high-bandwidth memory has pulled ordinary memory out of the global supply pool, causing conventional DRAM contract prices to surge by a forecast 90 to 95 percent in the first quarter of 2026 alone. Apple recently raised prices on MacBooks and iPads to pass on higher memory costs, while SK Hynix, now South Korea's most valuable company, plans a roughly $29.4 billion U.S. listing on Nasdaq. However, most new supply is not expected until 2027 at the earliest, and there are warnings that a future oversupply could emerge if AI memory demand weakens.",SK Hynix Inc,000660.KO,stock,pos,capital,"SK Hynix is investing in new plants to address AI-driven memory shortage, and plans a $29.4B U.S. listing.",2026-07-01T11:35:00+00:00,Moneywise.com under the title,media,https://finance.yahoo.com/technology/articles/south-korea-rescue-worlds-biggest-113500553.html
Sovereign AI,sovereign AI and national chip ambitions,5,0.697,Samsung and SK Hynix to invest $590 billion in South Korean chip mega-complex,"Samsung Electronics and SK Hynix will invest a combined $590 billion alongside the South Korean government to build a sprawling new manufacturing complex aimed at relieving the AI-driven memory chip shortage. The plan, unveiled by President Lee Jae Myung at the Blue House, is part of the government's Three Mega Projects for the Great Leap Forward and includes four new chipmaking plants—two each from Samsung and SK Hynix—costing 800 trillion won, with the goal of doubling South Korea's DRAM production capacity within five years. The investment targets the structural shortage known as RAMageddon, where AI data centers' massive consumption of high-bandwidth memory has pulled ordinary memory out of the global supply pool, causing conventional DRAM contract prices to surge by a forecast 90 to 95 percent in the first quarter of 2026 alone. Apple recently raised prices on MacBooks and iPads to pass on higher memory costs, while SK Hynix, now South Korea's most valuable company, plans a roughly $29.4 billion U.S. listing on Nasdaq. However, most new supply is not expected until 2027 at the earliest, and there are warnings that a future oversupply could emerge if AI memory demand weakens.",Apple Inc.,AAPL.US,stock,neg,pricing,"Apple raised MacBook and iPad prices to pass on higher memory costs, which may pressure demand.",2026-07-01T11:35:00+00:00,Moneywise.com under the title,media,https://finance.yahoo.com/technology/articles/south-korea-rescue-worlds-biggest-113500553.html
Sovereign AI,sovereign AI and national chip ambitions,6,0.695,Infineon opens five-billion-euro chip plant in Dresden,"Infineon opened its five-billion-euro Smart Power Fab in Dresden, Germany, on Thursday, marking the largest single investment in the company's history. The plant, completed three months ahead of schedule, will produce power-management chips for electric vehicles, renewable energy systems, and AI data centres. It received one billion euros in subsidies under the EU Chips Act, which aims to double Europe's global semiconductor production share to 20 percent by 2030. Chancellor Friedrich Merz called the opening strategically significant for digital sovereignty and economic resilience. The facility is located in the Silicon Saxony cluster, where one in three European-made chips is produced.",Infineon Technologies AG,IFX.XETRA,stock,pos,capital,"Opens five-billion-euro chip plant, largest investment in company history, with subsidies under EU Chips Act.",2026-07-02T11:17:35+00:00,AFP,wire,https://finance.yahoo.com/technology/articles/germanys-infineon-opens-major-chip-111735721.html
Humanoid robots race,humanoid robots and physical AI,1,0.707,Morgan Stanley doubles China humanoid shipment forecast to 50K units for 2026,"Morgan Stanley has significantly upgraded its 2026 unit forecast for Chinese humanoid shipments, raising the estimate to 50,000 units from 28,000. Looking further ahead, analysts project that shipments will soar to 446,000 units by 2030. This rapid acceleration is being driven by strong policy support, positive supply-chain feedback, and successful commercial verification, with an increasing number of Chinese companies now targeting late 2026 to begin mass production. The third quarter of the year is shaping up to be a pivotal period for the sector, with upcoming catalysts including the potential unveiling of the Optimus Gen 3 from Tesla and planned initial public offerings for key humanoid integrators. On the pricing front, the industry is experiencing broad cost deflation, but Morgan Stanley anticipates a slight bump in the blended average selling price between 2027 and 2028, driven by a higher adoption rate of premium, full-size humanoid models, before average prices ultimately resume their decline toward the end of the decade.",Morgan Stanley,MS.US,stock,pos,capital,"Morgan Stanley's own analyst team raised the humanoid shipment forecast, which is a positive analyst call for the sector and reflects favorably on the firm's research credibility.",2026-06-30T16:47:52+00:00,Seeking Alpha,media,https://seekingalpha.com/news/4608587-the-tide-is-rising-morgan-stanley-doubles-down-on-chinas-humanoid-future?utm_source=feed_news_all&utm_medium=referral&feed_item_type=news
Humanoid robots race,humanoid robots and physical AI,1,0.707,Morgan Stanley doubles China humanoid shipment forecast to 50K units for 2026,"Morgan Stanley has significantly upgraded its 2026 unit forecast for Chinese humanoid shipments, raising the estimate to 50,000 units from 28,000. Looking further ahead, analysts project that shipments will soar to 446,000 units by 2030. This rapid acceleration is being driven by strong policy support, positive supply-chain feedback, and successful commercial verification, with an increasing number of Chinese companies now targeting late 2026 to begin mass production. The third quarter of the year is shaping up to be a pivotal period for the sector, with upcoming catalysts including the potential unveiling of the Optimus Gen 3 from Tesla and planned initial public offerings for key humanoid integrators. On the pricing front, the industry is experiencing broad cost deflation, but Morgan Stanley anticipates a slight bump in the blended average selling price between 2027 and 2028, driven by a higher adoption rate of premium, full-size humanoid models, before average prices ultimately resume their decline toward the end of the decade.",Tesla Inc,TSLA.US,stock,pos,technology,"The article mentions upcoming potential unveiling of Tesla's Optimus Gen 3 as a catalyst, which is a positive product development for Tesla.",2026-06-30T16:47:52+00:00,Seeking Alpha,media,https://seekingalpha.com/news/4608587-the-tide-is-rising-morgan-stanley-doubles-down-on-chinas-humanoid-future?utm_source=feed_news_all&utm_medium=referral&feed_item_type=news
Humanoid robots race,humanoid robots and physical AI,2,0.704,Humanoid robot component stocks surge on supply-chain optimism,"Component makers tied to the humanoid robotics supply chain rallied sharply on Tuesday as investors sought out specialist suppliers. Sensor makers Ouster, Cognex, and Allegro Microsystems closed up 15.6%, 5.9%, and 4.9% respectively, while edge AI vision processor maker Ambarella surged 28%. Motor makers like Nidec, RBC Bearings, Regal Beloit, and Ametek closed between 1% and 8% higher, with Regal Beloit gaining 8.3% after Kerrisdale Capital disclosed a long position citing the physical AI angle. AI brain maker NVIDIA gained 2.6%, battery maker Enersys rose 4.3%, and power electronics names such as Wolfspeed surged 9%. The moves highlight that component suppliers sell into multiple robot OEMs simultaneously, meaning any broad acceleration in humanoid build rates lifts the entire component tier. However, Reuters reported on June 29 that doubts are creeping into the broader AI trade, with a Bank for International Settlements warning that AI and automation asset valuations may be overextended, a caution directly relevant to high-multiple humanoid component names.",Ambarella Inc,AMBA.US,stock,pos,demand,Edge AI vision processor maker surged 28% on supply-chain optimism for humanoid robots.,2026-07-01T13:14:08+00:00,Investing.com,media,https://finance.yahoo.com/markets/stocks/articles/humanoid-robot-component-stocks-surge-131408431.html
Humanoid robots race,humanoid robots and physical AI,2,0.704,Humanoid robot component stocks surge on supply-chain optimism,"Component makers tied to the humanoid robotics supply chain rallied sharply on Tuesday as investors sought out specialist suppliers. Sensor makers Ouster, Cognex, and Allegro Microsystems closed up 15.6%, 5.9%, and 4.9% respectively, while edge AI vision processor maker Ambarella surged 28%. Motor makers like Nidec, RBC Bearings, Regal Beloit, and Ametek closed between 1% and 8% higher, with Regal Beloit gaining 8.3% after Kerrisdale Capital disclosed a long position citing the physical AI angle. AI brain maker NVIDIA gained 2.6%, battery maker Enersys rose 4.3%, and power electronics names such as Wolfspeed surged 9%. The moves highlight that component suppliers sell into multiple robot OEMs simultaneously, meaning any broad acceleration in humanoid build rates lifts the entire component tier. However, Reuters reported on June 29 that doubts are creeping into the broader AI trade, with a Bank for International Settlements warning that AI and automation asset valuations may be overextended, a caution directly relevant to high-multiple humanoid component names.","Ouster, Inc. Common Stock",OUST.US,stock,pos,demand,Ouster is a sensor maker directly benefiting from humanoid robot component demand surge.,2026-07-01T13:14:08+00:00,Investing.com,media,https://finance.yahoo.com/markets/stocks/articles/humanoid-robot-component-stocks-surge-131408431.html
Humanoid robots race,humanoid robots and physical AI,2,0.704,Humanoid robot component stocks surge on supply-chain optimism,"Component makers tied to the humanoid robotics supply chain rallied sharply on Tuesday as investors sought out specialist suppliers. Sensor makers Ouster, Cognex, and Allegro Microsystems closed up 15.6%, 5.9%, and 4.9% respectively, while edge AI vision processor maker Ambarella surged 28%. Motor makers like Nidec, RBC Bearings, Regal Beloit, and Ametek closed between 1% and 8% higher, with Regal Beloit gaining 8.3% after Kerrisdale Capital disclosed a long position citing the physical AI angle. AI brain maker NVIDIA gained 2.6%, battery maker Enersys rose 4.3%, and power electronics names such as Wolfspeed surged 9%. The moves highlight that component suppliers sell into multiple robot OEMs simultaneously, meaning any broad acceleration in humanoid build rates lifts the entire component tier. However, Reuters reported on June 29 that doubts are creeping into the broader AI trade, with a Bank for International Settlements warning that AI and automation asset valuations may be overextended, a caution directly relevant to high-multiple humanoid component names.",Regal Beloit Corporation,RRX.US,stock,pos,capital,Regal Beloit gained 8.3% after Kerrisdale Capital disclosed a long position citing physical AI angle.,2026-07-01T13:14:08+00:00,Investing.com,media,https://finance.yahoo.com/markets/stocks/articles/humanoid-robot-component-stocks-surge-131408431.html
Humanoid robots race,humanoid robots and physical AI,2,0.704,Humanoid robot component stocks surge on supply-chain optimism,"Component makers tied to the humanoid robotics supply chain rallied sharply on Tuesday as investors sought out specialist suppliers. Sensor makers Ouster, Cognex, and Allegro Microsystems closed up 15.6%, 5.9%, and 4.9% respectively, while edge AI vision processor maker Ambarella surged 28%. Motor makers like Nidec, RBC Bearings, Regal Beloit, and Ametek closed between 1% and 8% higher, with Regal Beloit gaining 8.3% after Kerrisdale Capital disclosed a long position citing the physical AI angle. AI brain maker NVIDIA gained 2.6%, battery maker Enersys rose 4.3%, and power electronics names such as Wolfspeed surged 9%. The moves highlight that component suppliers sell into multiple robot OEMs simultaneously, meaning any broad acceleration in humanoid build rates lifts the entire component tier. However, Reuters reported on June 29 that doubts are creeping into the broader AI trade, with a Bank for International Settlements warning that AI and automation asset valuations may be overextended, a caution directly relevant to high-multiple humanoid component names.",Allegro Microsystems Inc,ALGM.US,stock,pos,demand,Component maker tied to humanoid robotics supply chain; broad acceleration in humanoid build rates lifts demand for its sensors.,2026-07-01T13:14:08+00:00,Investing.com,media,https://finance.yahoo.com/markets/stocks/articles/humanoid-robot-component-stocks-surge-131408431.html
Humanoid robots race,humanoid robots and physical AI,2,0.704,Humanoid robot component stocks surge on supply-chain optimism,"Component makers tied to the humanoid robotics supply chain rallied sharply on Tuesday as investors sought out specialist suppliers. Sensor makers Ouster, Cognex, and Allegro Microsystems closed up 15.6%, 5.9%, and 4.9% respectively, while edge AI vision processor maker Ambarella surged 28%. Motor makers like Nidec, RBC Bearings, Regal Beloit, and Ametek closed between 1% and 8% higher, with Regal Beloit gaining 8.3% after Kerrisdale Capital disclosed a long position citing the physical AI angle. AI brain maker NVIDIA gained 2.6%, battery maker Enersys rose 4.3%, and power electronics names such as Wolfspeed surged 9%. The moves highlight that component suppliers sell into multiple robot OEMs simultaneously, meaning any broad acceleration in humanoid build rates lifts the entire component tier. However, Reuters reported on June 29 that doubts are creeping into the broader AI trade, with a Bank for International Settlements warning that AI and automation asset valuations may be overextended, a caution directly relevant to high-multiple humanoid component names.",Cognex Corporation,CGNX.US,stock,pos,demand,Sensor maker closed up 5.9% on humanoid robot component supply-chain optimism.,2026-07-01T13:14:08+00:00,Investing.com,media,https://finance.yahoo.com/markets/stocks/articles/humanoid-robot-component-stocks-surge-131408431.html
Humanoid robots race,humanoid robots and physical AI,2,0.704,Humanoid robot component stocks surge on supply-chain optimism,"Component makers tied to the humanoid robotics supply chain rallied sharply on Tuesday as investors sought out specialist suppliers. Sensor makers Ouster, Cognex, and Allegro Microsystems closed up 15.6%, 5.9%, and 4.9% respectively, while edge AI vision processor maker Ambarella surged 28%. Motor makers like Nidec, RBC Bearings, Regal Beloit, and Ametek closed between 1% and 8% higher, with Regal Beloit gaining 8.3% after Kerrisdale Capital disclosed a long position citing the physical AI angle. AI brain maker NVIDIA gained 2.6%, battery maker Enersys rose 4.3%, and power electronics names such as Wolfspeed surged 9%. The moves highlight that component suppliers sell into multiple robot OEMs simultaneously, meaning any broad acceleration in humanoid build rates lifts the entire component tier. However, Reuters reported on June 29 that doubts are creeping into the broader AI trade, with a Bank for International Settlements warning that AI and automation asset valuations may be overextended, a caution directly relevant to high-multiple humanoid component names.",RBC Bearings Incorporated,RBC.US,stock,pos,demand,RBC Bearings is a motor maker that rallied on humanoid robot supply-chain optimism.,2026-07-01T13:14:08+00:00,Investing.com,media,https://finance.yahoo.com/markets/stocks/articles/humanoid-robot-component-stocks-surge-131408431.html
Humanoid robots race,humanoid robots and physical AI,2,0.704,Humanoid robot component stocks surge on supply-chain optimism,"Component makers tied to the humanoid robotics supply chain rallied sharply on Tuesday as investors sought out specialist suppliers. Sensor makers Ouster, Cognex, and Allegro Microsystems closed up 15.6%, 5.9%, and 4.9% respectively, while edge AI vision processor maker Ambarella surged 28%. Motor makers like Nidec, RBC Bearings, Regal Beloit, and Ametek closed between 1% and 8% higher, with Regal Beloit gaining 8.3% after Kerrisdale Capital disclosed a long position citing the physical AI angle. AI brain maker NVIDIA gained 2.6%, battery maker Enersys rose 4.3%, and power electronics names such as Wolfspeed surged 9%. The moves highlight that component suppliers sell into multiple robot OEMs simultaneously, meaning any broad acceleration in humanoid build rates lifts the entire component tier. However, Reuters reported on June 29 that doubts are creeping into the broader AI trade, with a Bank for International Settlements warning that AI and automation asset valuations may be overextended, a caution directly relevant to high-multiple humanoid component names.","Wolfspeed, Inc.",WOLF.US,stock,pos,demand,Wolfspeed is a power electronics name that surged 9% on humanoid robot component demand optimism.,2026-07-01T13:14:08+00:00,Investing.com,media,https://finance.yahoo.com/markets/stocks/articles/humanoid-robot-component-stocks-surge-131408431.html
Humanoid robots race,humanoid robots and physical AI,2,0.704,Humanoid robot component stocks surge on supply-chain optimism,"Component makers tied to the humanoid robotics supply chain rallied sharply on Tuesday as investors sought out specialist suppliers. Sensor makers Ouster, Cognex, and Allegro Microsystems closed up 15.6%, 5.9%, and 4.9% respectively, while edge AI vision processor maker Ambarella surged 28%. Motor makers like Nidec, RBC Bearings, Regal Beloit, and Ametek closed between 1% and 8% higher, with Regal Beloit gaining 8.3% after Kerrisdale Capital disclosed a long position citing the physical AI angle. AI brain maker NVIDIA gained 2.6%, battery maker Enersys rose 4.3%, and power electronics names such as Wolfspeed surged 9%. The moves highlight that component suppliers sell into multiple robot OEMs simultaneously, meaning any broad acceleration in humanoid build rates lifts the entire component tier. However, Reuters reported on June 29 that doubts are creeping into the broader AI trade, with a Bank for International Settlements warning that AI and automation asset valuations may be overextended, a caution directly relevant to high-multiple humanoid component names.",Ametek Inc,AME.US,stock,pos,demand,Motor maker gained 1-8% as part of humanoid robot component supply chain rally.,2026-07-01T13:14:08+00:00,Investing.com,media,https://finance.yahoo.com/markets/stocks/articles/humanoid-robot-component-stocks-surge-131408431.html
Humanoid robots race,humanoid robots and physical AI,2,0.704,Humanoid robot component stocks surge on supply-chain optimism,"Component makers tied to the humanoid robotics supply chain rallied sharply on Tuesday as investors sought out specialist suppliers. Sensor makers Ouster, Cognex, and Allegro Microsystems closed up 15.6%, 5.9%, and 4.9% respectively, while edge AI vision processor maker Ambarella surged 28%. Motor makers like Nidec, RBC Bearings, Regal Beloit, and Ametek closed between 1% and 8% higher, with Regal Beloit gaining 8.3% after Kerrisdale Capital disclosed a long position citing the physical AI angle. AI brain maker NVIDIA gained 2.6%, battery maker Enersys rose 4.3%, and power electronics names such as Wolfspeed surged 9%. The moves highlight that component suppliers sell into multiple robot OEMs simultaneously, meaning any broad acceleration in humanoid build rates lifts the entire component tier. However, Reuters reported on June 29 that doubts are creeping into the broader AI trade, with a Bank for International Settlements warning that AI and automation asset valuations may be overextended, a caution directly relevant to high-multiple humanoid component names.",Enersys,ENS.US,stock,pos,demand,Battery maker rose 4.3% as part of humanoid robot component supply chain rally.,2026-07-01T13:14:08+00:00,Investing.com,media,https://finance.yahoo.com/markets/stocks/articles/humanoid-robot-component-stocks-surge-131408431.html
Humanoid robots race,humanoid robots and physical AI,2,0.704,Humanoid robot component stocks surge on supply-chain optimism,"Component makers tied to the humanoid robotics supply chain rallied sharply on Tuesday as investors sought out specialist suppliers. Sensor makers Ouster, Cognex, and Allegro Microsystems closed up 15.6%, 5.9%, and 4.9% respectively, while edge AI vision processor maker Ambarella surged 28%. Motor makers like Nidec, RBC Bearings, Regal Beloit, and Ametek closed between 1% and 8% higher, with Regal Beloit gaining 8.3% after Kerrisdale Capital disclosed a long position citing the physical AI angle. AI brain maker NVIDIA gained 2.6%, battery maker Enersys rose 4.3%, and power electronics names such as Wolfspeed surged 9%. The moves highlight that component suppliers sell into multiple robot OEMs simultaneously, meaning any broad acceleration in humanoid build rates lifts the entire component tier. However, Reuters reported on June 29 that doubts are creeping into the broader AI trade, with a Bank for International Settlements warning that AI and automation asset valuations may be overextended, a caution directly relevant to high-multiple humanoid component names.",Nidec Corporation,6594.JP,stock,pos,demand,"Component suppliers like Nidec benefit from broad acceleration in humanoid robot build rates, as they sell into multiple robot OEMs.",2026-07-01T13:14:08+00:00,Investing.com,media,https://finance.yahoo.com/markets/stocks/articles/humanoid-robot-component-stocks-surge-131408431.html
Humanoid robots race,humanoid robots and physical AI,2,0.704,Humanoid robot component stocks surge on supply-chain optimism,"Component makers tied to the humanoid robotics supply chain rallied sharply on Tuesday as investors sought out specialist suppliers. Sensor makers Ouster, Cognex, and Allegro Microsystems closed up 15.6%, 5.9%, and 4.9% respectively, while edge AI vision processor maker Ambarella surged 28%. Motor makers like Nidec, RBC Bearings, Regal Beloit, and Ametek closed between 1% and 8% higher, with Regal Beloit gaining 8.3% after Kerrisdale Capital disclosed a long position citing the physical AI angle. AI brain maker NVIDIA gained 2.6%, battery maker Enersys rose 4.3%, and power electronics names such as Wolfspeed surged 9%. The moves highlight that component suppliers sell into multiple robot OEMs simultaneously, meaning any broad acceleration in humanoid build rates lifts the entire component tier. However, Reuters reported on June 29 that doubts are creeping into the broader AI trade, with a Bank for International Settlements warning that AI and automation asset valuations may be overextended, a caution directly relevant to high-multiple humanoid component names.",NVIDIA Corporation,NVDA.US,stock,pos,demand,NVIDIA's AI chips are used in humanoid robots; supply-chain optimism lifts demand expectations.,2026-07-01T13:14:08+00:00,Investing.com,media,https://finance.yahoo.com/markets/stocks/articles/humanoid-robot-component-stocks-surge-131408431.html
Humanoid robots race,humanoid robots and physical AI,2,0.704,Humanoid robot component stocks surge on supply-chain optimism,"Component makers tied to the humanoid robotics supply chain rallied sharply on Tuesday as investors sought out specialist suppliers. Sensor makers Ouster, Cognex, and Allegro Microsystems closed up 15.6%, 5.9%, and 4.9% respectively, while edge AI vision processor maker Ambarella surged 28%. Motor makers like Nidec, RBC Bearings, Regal Beloit, and Ametek closed between 1% and 8% higher, with Regal Beloit gaining 8.3% after Kerrisdale Capital disclosed a long position citing the physical AI angle. AI brain maker NVIDIA gained 2.6%, battery maker Enersys rose 4.3%, and power electronics names such as Wolfspeed surged 9%. The moves highlight that component suppliers sell into multiple robot OEMs simultaneously, meaning any broad acceleration in humanoid build rates lifts the entire component tier. However, Reuters reported on June 29 that doubts are creeping into the broader AI trade, with a Bank for International Settlements warning that AI and automation asset valuations may be overextended, a caution directly relevant to high-multiple humanoid component names.",CEVA Inc,CEVA.US,stock,,,,2026-07-01T13:14:08+00:00,Investing.com,media,https://finance.yahoo.com/markets/stocks/articles/humanoid-robot-component-stocks-surge-131408431.html
Humanoid robots race,humanoid robots and physical AI,2,0.704,Humanoid robot component stocks surge on supply-chain optimism,"Component makers tied to the humanoid robotics supply chain rallied sharply on Tuesday as investors sought out specialist suppliers. Sensor makers Ouster, Cognex, and Allegro Microsystems closed up 15.6%, 5.9%, and 4.9% respectively, while edge AI vision processor maker Ambarella surged 28%. Motor makers like Nidec, RBC Bearings, Regal Beloit, and Ametek closed between 1% and 8% higher, with Regal Beloit gaining 8.3% after Kerrisdale Capital disclosed a long position citing the physical AI angle. AI brain maker NVIDIA gained 2.6%, battery maker Enersys rose 4.3%, and power electronics names such as Wolfspeed surged 9%. The moves highlight that component suppliers sell into multiple robot OEMs simultaneously, meaning any broad acceleration in humanoid build rates lifts the entire component tier. However, Reuters reported on June 29 that doubts are creeping into the broader AI trade, with a Bank for International Settlements warning that AI and automation asset valuations may be overextended, a caution directly relevant to high-multiple humanoid component names.",Lattice Semiconductor Corporation,LSCC.US,stock,,,,2026-07-01T13:14:08+00:00,Investing.com,media,https://finance.yahoo.com/markets/stocks/articles/humanoid-robot-component-stocks-surge-131408431.html
Humanoid robots race,humanoid robots and physical AI,2,0.704,Humanoid robot component stocks surge on supply-chain optimism,"Component makers tied to the humanoid robotics supply chain rallied sharply on Tuesday as investors sought out specialist suppliers. Sensor makers Ouster, Cognex, and Allegro Microsystems closed up 15.6%, 5.9%, and 4.9% respectively, while edge AI vision processor maker Ambarella surged 28%. Motor makers like Nidec, RBC Bearings, Regal Beloit, and Ametek closed between 1% and 8% higher, with Regal Beloit gaining 8.3% after Kerrisdale Capital disclosed a long position citing the physical AI angle. AI brain maker NVIDIA gained 2.6%, battery maker Enersys rose 4.3%, and power electronics names such as Wolfspeed surged 9%. The moves highlight that component suppliers sell into multiple robot OEMs simultaneously, meaning any broad acceleration in humanoid build rates lifts the entire component tier. However, Reuters reported on June 29 that doubts are creeping into the broader AI trade, with a Bank for International Settlements warning that AI and automation asset valuations may be overextended, a caution directly relevant to high-multiple humanoid component names.",Monolithic Power Systems Inc,MPWR.US,stock,,,,2026-07-01T13:14:08+00:00,Investing.com,media,https://finance.yahoo.com/markets/stocks/articles/humanoid-robot-component-stocks-surge-131408431.html
Humanoid robots race,humanoid robots and physical AI,2,0.704,Humanoid robot component stocks surge on supply-chain optimism,"Component makers tied to the humanoid robotics supply chain rallied sharply on Tuesday as investors sought out specialist suppliers. Sensor makers Ouster, Cognex, and Allegro Microsystems closed up 15.6%, 5.9%, and 4.9% respectively, while edge AI vision processor maker Ambarella surged 28%. Motor makers like Nidec, RBC Bearings, Regal Beloit, and Ametek closed between 1% and 8% higher, with Regal Beloit gaining 8.3% after Kerrisdale Capital disclosed a long position citing the physical AI angle. AI brain maker NVIDIA gained 2.6%, battery maker Enersys rose 4.3%, and power electronics names such as Wolfspeed surged 9%. The moves highlight that component suppliers sell into multiple robot OEMs simultaneously, meaning any broad acceleration in humanoid build rates lifts the entire component tier. However, Reuters reported on June 29 that doubts are creeping into the broader AI trade, with a Bank for International Settlements warning that AI and automation asset valuations may be overextended, a caution directly relevant to high-multiple humanoid component names.",Navitas Semiconductor Corp,NVTS.US,stock,,,,2026-07-01T13:14:08+00:00,Investing.com,media,https://finance.yahoo.com/markets/stocks/articles/humanoid-robot-component-stocks-surge-131408431.html
Humanoid robots race,humanoid robots and physical AI,2,0.704,Humanoid robot component stocks surge on supply-chain optimism,"Component makers tied to the humanoid robotics supply chain rallied sharply on Tuesday as investors sought out specialist suppliers. Sensor makers Ouster, Cognex, and Allegro Microsystems closed up 15.6%, 5.9%, and 4.9% respectively, while edge AI vision processor maker Ambarella surged 28%. Motor makers like Nidec, RBC Bearings, Regal Beloit, and Ametek closed between 1% and 8% higher, with Regal Beloit gaining 8.3% after Kerrisdale Capital disclosed a long position citing the physical AI angle. AI brain maker NVIDIA gained 2.6%, battery maker Enersys rose 4.3%, and power electronics names such as Wolfspeed surged 9%. The moves highlight that component suppliers sell into multiple robot OEMs simultaneously, meaning any broad acceleration in humanoid build rates lifts the entire component tier. However, Reuters reported on June 29 that doubts are creeping into the broader AI trade, with a Bank for International Settlements warning that AI and automation asset valuations may be overextended, a caution directly relevant to high-multiple humanoid component names.",Qualcomm Incorporated,QCOM.US,stock,,,,2026-07-01T13:14:08+00:00,Investing.com,media,https://finance.yahoo.com/markets/stocks/articles/humanoid-robot-component-stocks-surge-131408431.html
Humanoid robots race,humanoid robots and physical AI,2,0.704,Humanoid robot component stocks surge on supply-chain optimism,"Component makers tied to the humanoid robotics supply chain rallied sharply on Tuesday as investors sought out specialist suppliers. Sensor makers Ouster, Cognex, and Allegro Microsystems closed up 15.6%, 5.9%, and 4.9% respectively, while edge AI vision processor maker Ambarella surged 28%. Motor makers like Nidec, RBC Bearings, Regal Beloit, and Ametek closed between 1% and 8% higher, with Regal Beloit gaining 8.3% after Kerrisdale Capital disclosed a long position citing the physical AI angle. AI brain maker NVIDIA gained 2.6%, battery maker Enersys rose 4.3%, and power electronics names such as Wolfspeed surged 9%. The moves highlight that component suppliers sell into multiple robot OEMs simultaneously, meaning any broad acceleration in humanoid build rates lifts the entire component tier. However, Reuters reported on June 29 that doubts are creeping into the broader AI trade, with a Bank for International Settlements warning that AI and automation asset valuations may be overextended, a caution directly relevant to high-multiple humanoid component names.",Regency Centers Corporation,REG.US,stock,,,,2026-07-01T13:14:08+00:00,Investing.com,media,https://finance.yahoo.com/markets/stocks/articles/humanoid-robot-component-stocks-surge-131408431.html
Humanoid robots race,humanoid robots and physical AI,2,0.704,Humanoid robot component stocks surge on supply-chain optimism,"Component makers tied to the humanoid robotics supply chain rallied sharply on Tuesday as investors sought out specialist suppliers. Sensor makers Ouster, Cognex, and Allegro Microsystems closed up 15.6%, 5.9%, and 4.9% respectively, while edge AI vision processor maker Ambarella surged 28%. Motor makers like Nidec, RBC Bearings, Regal Beloit, and Ametek closed between 1% and 8% higher, with Regal Beloit gaining 8.3% after Kerrisdale Capital disclosed a long position citing the physical AI angle. AI brain maker NVIDIA gained 2.6%, battery maker Enersys rose 4.3%, and power electronics names such as Wolfspeed surged 9%. The moves highlight that component suppliers sell into multiple robot OEMs simultaneously, meaning any broad acceleration in humanoid build rates lifts the entire component tier. However, Reuters reported on June 29 that doubts are creeping into the broader AI trade, with a Bank for International Settlements warning that AI and automation asset valuations may be overextended, a caution directly relevant to high-multiple humanoid component names.",Texas Instruments Incorporated,TXN.US,stock,,,,2026-07-01T13:14:08+00:00,Investing.com,media,https://finance.yahoo.com/markets/stocks/articles/humanoid-robot-component-stocks-surge-131408431.html
Humanoid robots race,humanoid robots and physical AI,3,0.704,"Unitree Technology IPO Registration Approved, Humanoid Robot Concept Active","The China Securities Regulatory Commission has approved Unitree Technology's registration application for an initial public offering and listing on the STAR Market, with a target fundraising amount of 4.202 billion yuan. The funds raised will be invested in intelligent robot research and development and manufacturing base construction. The news boosted the humanoid robot concept in the A-share market, with Kailong High-Tech hitting the 20 percent daily limit up and Shoukai Shares hitting the 10 percent daily limit up. At the industry level, Tesla's Optimus robot production line at the Fremont factory has entered a critical mass production stage, and UBTECH has launched its full-size ultra-bionic humanoid robot U World U1 series, with cumulative online and offline orders exceeding 13,361 units. Analysts believe that the upstream core component sector has stronger development certainty and will benefit first.",宇树科技股份有限公司 (Unitree Robotics),,private,pos,capital,"Unitree Technology's IPO registration approved by CSRC, targeting 4.202 billion yuan for robot R&D and manufacturing.",2026-07-02T00:00:00+00:00,21世纪经济,media,http://finance.eastmoney.com/a/202607033793309021.html
Humanoid robots race,humanoid robots and physical AI,3,0.704,"Unitree Technology IPO Registration Approved, Humanoid Robot Concept Active","The China Securities Regulatory Commission has approved Unitree Technology's registration application for an initial public offering and listing on the STAR Market, with a target fundraising amount of 4.202 billion yuan. The funds raised will be invested in intelligent robot research and development and manufacturing base construction. The news boosted the humanoid robot concept in the A-share market, with Kailong High-Tech hitting the 20 percent daily limit up and Shoukai Shares hitting the 10 percent daily limit up. At the industry level, Tesla's Optimus robot production line at the Fremont factory has entered a critical mass production stage, and UBTECH has launched its full-size ultra-bionic humanoid robot U World U1 series, with cumulative online and offline orders exceeding 13,361 units. Analysts believe that the upstream core component sector has stronger development certainty and will benefit first.",Kailong High Technology Co. Ltd.,300912.SHE,stock,pos,demand,"Kailong High-Tech hit the 20% daily limit up as part of the humanoid robot concept rally, benefiting from industry demand optimism.",2026-07-02T00:00:00+00:00,21世纪经济,media,http://finance.eastmoney.com/a/202607033793309021.html
Humanoid robots race,humanoid robots and physical AI,3,0.704,"Unitree Technology IPO Registration Approved, Humanoid Robot Concept Active","The China Securities Regulatory Commission has approved Unitree Technology's registration application for an initial public offering and listing on the STAR Market, with a target fundraising amount of 4.202 billion yuan. The funds raised will be invested in intelligent robot research and development and manufacturing base construction. The news boosted the humanoid robot concept in the A-share market, with Kailong High-Tech hitting the 20 percent daily limit up and Shoukai Shares hitting the 10 percent daily limit up. At the industry level, Tesla's Optimus robot production line at the Fremont factory has entered a critical mass production stage, and UBTECH has launched its full-size ultra-bionic humanoid robot U World U1 series, with cumulative online and offline orders exceeding 13,361 units. Analysts believe that the upstream core component sector has stronger development certainty and will benefit first.",UBTECH Robotics Corp Ltd,9880.HK,stock,pos,demand,"UBTECH launches U World U1 series with cumulative orders exceeding 13,361 units, indicating strong product demand.",2026-07-02T00:00:00+00:00,21世纪经济,media,http://finance.eastmoney.com/a/202607033793309021.html
Humanoid robots race,humanoid robots and physical AI,3,0.704,"Unitree Technology IPO Registration Approved, Humanoid Robot Concept Active","The China Securities Regulatory Commission has approved Unitree Technology's registration application for an initial public offering and listing on the STAR Market, with a target fundraising amount of 4.202 billion yuan. The funds raised will be invested in intelligent robot research and development and manufacturing base construction. The news boosted the humanoid robot concept in the A-share market, with Kailong High-Tech hitting the 20 percent daily limit up and Shoukai Shares hitting the 10 percent daily limit up. At the industry level, Tesla's Optimus robot production line at the Fremont factory has entered a critical mass production stage, and UBTECH has launched its full-size ultra-bionic humanoid robot U World U1 series, with cumulative online and offline orders exceeding 13,361 units. Analysts believe that the upstream core component sector has stronger development certainty and will benefit first.",Tesla Inc,TSLA.US,stock,pos,technology,"Tesla's Optimus robot production line at Fremont factory enters critical mass production stage, boosting humanoid robot sector.",2026-07-02T00:00:00+00:00,21世纪经济,media,http://finance.eastmoney.com/a/202607033793309021.html
Humanoid robots race,humanoid robots and physical AI,3,0.704,"Unitree Technology IPO Registration Approved, Humanoid Robot Concept Active","The China Securities Regulatory Commission has approved Unitree Technology's registration application for an initial public offering and listing on the STAR Market, with a target fundraising amount of 4.202 billion yuan. The funds raised will be invested in intelligent robot research and development and manufacturing base construction. The news boosted the humanoid robot concept in the A-share market, with Kailong High-Tech hitting the 20 percent daily limit up and Shoukai Shares hitting the 10 percent daily limit up. At the industry level, Tesla's Optimus robot production line at the Fremont factory has entered a critical mass production stage, and UBTECH has launched its full-size ultra-bionic humanoid robot U World U1 series, with cumulative online and offline orders exceeding 13,361 units. Analysts believe that the upstream core component sector has stronger development certainty and will benefit first.",Beijing Capital Development Co Ltd,600376.SHG,stock,,,,2026-07-02T00:00:00+00:00,21世纪经济,media,http://finance.eastmoney.com/a/202607033793309021.html
Humanoid robots race,humanoid robots and physical AI,3,0.704,"Unitree Technology IPO Registration Approved, Humanoid Robot Concept Active","The China Securities Regulatory Commission has approved Unitree Technology's registration application for an initial public offering and listing on the STAR Market, with a target fundraising amount of 4.202 billion yuan. The funds raised will be invested in intelligent robot research and development and manufacturing base construction. The news boosted the humanoid robot concept in the A-share market, with Kailong High-Tech hitting the 20 percent daily limit up and Shoukai Shares hitting the 10 percent daily limit up. At the industry level, Tesla's Optimus robot production line at the Fremont factory has entered a critical mass production stage, and UBTECH has launched its full-size ultra-bionic humanoid robot U World U1 series, with cumulative online and offline orders exceeding 13,361 units. Analysts believe that the upstream core component sector has stronger development certainty and will benefit first.",Ningbo ZhongDa Leader Intelligent Transmission Co Ltd,002896.SHE,stock,,,,2026-07-02T00:00:00+00:00,21世纪经济,media,http://finance.eastmoney.com/a/202607033793309021.html
Humanoid robots race,humanoid robots and physical AI,3,0.704,"Unitree Technology IPO Registration Approved, Humanoid Robot Concept Active","The China Securities Regulatory Commission has approved Unitree Technology's registration application for an initial public offering and listing on the STAR Market, with a target fundraising amount of 4.202 billion yuan. The funds raised will be invested in intelligent robot research and development and manufacturing base construction. The news boosted the humanoid robot concept in the A-share market, with Kailong High-Tech hitting the 20 percent daily limit up and Shoukai Shares hitting the 10 percent daily limit up. At the industry level, Tesla's Optimus robot production line at the Fremont factory has entered a critical mass production stage, and UBTECH has launched its full-size ultra-bionic humanoid robot U World U1 series, with cumulative online and offline orders exceeding 13,361 units. Analysts believe that the upstream core component sector has stronger development certainty and will benefit first.",Wolong Electric Group Co Ltd,600580.SHG,stock,,,,2026-07-02T00:00:00+00:00,21世纪经济,media,http://finance.eastmoney.com/a/202607033793309021.html
Humanoid robots race,humanoid robots and physical AI,4,0.701,002747 Hits Three Upper Limits in Four Days as Humanoid Robot Supply Chain Attracts Capital Influx,"The humanoid robot supply chain strengthened across the board this week. Estun Automation hit three upper limits in four days, with its share price reaching a record high. Jintuo Shares and Crystal Optoelectronics also hit the upper limit multiple times. Margin trading saw net buying of over 10.9 billion yuan for the full week, with cumulative net buying in the first half of the year exceeding 472.9 billion yuan, a record high for the same period. The electronics sector attracted net buying of over 7.9 billion yuan. The machinery and equipment sector saw net inflows of over 54.1 billion yuan from main funds for the full week, while the humanoid robot sector attracted net inflows of over 55.5 billion yuan. Orders for UBTECH's ultra-bionic humanoid robot U1 series surpassed 13,361 units, representing more than a tenfold increase in sales compared to last year. Tesla plans to begin production of Optimus in July or August 2026, with an initial annualized capacity target of around 70,000 units. Morgan Stanley has raised its forecast for China's humanoid robot shipments in 2026 from 28,000 units to 50,000 units, and expects the figure to reach 446,000 units by 2030.",UBTECH Robotics Corp Ltd,9880.HK,stock,pos,demand,"Orders for UBTECH's ultra-bionic humanoid robot U1 series surpassed 13,361 units, a tenfold increase in sales.",2026-07-03T00:00:00+00:00,证券时报,media,http://finance.eastmoney.com/a/202607033793706434.html
Humanoid robots race,humanoid robots and physical AI,4,0.701,002747 Hits Three Upper Limits in Four Days as Humanoid Robot Supply Chain Attracts Capital Influx,"The humanoid robot supply chain strengthened across the board this week. Estun Automation hit three upper limits in four days, with its share price reaching a record high. Jintuo Shares and Crystal Optoelectronics also hit the upper limit multiple times. Margin trading saw net buying of over 10.9 billion yuan for the full week, with cumulative net buying in the first half of the year exceeding 472.9 billion yuan, a record high for the same period. The electronics sector attracted net buying of over 7.9 billion yuan. The machinery and equipment sector saw net inflows of over 54.1 billion yuan from main funds for the full week, while the humanoid robot sector attracted net inflows of over 55.5 billion yuan. Orders for UBTECH's ultra-bionic humanoid robot U1 series surpassed 13,361 units, representing more than a tenfold increase in sales compared to last year. Tesla plans to begin production of Optimus in July or August 2026, with an initial annualized capacity target of around 70,000 units. Morgan Stanley has raised its forecast for China's humanoid robot shipments in 2026 from 28,000 units to 50,000 units, and expects the figure to reach 446,000 units by 2030.",Nanjing ESTUN Automation Co Ltd,002747.SHE,stock,pos,demand,Estun Automation hit three upper limits in four days as humanoid robot supply chain strengthens.,2026-07-03T00:00:00+00:00,证券时报,media,http://finance.eastmoney.com/a/202607033793706434.html
Humanoid robots race,humanoid robots and physical AI,4,0.701,002747 Hits Three Upper Limits in Four Days as Humanoid Robot Supply Chain Attracts Capital Influx,"The humanoid robot supply chain strengthened across the board this week. Estun Automation hit three upper limits in four days, with its share price reaching a record high. Jintuo Shares and Crystal Optoelectronics also hit the upper limit multiple times. Margin trading saw net buying of over 10.9 billion yuan for the full week, with cumulative net buying in the first half of the year exceeding 472.9 billion yuan, a record high for the same period. The electronics sector attracted net buying of over 7.9 billion yuan. The machinery and equipment sector saw net inflows of over 54.1 billion yuan from main funds for the full week, while the humanoid robot sector attracted net inflows of over 55.5 billion yuan. Orders for UBTECH's ultra-bionic humanoid robot U1 series surpassed 13,361 units, representing more than a tenfold increase in sales compared to last year. Tesla plans to begin production of Optimus in July or August 2026, with an initial annualized capacity target of around 70,000 units. Morgan Stanley has raised its forecast for China's humanoid robot shipments in 2026 from 28,000 units to 50,000 units, and expects the figure to reach 446,000 units by 2030.",Zhejiang Crystal Optech Co Ltd,002273.SHE,stock,pos,demand,Crystal Optoelectronics hit upper limit multiple times as humanoid robot supply chain attracts capital influx.,2026-07-03T00:00:00+00:00,证券时报,media,http://finance.eastmoney.com/a/202607033793706434.html
Humanoid robots race,humanoid robots and physical AI,4,0.701,002747 Hits Three Upper Limits in Four Days as Humanoid Robot Supply Chain Attracts Capital Influx,"The humanoid robot supply chain strengthened across the board this week. Estun Automation hit three upper limits in four days, with its share price reaching a record high. Jintuo Shares and Crystal Optoelectronics also hit the upper limit multiple times. Margin trading saw net buying of over 10.9 billion yuan for the full week, with cumulative net buying in the first half of the year exceeding 472.9 billion yuan, a record high for the same period. The electronics sector attracted net buying of over 7.9 billion yuan. The machinery and equipment sector saw net inflows of over 54.1 billion yuan from main funds for the full week, while the humanoid robot sector attracted net inflows of over 55.5 billion yuan. Orders for UBTECH's ultra-bionic humanoid robot U1 series surpassed 13,361 units, representing more than a tenfold increase in sales compared to last year. Tesla plans to begin production of Optimus in July or August 2026, with an initial annualized capacity target of around 70,000 units. Morgan Stanley has raised its forecast for China's humanoid robot shipments in 2026 from 28,000 units to 50,000 units, and expects the figure to reach 446,000 units by 2030.",Tesla Inc,TSLA.US,stock,pos,demand,"Tesla plans to begin production of Optimus humanoid robot in 2026, indicating growing demand for humanoid robots.",2026-07-03T00:00:00+00:00,证券时报,media,http://finance.eastmoney.com/a/202607033793706434.html
Humanoid robots race,humanoid robots and physical AI,4,0.701,002747 Hits Three Upper Limits in Four Days as Humanoid Robot Supply Chain Attracts Capital Influx,"The humanoid robot supply chain strengthened across the board this week. Estun Automation hit three upper limits in four days, with its share price reaching a record high. Jintuo Shares and Crystal Optoelectronics also hit the upper limit multiple times. Margin trading saw net buying of over 10.9 billion yuan for the full week, with cumulative net buying in the first half of the year exceeding 472.9 billion yuan, a record high for the same period. The electronics sector attracted net buying of over 7.9 billion yuan. The machinery and equipment sector saw net inflows of over 54.1 billion yuan from main funds for the full week, while the humanoid robot sector attracted net inflows of over 55.5 billion yuan. Orders for UBTECH's ultra-bionic humanoid robot U1 series surpassed 13,361 units, representing more than a tenfold increase in sales compared to last year. Tesla plans to begin production of Optimus in July or August 2026, with an initial annualized capacity target of around 70,000 units. Morgan Stanley has raised its forecast for China's humanoid robot shipments in 2026 from 28,000 units to 50,000 units, and expects the figure to reach 446,000 units by 2030.",Morgan Stanley,MS.US,stock,,,,2026-07-03T00:00:00+00:00,证券时报,media,http://finance.eastmoney.com/a/202607033793706434.html
Humanoid robots race,humanoid robots and physical AI,4,0.701,002747 Hits Three Upper Limits in Four Days as Humanoid Robot Supply Chain Attracts Capital Influx,"The humanoid robot supply chain strengthened across the board this week. Estun Automation hit three upper limits in four days, with its share price reaching a record high. Jintuo Shares and Crystal Optoelectronics also hit the upper limit multiple times. Margin trading saw net buying of over 10.9 billion yuan for the full week, with cumulative net buying in the first half of the year exceeding 472.9 billion yuan, a record high for the same period. The electronics sector attracted net buying of over 7.9 billion yuan. The machinery and equipment sector saw net inflows of over 54.1 billion yuan from main funds for the full week, while the humanoid robot sector attracted net inflows of over 55.5 billion yuan. Orders for UBTECH's ultra-bionic humanoid robot U1 series surpassed 13,361 units, representing more than a tenfold increase in sales compared to last year. Tesla plans to begin production of Optimus in July or August 2026, with an initial annualized capacity target of around 70,000 units. Morgan Stanley has raised its forecast for China's humanoid robot shipments in 2026 from 28,000 units to 50,000 units, and expects the figure to reach 446,000 units by 2030.",MS-P-Q,MS-P-Q.US,stock,,,,2026-07-03T00:00:00+00:00,证券时报,media,http://finance.eastmoney.com/a/202607033793706434.html
Humanoid robots race,humanoid robots and physical AI,5,0.697,Striding AI Developing Next-Generation Robotic Foundation Systems for Physical AI,"Striding AI announced it is developing a new generation of robotic foundation systems to accelerate Physical AI deployment in real-world environments. The company integrates foundation models with robotic perception, control, real-world action data, and deployment infrastructure to enable robots to perceive, reason, act, and improve through interaction. In early internal testing, its human-in-the-loop reinforcement learning method improved task success rates by up to three times. Striding AI plans initial deployments in retail for tasks like shelf restocking and inventory counting, with long-term expansion into sectors including food, agriculture, logistics, healthcare, and telecommunications. The company aims to build robots that learn from experience and become part of everyday human environments.",Striding AI,,private,pos,technology,Developing next-gen robotic foundation systems with improved task success rates,2026-06-29T00:42:00+00:00,GlobeNewswire,press_release,https://www.globenewswire.com/news-release/2026/06/29/3318628/0/en/Striding-AI-Announces-Development-of-Next-Generation-Robotic-Foundation-Systems-for-Physical-AI-Deployment.html
Humanoid robots race,humanoid robots and physical AI,6,0.692,Bionic Robots Accelerate Human-Like Evolution as Suppliers Race to Enter the Market,"Bionic robots are moving from mere resemblance to true lifelikeness, rapidly entering a new era of biomimicry. At the recent Shanghai International Embodied Intelligence Industry Expo, multiple companies showcased bionic robots in various forms, from half-body companion models to full-size cultural tourism guide versions. General-purpose products are priced under 100,000 yuan, with half-body models costing over 10,000 yuan, full-body models over 60,000 yuan, and customized cultural tourism models around 300,000 yuan. Upstream supply chain companies are also accelerating their positioning. Mingxin Xuteng's subsidiary Mingxin Zhida launched high-performance flexible robot skin that can simulate human body temperature and provide tactile perception. Sanhua Intelligent Controls has made bionic robot electromechanical actuators a key project. A research report from AVIC Securities pointed out that bionics may become the ultimate form of humanoid robots, with vast development potential for related new materials.",Mingxin Zhida,,private,pos,technology,Launched high-performance flexible robot skin that simulates human body temperature and provides tactile perception,2026-07-03T00:00:00+00:00,21世纪经济,media,http://finance.eastmoney.com/a/202607033793797312.html
Humanoid robots race,humanoid robots and physical AI,6,0.692,Bionic Robots Accelerate Human-Like Evolution as Suppliers Race to Enter the Market,"Bionic robots are moving from mere resemblance to true lifelikeness, rapidly entering a new era of biomimicry. At the recent Shanghai International Embodied Intelligence Industry Expo, multiple companies showcased bionic robots in various forms, from half-body companion models to full-size cultural tourism guide versions. General-purpose products are priced under 100,000 yuan, with half-body models costing over 10,000 yuan, full-body models over 60,000 yuan, and customized cultural tourism models around 300,000 yuan. Upstream supply chain companies are also accelerating their positioning. Mingxin Xuteng's subsidiary Mingxin Zhida launched high-performance flexible robot skin that can simulate human body temperature and provide tactile perception. Sanhua Intelligent Controls has made bionic robot electromechanical actuators a key project. A research report from AVIC Securities pointed out that bionics may become the ultimate form of humanoid robots, with vast development potential for related new materials.",Mingxin Automotive Leather Co. Ltd.,605068.SHG,stock,pos,technology,"Subsidiary Mingxin Zhida launched high-performance flexible robot skin, a key bionic component",2026-07-03T00:00:00+00:00,21世纪经济,media,http://finance.eastmoney.com/a/202607033793797312.html
Humanoid robots race,humanoid robots and physical AI,6,0.692,Bionic Robots Accelerate Human-Like Evolution as Suppliers Race to Enter the Market,"Bionic robots are moving from mere resemblance to true lifelikeness, rapidly entering a new era of biomimicry. At the recent Shanghai International Embodied Intelligence Industry Expo, multiple companies showcased bionic robots in various forms, from half-body companion models to full-size cultural tourism guide versions. General-purpose products are priced under 100,000 yuan, with half-body models costing over 10,000 yuan, full-body models over 60,000 yuan, and customized cultural tourism models around 300,000 yuan. Upstream supply chain companies are also accelerating their positioning. Mingxin Xuteng's subsidiary Mingxin Zhida launched high-performance flexible robot skin that can simulate human body temperature and provide tactile perception. Sanhua Intelligent Controls has made bionic robot electromechanical actuators a key project. A research report from AVIC Securities pointed out that bionics may become the ultimate form of humanoid robots, with vast development potential for related new materials.",Zhejiang Sanhua Co Ltd,002050.SHE,stock,pos,technology,Sanhua Intelligent Controls made bionic robot electromechanical actuators a key project,2026-07-03T00:00:00+00:00,21世纪经济,media,http://finance.eastmoney.com/a/202607033793797312.html
Humanoid robots race,humanoid robots and physical AI,6,0.692,Bionic Robots Accelerate Human-Like Evolution as Suppliers Race to Enter the Market,"Bionic robots are moving from mere resemblance to true lifelikeness, rapidly entering a new era of biomimicry. At the recent Shanghai International Embodied Intelligence Industry Expo, multiple companies showcased bionic robots in various forms, from half-body companion models to full-size cultural tourism guide versions. General-purpose products are priced under 100,000 yuan, with half-body models costing over 10,000 yuan, full-body models over 60,000 yuan, and customized cultural tourism models around 300,000 yuan. Upstream supply chain companies are also accelerating their positioning. Mingxin Xuteng's subsidiary Mingxin Zhida launched high-performance flexible robot skin that can simulate human body temperature and provide tactile perception. Sanhua Intelligent Controls has made bionic robot electromechanical actuators a key project. A research report from AVIC Securities pointed out that bionics may become the ultimate form of humanoid robots, with vast development potential for related new materials.",Guangzhou Lushan New Materials Co. Ltd.,603051.SHG,stock,,,,2026-07-03T00:00:00+00:00,21世纪经济,media,http://finance.eastmoney.com/a/202607033793797312.html
Humanoid robots race,humanoid robots and physical AI,6,0.692,Bionic Robots Accelerate Human-Like Evolution as Suppliers Race to Enter the Market,"Bionic robots are moving from mere resemblance to true lifelikeness, rapidly entering a new era of biomimicry. At the recent Shanghai International Embodied Intelligence Industry Expo, multiple companies showcased bionic robots in various forms, from half-body companion models to full-size cultural tourism guide versions. General-purpose products are priced under 100,000 yuan, with half-body models costing over 10,000 yuan, full-body models over 60,000 yuan, and customized cultural tourism models around 300,000 yuan. Upstream supply chain companies are also accelerating their positioning. Mingxin Xuteng's subsidiary Mingxin Zhida launched high-performance flexible robot skin that can simulate human body temperature and provide tactile perception. Sanhua Intelligent Controls has made bionic robot electromechanical actuators a key project. A research report from AVIC Securities pointed out that bionics may become the ultimate form of humanoid robots, with vast development potential for related new materials.",Henan Hanwei Electronics Co,300007.SHE,stock,,,,2026-07-03T00:00:00+00:00,21世纪经济,media,http://finance.eastmoney.com/a/202607033793797312.html
Humanoid robots race,humanoid robots and physical AI,7,0.691,Humanoid Robot Concept Active in Early A-Share Trading on July 3; Shoukai Shares Hit Limit Up,"During early trading in the A-share market on July 3, the humanoid robot concept sector was active. Shoukai Shares hit limit up at the open, Leisai Intelligent locked in a second consecutive daily limit up, and Jingxing Paper, Zhongda Leader, Riying Electronics, and Wolong Electric Drive all followed the upward trend.",Jiangsu Riying Electns Co Ltd,603286.SHG,stock,pos,demand,"Mentioned as following upward trend in humanoid robot concept sector, implying positive demand sentiment.",2026-07-03T00:00:00+00:00,央广财经,media,http://finance.eastmoney.com/a/202607033793031028.html
Humanoid robots race,humanoid robots and physical AI,7,0.691,Humanoid Robot Concept Active in Early A-Share Trading on July 3; Shoukai Shares Hit Limit Up,"During early trading in the A-share market on July 3, the humanoid robot concept sector was active. Shoukai Shares hit limit up at the open, Leisai Intelligent locked in a second consecutive daily limit up, and Jingxing Paper, Zhongda Leader, Riying Electronics, and Wolong Electric Drive all followed the upward trend.",Ningbo ZhongDa Leader Intelligent Transmission Co Ltd,002896.SHE,stock,pos,demand,"Mentioned as following upward trend in humanoid robot concept sector, implying positive demand sentiment.",2026-07-03T00:00:00+00:00,央广财经,media,http://finance.eastmoney.com/a/202607033793031028.html
Humanoid robots race,humanoid robots and physical AI,7,0.691,Humanoid Robot Concept Active in Early A-Share Trading on July 3; Shoukai Shares Hit Limit Up,"During early trading in the A-share market on July 3, the humanoid robot concept sector was active. Shoukai Shares hit limit up at the open, Leisai Intelligent locked in a second consecutive daily limit up, and Jingxing Paper, Zhongda Leader, Riying Electronics, and Wolong Electric Drive all followed the upward trend.",Wolong Electric Group Co Ltd,600580.SHG,stock,pos,demand,"Mentioned as following upward trend in humanoid robot concept sector, implying positive demand sentiment.",2026-07-03T00:00:00+00:00,央广财经,media,http://finance.eastmoney.com/a/202607033793031028.html
Humanoid robots race,humanoid robots and physical AI,7,0.691,Humanoid Robot Concept Active in Early A-Share Trading on July 3; Shoukai Shares Hit Limit Up,"During early trading in the A-share market on July 3, the humanoid robot concept sector was active. Shoukai Shares hit limit up at the open, Leisai Intelligent locked in a second consecutive daily limit up, and Jingxing Paper, Zhongda Leader, Riying Electronics, and Wolong Electric Drive all followed the upward trend.",Zhejiang Jingxing Paper Joint Stock Co Ltd,002067.SHE,stock,pos,demand,"Mentioned as following upward trend in humanoid robot concept sector, implying positive demand sentiment.",2026-07-03T00:00:00+00:00,央广财经,media,http://finance.eastmoney.com/a/202607033793031028.html
Humanoid robots race,humanoid robots and physical AI,7,0.691,Humanoid Robot Concept Active in Early A-Share Trading on July 3; Shoukai Shares Hit Limit Up,"During early trading in the A-share market on July 3, the humanoid robot concept sector was active. Shoukai Shares hit limit up at the open, Leisai Intelligent locked in a second consecutive daily limit up, and Jingxing Paper, Zhongda Leader, Riying Electronics, and Wolong Electric Drive all followed the upward trend.",Beijing Capital Development Co Ltd,600376.SHG,stock,,,,2026-07-03T00:00:00+00:00,央广财经,media,http://finance.eastmoney.com/a/202607033793031028.html
Humanoid robots race,humanoid robots and physical AI,7,0.691,Humanoid Robot Concept Active in Early A-Share Trading on July 3; Shoukai Shares Hit Limit Up,"During early trading in the A-share market on July 3, the humanoid robot concept sector was active. Shoukai Shares hit limit up at the open, Leisai Intelligent locked in a second consecutive daily limit up, and Jingxing Paper, Zhongda Leader, Riying Electronics, and Wolong Electric Drive all followed the upward trend.",China Leadshine Technology Co Ltd,002979.SHE,stock,,,,2026-07-03T00:00:00+00:00,央广财经,media,http://finance.eastmoney.com/a/202607033793031028.html
Critical minerals,rare earths and critical minerals supply,1,0.739,Brazil emerges as promising rare earth supplier for the West,"Brazil is emerging as a promising new source of rare earth elements for Western governments seeking to reduce dependence on Chinese supply chains. The country holds the world's second-largest rare earth resource base and is home to a growing number of advanced ionic clay projects, such as the Colossus Rare Earth Project in Minas Gerais. Industry experts note that Brazil's potential is reinforced by the recent G7 declaration on critical minerals and a national agenda around critical minerals, but financing, permitting, and downstream processing remain key challenges. Rafael Moreno, CEO of Viridis Mining & Minerals, argues that Brazil has only a relatively short window to establish itself as a major producer before competing jurisdictions reach commercial production. The discussion also highlights differing views on whether the biggest bottleneck is bringing more mines into production or securing long-term pricing signals and downstream processing capacity.",Viridis Mining and Minerals Limited,,public_off_coverage,pos,demand,"Brazil's rare earth potential and the Colossus project are highlighted, with CEO Rafael Moreno quoted, indicating increased demand prospects for Viridis.",2026-07-01T14:43:08+00:00,Mining Technology,media,https://finance.yahoo.com/energy/articles/brazil-become-key-rare-earth-144308238.html
Critical minerals,rare earths and critical minerals supply,2,0.721,ReElement Technologies and POSCO Form $200M JV for US Rare Earth and Magnet Production,"ReElement Technologies and Posco International have formed a $200 million joint venture to develop the first integrated rare earth separation and permanent magnet production facility in the United States. The initiative aims to establish a secure, non-China supply chain for critical industries including electric vehicles, defense, and renewable energy, with plans to reach an annual separation capacity of 3,000 metric tons by 2028 and double that by 2030. The partnership combines Posco's industrial market expertise with ReElement's proprietary purification technology to create a closed-loop system using both primary and recycled feedstock, seeking to reduce US dependence on Chinese refining which currently controls over 90% of global permanent magnet production. The companies are evaluating potential US site locations for the modular and scalable project, which is designed to meet surging demand from the North American automotive and advanced technology sectors.",Posco International Corp,047050.KO,stock,pos,demand,"Posco International is a direct JV partner, leveraging its market expertise to secure non-China supply for critical sectors.",2026-06-30T11:46:14+00:00,Insider Monkey,media,https://finance.yahoo.com/energy/articles/reelement-technologies-posco-pkx-form-114614837.html
Critical minerals,rare earths and critical minerals supply,2,0.721,ReElement Technologies and POSCO Form $200M JV for US Rare Earth and Magnet Production,"ReElement Technologies and Posco International have formed a $200 million joint venture to develop the first integrated rare earth separation and permanent magnet production facility in the United States. The initiative aims to establish a secure, non-China supply chain for critical industries including electric vehicles, defense, and renewable energy, with plans to reach an annual separation capacity of 3,000 metric tons by 2028 and double that by 2030. The partnership combines Posco's industrial market expertise with ReElement's proprietary purification technology to create a closed-loop system using both primary and recycled feedstock, seeking to reduce US dependence on Chinese refining which currently controls over 90% of global permanent magnet production. The companies are evaluating potential US site locations for the modular and scalable project, which is designed to meet surging demand from the North American automotive and advanced technology sectors.",POSCO Holdings,005490.KO,stock,pos,demand,"POSCO Holdings' subsidiary forms JV to supply rare earths for EVs and defense, boosting end-customer demand.",2026-06-30T11:46:14+00:00,Insider Monkey,media,https://finance.yahoo.com/energy/articles/reelement-technologies-posco-pkx-form-114614837.html
Critical minerals,rare earths and critical minerals supply,3,0.716,"MP Materials reports 49% revenue jump, ramps magnetics output","MP Materials reported a 49% year-on-year rise in first-quarter revenue, driven by record NdPr output and increased magnetics sales tied to its supply agreement with General Motors. The company is building out a new magnetics manufacturing facility in Northlake, Texas, backed by the Department of Defense, with plans to reach 10,000 metric tons of annual magnet capacity. MP Materials' narrative projects $1.0 billion revenue and $267.2 million earnings by 2029. The lowest estimating analysts were far more cautious, even before this 49% revenue jump, assuming about US$706,600,000 of revenue and US$293,000,000 of earnings by 2029.",MP Materials Corp,MP.US,stock,pos,demand,"MP Materials reported 49% revenue jump driven by record NdPr output and increased magnetics sales, with a supply agreement with GM.",2026-06-29T22:09:14+00:00,Simply Wall St,media,https://finance.yahoo.com/markets/stocks/articles/mp-materials-mp-quietly-redefining-220914551.html
Critical minerals,rare earths and critical minerals supply,3,0.716,"MP Materials reports 49% revenue jump, ramps magnetics output","MP Materials reported a 49% year-on-year rise in first-quarter revenue, driven by record NdPr output and increased magnetics sales tied to its supply agreement with General Motors. The company is building out a new magnetics manufacturing facility in Northlake, Texas, backed by the Department of Defense, with plans to reach 10,000 metric tons of annual magnet capacity. MP Materials' narrative projects $1.0 billion revenue and $267.2 million earnings by 2029. The lowest estimating analysts were far more cautious, even before this 49% revenue jump, assuming about US$706,600,000 of revenue and US$293,000,000 of earnings by 2029.",General Motors Company,GM.US,stock,pos,demand,"MP Materials' increased magnetics sales tied to its supply agreement with General Motors, indicating strong demand for GM's EV supply chain.",2026-06-29T22:09:14+00:00,Simply Wall St,media,https://finance.yahoo.com/markets/stocks/articles/mp-materials-mp-quietly-redefining-220914551.html
Critical minerals,rare earths and critical minerals supply,4,0.71,REalloys conditionally selected by U.S. Army to operate heavy rare earth processing facilities at Tooele Army Depot,"REalloys has been conditionally selected by the United States Army to enter exclusive contract negotiations for a long-term Enhanced Use Lease to design, finance, build, and operate heavy rare earth processing facilities at the Tooele Army Depot in Utah. The award is part of the Army’s Strategic Capital Initiatives and marks the first time the Army has sited commercial mineral-processing facilities on American military installations under a direct execution of Executive Order 14241. REalloys was named alongside a small group of U.S.-organized industry partners selected to build out domestic processing for minerals essential to munitions, missiles, sensors, and batteries. The planned facilities will refine dysprosium and terbium, heavy rare earth elements critical for high-temperature permanent magnets used in precision-guided munitions, electric motors, and sonar systems. Development is targeted as early as 2027, with Initial Operating Capability no later than 2028, aligning with the January 1, 2027 federal procurement ban on Chinese materials in the Defense Industrial Manufacturing Base. The partnership is expected to be delivered through an Enhanced Use Lease requiring no taxpayer subsidies, with REalloys bearing all costs to finance, design, build, operate, secure, and decommission the facility.",REalloys Inc.,ALOY.US,stock,pos,demand,"REalloys selected by U.S. Army to build and operate heavy rare earth processing facilities, securing long-term demand for its services.",2026-06-25T21:58:00+00:00,GlobeNewswire,press_release,https://www.globenewswire.com/news-release/2026/06/25/3317992/0/en/REalloys-NASDAQ-ALOY-Announces-Landmark-Partnership-Agreement-with-The-United-States-Army-Army-s-Strategic-Capital-Initiatives-to-Operate-Processing-Facilities-on-The-Tooele-Army-B.html
Critical minerals,rare earths and critical minerals supply,5,0.709,ReElement Targets Q3 2026 Start for Indiana Rare Earth Refining Campus,"American Resources Corporation announced that its minority-held ReElement Technologies is targeting the start of commercial operations in the third quarter of 2026 for its rare earth and critical mineral refining campus in Marion, Indiana. The initial production line will process germanium and other strategic materials from recycled and primary feedstocks, with most major equipment already delivered or being installed. Separately, ReElement joined the Krach Institute for Tech Diplomacy at Purdue's Global Trusted Tech Network to help develop secure and diversified critical mineral supply chains.",American Resources Corp Class A,AREC.US,stock,pos,technology,"ReElement targets Q3 2026 start for rare earth refining campus, with major equipment already delivered or being installed.",2026-07-02T20:08:13+00:00,Insider Monkey,media,https://finance.yahoo.com/markets/stocks/articles/american-resources-corporation-arec-stock-200813315.html
Critical minerals,rare earths and critical minerals supply,6,0.707,"ReElement Technologies joins Krach Institute's Global Trusted Tech Network, wins 2025 Trusted Tech Leadership Award","ReElement Technologies Corporation, a subsidiary of American Resources Corp, has joined the Global Trusted Tech Network of the Krach Institute for Tech Diplomacy at Purdue and received the institute's 2025 Trusted Tech Leadership Award. The Fishers, Indiana-based firm was recognized for its work advancing secure and sustainable critical mineral supply chains. ReElement employs a proprietary modular refining platform using advanced chromatography and low-impact chemistry to separate and purify high-purity rare earth and critical mineral products from recycled and primary feedstocks. The company has resumed commercial production of germanium dioxide at its Noblesville, Indiana facility and is advancing production lines for specialty hard products recycling, mixed rare earth concentrate, and primary rare earth feedstock refining at its Marion, Indiana facility, with Phase 2 lines for tungsten and lithium also in development. CEO Mark Jensen said the refining-first model addresses a significant bottleneck in domestic critical mineral supply chains by providing commercially viable midstream refining capacity.",American Resources Corp Class A,AREC.US,stock,pos,technology,"ReElement, a subsidiary, wins award and resumes production of germanium dioxide, advancing critical mineral refining technology.",2026-06-25T13:45:00+00:00,Proactive,media,https://finance.yahoo.com/technology/articles/reelement-technologies-joins-krach-institutes-134500934.html
AI bubble fears,fears of an AI investment bubble,1,0.753,Chinese Hedge Funds Warn AI ‘Super Bubble’ Is Ready to Burst,"Two of China's best-known hedge fund managers are warning that the artificial intelligence boom in global stock markets has become an unsustainable bubble. Wealspring Asset, whose founder Yang Dong is well-known in China for calling the top in 2007, said global AI stocks have become a 'super bubble' and that the 'collapse point may not be far away,' according to an investor letter seen by Bloomberg News. Shanghai Banxia Investment Management Center said 'the trigger for the AI bubble to burst has already appeared,' citing pressure on breakneck revenue growth at Anthropic PBC. At least four other Chinese hedge funds expressed reluctance around AI in May, according to a monthly summary of fund views compiled by CSC Financial Co. and seen by Bloomberg News, while four funds in the summary were positive and the remaining seven didn't give a stance on AI. Wealspring, which manages more than $1.4 billion of assets, wrote that many of China's AI infrastructure companies lack a long-term moat, run 'quite ordinary' business models, and require constant capital spending to sustain their growth, adding that some of the hottest shares in China's domestic stock market were 'very likely' to crash more than 80%. Banxia, which manages more than $294 million, predicted that Anthropic's annualized revenue run-rate will fall short of market expectations and that large tech companies will recoil at the rising cost of tokens while competitors may chip away at its popularity among computer programmers.",Apple Inc.,AAPL.US,stock,,,,2026-06-26T09:14:21+00:00,Bloomberg,wire,https://finance.yahoo.com/markets/stocks/articles/chinese-hedge-funds-warn-ai-091421732.html
AI bubble fears,fears of an AI investment bubble,1,0.753,Chinese Hedge Funds Warn AI ‘Super Bubble’ Is Ready to Burst,"Two of China's best-known hedge fund managers are warning that the artificial intelligence boom in global stock markets has become an unsustainable bubble. Wealspring Asset, whose founder Yang Dong is well-known in China for calling the top in 2007, said global AI stocks have become a 'super bubble' and that the 'collapse point may not be far away,' according to an investor letter seen by Bloomberg News. Shanghai Banxia Investment Management Center said 'the trigger for the AI bubble to burst has already appeared,' citing pressure on breakneck revenue growth at Anthropic PBC. At least four other Chinese hedge funds expressed reluctance around AI in May, according to a monthly summary of fund views compiled by CSC Financial Co. and seen by Bloomberg News, while four funds in the summary were positive and the remaining seven didn't give a stance on AI. Wealspring, which manages more than $1.4 billion of assets, wrote that many of China's AI infrastructure companies lack a long-term moat, run 'quite ordinary' business models, and require constant capital spending to sustain their growth, adding that some of the hottest shares in China's domestic stock market were 'very likely' to crash more than 80%. Banxia, which manages more than $294 million, predicted that Anthropic's annualized revenue run-rate will fall short of market expectations and that large tech companies will recoil at the rising cost of tokens while competitors may chip away at its popularity among computer programmers.",Micron Technology Inc,MU.US,stock,,,,2026-06-26T09:14:21+00:00,Bloomberg,wire,https://finance.yahoo.com/markets/stocks/articles/chinese-hedge-funds-warn-ai-091421732.html
AI bubble fears,fears of an AI investment bubble,1,0.753,Chinese Hedge Funds Warn AI ‘Super Bubble’ Is Ready to Burst,"Two of China's best-known hedge fund managers are warning that the artificial intelligence boom in global stock markets has become an unsustainable bubble. Wealspring Asset, whose founder Yang Dong is well-known in China for calling the top in 2007, said global AI stocks have become a 'super bubble' and that the 'collapse point may not be far away,' according to an investor letter seen by Bloomberg News. Shanghai Banxia Investment Management Center said 'the trigger for the AI bubble to burst has already appeared,' citing pressure on breakneck revenue growth at Anthropic PBC. At least four other Chinese hedge funds expressed reluctance around AI in May, according to a monthly summary of fund views compiled by CSC Financial Co. and seen by Bloomberg News, while four funds in the summary were positive and the remaining seven didn't give a stance on AI. Wealspring, which manages more than $1.4 billion of assets, wrote that many of China's AI infrastructure companies lack a long-term moat, run 'quite ordinary' business models, and require constant capital spending to sustain their growth, adding that some of the hottest shares in China's domestic stock market were 'very likely' to crash more than 80%. Banxia, which manages more than $294 million, predicted that Anthropic's annualized revenue run-rate will fall short of market expectations and that large tech companies will recoil at the rising cost of tokens while competitors may chip away at its popularity among computer programmers.",Samsung Electronics Co Ltd,005930.KO,stock,,,,2026-06-26T09:14:21+00:00,Bloomberg,wire,https://finance.yahoo.com/markets/stocks/articles/chinese-hedge-funds-warn-ai-091421732.html
AI bubble fears,fears of an AI investment bubble,1,0.753,Chinese Hedge Funds Warn AI ‘Super Bubble’ Is Ready to Burst,"Two of China's best-known hedge fund managers are warning that the artificial intelligence boom in global stock markets has become an unsustainable bubble. Wealspring Asset, whose founder Yang Dong is well-known in China for calling the top in 2007, said global AI stocks have become a 'super bubble' and that the 'collapse point may not be far away,' according to an investor letter seen by Bloomberg News. Shanghai Banxia Investment Management Center said 'the trigger for the AI bubble to burst has already appeared,' citing pressure on breakneck revenue growth at Anthropic PBC. At least four other Chinese hedge funds expressed reluctance around AI in May, according to a monthly summary of fund views compiled by CSC Financial Co. and seen by Bloomberg News, while four funds in the summary were positive and the remaining seven didn't give a stance on AI. Wealspring, which manages more than $1.4 billion of assets, wrote that many of China's AI infrastructure companies lack a long-term moat, run 'quite ordinary' business models, and require constant capital spending to sustain their growth, adding that some of the hottest shares in China's domestic stock market were 'very likely' to crash more than 80%. Banxia, which manages more than $294 million, predicted that Anthropic's annualized revenue run-rate will fall short of market expectations and that large tech companies will recoil at the rising cost of tokens while competitors may chip away at its popularity among computer programmers.",Shanghai Banxia Investment Management Center,,private,,,,2026-06-26T09:14:21+00:00,Bloomberg,wire,https://finance.yahoo.com/markets/stocks/articles/chinese-hedge-funds-warn-ai-091421732.html
AI bubble fears,fears of an AI investment bubble,1,0.753,Chinese Hedge Funds Warn AI ‘Super Bubble’ Is Ready to Burst,"Two of China's best-known hedge fund managers are warning that the artificial intelligence boom in global stock markets has become an unsustainable bubble. Wealspring Asset, whose founder Yang Dong is well-known in China for calling the top in 2007, said global AI stocks have become a 'super bubble' and that the 'collapse point may not be far away,' according to an investor letter seen by Bloomberg News. Shanghai Banxia Investment Management Center said 'the trigger for the AI bubble to burst has already appeared,' citing pressure on breakneck revenue growth at Anthropic PBC. At least four other Chinese hedge funds expressed reluctance around AI in May, according to a monthly summary of fund views compiled by CSC Financial Co. and seen by Bloomberg News, while four funds in the summary were positive and the remaining seven didn't give a stance on AI. Wealspring, which manages more than $1.4 billion of assets, wrote that many of China's AI infrastructure companies lack a long-term moat, run 'quite ordinary' business models, and require constant capital spending to sustain their growth, adding that some of the hottest shares in China's domestic stock market were 'very likely' to crash more than 80%. Banxia, which manages more than $294 million, predicted that Anthropic's annualized revenue run-rate will fall short of market expectations and that large tech companies will recoil at the rising cost of tokens while competitors may chip away at its popularity among computer programmers.",SK Hynix Inc,000660.KO,stock,,,,2026-06-26T09:14:21+00:00,Bloomberg,wire,https://finance.yahoo.com/markets/stocks/articles/chinese-hedge-funds-warn-ai-091421732.html
AI bubble fears,fears of an AI investment bubble,1,0.753,Chinese Hedge Funds Warn AI ‘Super Bubble’ Is Ready to Burst,"Two of China's best-known hedge fund managers are warning that the artificial intelligence boom in global stock markets has become an unsustainable bubble. Wealspring Asset, whose founder Yang Dong is well-known in China for calling the top in 2007, said global AI stocks have become a 'super bubble' and that the 'collapse point may not be far away,' according to an investor letter seen by Bloomberg News. Shanghai Banxia Investment Management Center said 'the trigger for the AI bubble to burst has already appeared,' citing pressure on breakneck revenue growth at Anthropic PBC. At least four other Chinese hedge funds expressed reluctance around AI in May, according to a monthly summary of fund views compiled by CSC Financial Co. and seen by Bloomberg News, while four funds in the summary were positive and the remaining seven didn't give a stance on AI. Wealspring, which manages more than $1.4 billion of assets, wrote that many of China's AI infrastructure companies lack a long-term moat, run 'quite ordinary' business models, and require constant capital spending to sustain their growth, adding that some of the hottest shares in China's domestic stock market were 'very likely' to crash more than 80%. Banxia, which manages more than $294 million, predicted that Anthropic's annualized revenue run-rate will fall short of market expectations and that large tech companies will recoil at the rising cost of tokens while competitors may chip away at its popularity among computer programmers.",Wealspring Asset,,private,,,,2026-06-26T09:14:21+00:00,Bloomberg,wire,https://finance.yahoo.com/markets/stocks/articles/chinese-hedge-funds-warn-ai-091421732.html
AI bubble fears,fears of an AI investment bubble,2,0.75,Jeremy Grantham warns AI stock boom may be biggest bubble in U.S. history,"Legendary investor Jeremy Grantham warned that the AI-driven stock market rally has entered dangerous bubble territory, calling it the ""biggest one in American history"" on Steven Bartlett's podcast The Diary of a CEO. Grantham, co-founder of GMO Investments and known for predicting past crashes, said the most expensive AI-backed names could drop as much as 70% if the bubble bursts. He pointed to speculative euphoria around companies like SpaceX, whose addressable market he described as ""a quarter of the global GDP,"" as a classic sign of a market peak. While acknowledging AI's real potential, Grantham argued that market prices may have already moved too far, contrasting today's enthusiasm with earlier tech booms like railroads and the internet that had clearer utility. His warning comes as AI posterchild Nvidia has surged roughly 1,047% since late 2022, though some major firms like BlackRock and Goldman Sachs maintain that current tech leaders are supported by real earnings and massive infrastructure investment.",BlackRock Inc,BLK.US,stock,,,,2026-06-27T02:33:00+00:00,TheStreet,media,https://finance.yahoo.com/markets/stocks/articles/wall-street-veteran-warns-epic-023300721.html
AI bubble fears,fears of an AI investment bubble,2,0.75,Jeremy Grantham warns AI stock boom may be biggest bubble in U.S. history,"Legendary investor Jeremy Grantham warned that the AI-driven stock market rally has entered dangerous bubble territory, calling it the ""biggest one in American history"" on Steven Bartlett's podcast The Diary of a CEO. Grantham, co-founder of GMO Investments and known for predicting past crashes, said the most expensive AI-backed names could drop as much as 70% if the bubble bursts. He pointed to speculative euphoria around companies like SpaceX, whose addressable market he described as ""a quarter of the global GDP,"" as a classic sign of a market peak. While acknowledging AI's real potential, Grantham argued that market prices may have already moved too far, contrasting today's enthusiasm with earlier tech booms like railroads and the internet that had clearer utility. His warning comes as AI posterchild Nvidia has surged roughly 1,047% since late 2022, though some major firms like BlackRock and Goldman Sachs maintain that current tech leaders are supported by real earnings and massive infrastructure investment.","GMO Financial Holdings, Inc.",7177.JP,stock,,,,2026-06-27T02:33:00+00:00,TheStreet,media,https://finance.yahoo.com/markets/stocks/articles/wall-street-veteran-warns-epic-023300721.html
AI bubble fears,fears of an AI investment bubble,2,0.75,Jeremy Grantham warns AI stock boom may be biggest bubble in U.S. history,"Legendary investor Jeremy Grantham warned that the AI-driven stock market rally has entered dangerous bubble territory, calling it the ""biggest one in American history"" on Steven Bartlett's podcast The Diary of a CEO. Grantham, co-founder of GMO Investments and known for predicting past crashes, said the most expensive AI-backed names could drop as much as 70% if the bubble bursts. He pointed to speculative euphoria around companies like SpaceX, whose addressable market he described as ""a quarter of the global GDP,"" as a classic sign of a market peak. While acknowledging AI's real potential, Grantham argued that market prices may have already moved too far, contrasting today's enthusiasm with earlier tech booms like railroads and the internet that had clearer utility. His warning comes as AI posterchild Nvidia has surged roughly 1,047% since late 2022, though some major firms like BlackRock and Goldman Sachs maintain that current tech leaders are supported by real earnings and massive infrastructure investment.",Goldman Sachs Group Inc,GS.US,stock,,,,2026-06-27T02:33:00+00:00,TheStreet,media,https://finance.yahoo.com/markets/stocks/articles/wall-street-veteran-warns-epic-023300721.html
AI bubble fears,fears of an AI investment bubble,2,0.75,Jeremy Grantham warns AI stock boom may be biggest bubble in U.S. history,"Legendary investor Jeremy Grantham warned that the AI-driven stock market rally has entered dangerous bubble territory, calling it the ""biggest one in American history"" on Steven Bartlett's podcast The Diary of a CEO. Grantham, co-founder of GMO Investments and known for predicting past crashes, said the most expensive AI-backed names could drop as much as 70% if the bubble bursts. He pointed to speculative euphoria around companies like SpaceX, whose addressable market he described as ""a quarter of the global GDP,"" as a classic sign of a market peak. While acknowledging AI's real potential, Grantham argued that market prices may have already moved too far, contrasting today's enthusiasm with earlier tech booms like railroads and the internet that had clearer utility. His warning comes as AI posterchild Nvidia has surged roughly 1,047% since late 2022, though some major firms like BlackRock and Goldman Sachs maintain that current tech leaders are supported by real earnings and massive infrastructure investment.",NVIDIA Corporation,NVDA.US,stock,,,,2026-06-27T02:33:00+00:00,TheStreet,media,https://finance.yahoo.com/markets/stocks/articles/wall-street-veteran-warns-epic-023300721.html
AI bubble fears,fears of an AI investment bubble,2,0.75,Jeremy Grantham warns AI stock boom may be biggest bubble in U.S. history,"Legendary investor Jeremy Grantham warned that the AI-driven stock market rally has entered dangerous bubble territory, calling it the ""biggest one in American history"" on Steven Bartlett's podcast The Diary of a CEO. Grantham, co-founder of GMO Investments and known for predicting past crashes, said the most expensive AI-backed names could drop as much as 70% if the bubble bursts. He pointed to speculative euphoria around companies like SpaceX, whose addressable market he described as ""a quarter of the global GDP,"" as a classic sign of a market peak. While acknowledging AI's real potential, Grantham argued that market prices may have already moved too far, contrasting today's enthusiasm with earlier tech booms like railroads and the internet that had clearer utility. His warning comes as AI posterchild Nvidia has surged roughly 1,047% since late 2022, though some major firms like BlackRock and Goldman Sachs maintain that current tech leaders are supported by real earnings and massive infrastructure investment.",Space Exploration Technologies Corp. Class A Common Stock,SPCX.US,stock,,,,2026-06-27T02:33:00+00:00,TheStreet,media,https://finance.yahoo.com/markets/stocks/articles/wall-street-veteran-warns-epic-023300721.html
AI bubble fears,fears of an AI investment bubble,3,0.743,"BIS warns AI spending frenzy could end like railroads, dot-coms, other manias","The Bank for International Settlements warned that the global artificial intelligence investment boom carries echoes of historic busts such as the 1840s railway mania and the dot-com bubble, cautioning that a shortfall in returns could trigger a sharp pullback in spending and tighten financial conditions. In its annual report, the Basel-based institution noted that the five largest hyperscale technology firms are expected to spend more than $1 trillion on AI-related capital projects between 2025 and 2026, while technology companies have issued hundreds of billions of dollars in debt to fund data centers and computing infrastructure. The BIS acknowledged AI's potential for substantial productivity gains but stressed that history shows transformative technologies often attract more capital than future profits can justify, and heavy borrowing by AI firms raises financial stability risks if investors suddenly reassess risks. The report also highlighted broader economic challenges, including stubborn inflation and energy market disruptions from the near-closure of the Strait of Hormuz.",Space Exploration Technologies Corp. Class A Common Stock,SPCX.US,stock,,,,2026-06-28T12:44:24+00:00,Seeking Alpha,media,https://seekingalpha.com/news/4607890-bis-warns-ai-spending-frenzy-could-end-like-railroads-dot-coms-other-manias?utm_source=feed_news_all&utm_medium=referral&feed_item_type=news
AI bubble fears,fears of an AI investment bubble,4,0.741,AI Stocks Face Fresh Bubble Alarm,"AI stocks led by Nvidia are facing a sharper bubble warning after Chinese fund managers said the era of brainless buying may be close to breaking. Wealspring Asset, a Chinese fund firm managing more than $1.4 billion, told investors that global AI stocks have become a super bubble and that the collapse point may not be far away. Founder Yang Dong is notable for having called the market top before the 2007 global financial crisis. Shanghai Banxia Investment Management said the trigger for an AI bubble burst may already have appeared, pointing to pressure on Anthropic's rapid revenue growth. Wealspring argued that many Chinese AI infrastructure companies lack durable competitive moats, rely on ordinary business models, and require constant capital spending to sustain growth. XTB's Kathleen Brooks said the weakest S&P 500 stocks include AI-linked Palantir and Oracle, down 18% and 16% this week, as money rotates toward value stocks.",Oracle Corporation,ORCL.US,stock,neg,,"Explicitly named as one of weakest S&P 500 stocks, down 16% this week due to rotation away from AI.",2026-06-26T15:00:47+00:00,GuruFocus,media,https://finance.yahoo.com/markets/stocks/articles/ai-stocks-face-fresh-bubble-150047458.html
AI bubble fears,fears of an AI investment bubble,4,0.741,AI Stocks Face Fresh Bubble Alarm,"AI stocks led by Nvidia are facing a sharper bubble warning after Chinese fund managers said the era of brainless buying may be close to breaking. Wealspring Asset, a Chinese fund firm managing more than $1.4 billion, told investors that global AI stocks have become a super bubble and that the collapse point may not be far away. Founder Yang Dong is notable for having called the market top before the 2007 global financial crisis. Shanghai Banxia Investment Management said the trigger for an AI bubble burst may already have appeared, pointing to pressure on Anthropic's rapid revenue growth. Wealspring argued that many Chinese AI infrastructure companies lack durable competitive moats, rely on ordinary business models, and require constant capital spending to sustain growth. XTB's Kathleen Brooks said the weakest S&P 500 stocks include AI-linked Palantir and Oracle, down 18% and 16% this week, as money rotates toward value stocks.",Palantir Technologies Inc.,PLTR.US,stock,neg,,"Explicitly named as one of weakest S&P 500 stocks, down 18% this week due to rotation away from AI.",2026-06-26T15:00:47+00:00,GuruFocus,media,https://finance.yahoo.com/markets/stocks/articles/ai-stocks-face-fresh-bubble-150047458.html
AI bubble fears,fears of an AI investment bubble,4,0.741,AI Stocks Face Fresh Bubble Alarm,"AI stocks led by Nvidia are facing a sharper bubble warning after Chinese fund managers said the era of brainless buying may be close to breaking. Wealspring Asset, a Chinese fund firm managing more than $1.4 billion, told investors that global AI stocks have become a super bubble and that the collapse point may not be far away. Founder Yang Dong is notable for having called the market top before the 2007 global financial crisis. Shanghai Banxia Investment Management said the trigger for an AI bubble burst may already have appeared, pointing to pressure on Anthropic's rapid revenue growth. Wealspring argued that many Chinese AI infrastructure companies lack durable competitive moats, rely on ordinary business models, and require constant capital spending to sustain growth. XTB's Kathleen Brooks said the weakest S&P 500 stocks include AI-linked Palantir and Oracle, down 18% and 16% this week, as money rotates toward value stocks.",NVIDIA Corporation,NVDA.US,stock,neg,,"Article warns of AI super bubble, with Nvidia as leading AI stock; bubble alarm implies downside risk.",2026-06-26T15:00:47+00:00,GuruFocus,media,https://finance.yahoo.com/markets/stocks/articles/ai-stocks-face-fresh-bubble-150047458.html
AI bubble fears,fears of an AI investment bubble,4,0.741,AI Stocks Face Fresh Bubble Alarm,"AI stocks led by Nvidia are facing a sharper bubble warning after Chinese fund managers said the era of brainless buying may be close to breaking. Wealspring Asset, a Chinese fund firm managing more than $1.4 billion, told investors that global AI stocks have become a super bubble and that the collapse point may not be far away. Founder Yang Dong is notable for having called the market top before the 2007 global financial crisis. Shanghai Banxia Investment Management said the trigger for an AI bubble burst may already have appeared, pointing to pressure on Anthropic's rapid revenue growth. Wealspring argued that many Chinese AI infrastructure companies lack durable competitive moats, rely on ordinary business models, and require constant capital spending to sustain growth. XTB's Kathleen Brooks said the weakest S&P 500 stocks include AI-linked Palantir and Oracle, down 18% and 16% this week, as money rotates toward value stocks.",Anthropic,,private,,,,2026-06-26T15:00:47+00:00,GuruFocus,media,https://finance.yahoo.com/markets/stocks/articles/ai-stocks-face-fresh-bubble-150047458.html
AI bubble fears,fears of an AI investment bubble,4,0.741,AI Stocks Face Fresh Bubble Alarm,"AI stocks led by Nvidia are facing a sharper bubble warning after Chinese fund managers said the era of brainless buying may be close to breaking. Wealspring Asset, a Chinese fund firm managing more than $1.4 billion, told investors that global AI stocks have become a super bubble and that the collapse point may not be far away. Founder Yang Dong is notable for having called the market top before the 2007 global financial crisis. Shanghai Banxia Investment Management said the trigger for an AI bubble burst may already have appeared, pointing to pressure on Anthropic's rapid revenue growth. Wealspring argued that many Chinese AI infrastructure companies lack durable competitive moats, rely on ordinary business models, and require constant capital spending to sustain growth. XTB's Kathleen Brooks said the weakest S&P 500 stocks include AI-linked Palantir and Oracle, down 18% and 16% this week, as money rotates toward value stocks.",Shanghai Banxia Investment Management Center,,private,,,,2026-06-26T15:00:47+00:00,GuruFocus,media,https://finance.yahoo.com/markets/stocks/articles/ai-stocks-face-fresh-bubble-150047458.html
AI bubble fears,fears of an AI investment bubble,4,0.741,AI Stocks Face Fresh Bubble Alarm,"AI stocks led by Nvidia are facing a sharper bubble warning after Chinese fund managers said the era of brainless buying may be close to breaking. Wealspring Asset, a Chinese fund firm managing more than $1.4 billion, told investors that global AI stocks have become a super bubble and that the collapse point may not be far away. Founder Yang Dong is notable for having called the market top before the 2007 global financial crisis. Shanghai Banxia Investment Management said the trigger for an AI bubble burst may already have appeared, pointing to pressure on Anthropic's rapid revenue growth. Wealspring argued that many Chinese AI infrastructure companies lack durable competitive moats, rely on ordinary business models, and require constant capital spending to sustain growth. XTB's Kathleen Brooks said the weakest S&P 500 stocks include AI-linked Palantir and Oracle, down 18% and 16% this week, as money rotates toward value stocks.",Wealspring Asset,,private,,,,2026-06-26T15:00:47+00:00,GuruFocus,media,https://finance.yahoo.com/markets/stocks/articles/ai-stocks-face-fresh-bubble-150047458.html
AI bubble fears,fears of an AI investment bubble,5,0.739,Jeremy Grantham Warns SpaceX IPO Could Signal AI Bubble Top,"Jeremy Grantham, the investor known for calling the Dot-com bubble, warns that the massive $75 billion IPO of Space Exploration Technologies may be a sign that the AI-driven market rally is nearing its peak. Grantham, co-founder of GMO, told CNBC that the market is the most expensive in history, driven by overzealous AI investment reminiscent of the internet era. He notes that while SpaceX is not a pure AI stock, it invests in AI and CEO Elon Musk has proposed building AI data centers in space, and the IPO's size echoes the big internet stock offerings at the end of the 1990s. Grantham admits the timing of any top is uncertain, and investors are advised not to panic-sell but to consider reducing AI exposure or shifting into resilient sectors like consumer staples or utilities. History shows that buy-and-hold strategies in broad market indexes have recovered from past crashes and reached new highs.",Space Exploration Technologies Corp. Class A Common Stock,SPCX.US,stock,ambiguous,capital,"Grantham warns SpaceX's massive IPO could signal market top, but impact on SpaceX itself is unclear; IPO size is highlighted as a warning sign, not a direct negative for the company.",2026-07-03T14:35:00+00:00,The Motley Fool,media,https://www.nasdaq.com/articles/he-predicted-dot-com-bubble-burst-now-hes-saying-spacex-could-be-fresh-warning-sign
AI bubble fears,fears of an AI investment bubble,5,0.739,Jeremy Grantham Warns SpaceX IPO Could Signal AI Bubble Top,"Jeremy Grantham, the investor known for calling the Dot-com bubble, warns that the massive $75 billion IPO of Space Exploration Technologies may be a sign that the AI-driven market rally is nearing its peak. Grantham, co-founder of GMO, told CNBC that the market is the most expensive in history, driven by overzealous AI investment reminiscent of the internet era. He notes that while SpaceX is not a pure AI stock, it invests in AI and CEO Elon Musk has proposed building AI data centers in space, and the IPO's size echoes the big internet stock offerings at the end of the 1990s. Grantham admits the timing of any top is uncertain, and investors are advised not to panic-sell but to consider reducing AI exposure or shifting into resilient sectors like consumer staples or utilities. History shows that buy-and-hold strategies in broad market indexes have recovered from past crashes and reached new highs.","GMO Internet Group, Inc.",9449.JP,stock,,,,2026-07-03T14:35:00+00:00,The Motley Fool,media,https://www.nasdaq.com/articles/he-predicted-dot-com-bubble-burst-now-hes-saying-spacex-could-be-fresh-warning-sign
AI bubble fears,fears of an AI investment bubble,6,0.737,Three 2008 Crisis Foreseers Warn on AI Again,"Michael Burry, John Paulson, and Jim Rickards, who famously profited from the 2008 financial crisis, are voicing concerns about the artificial intelligence boom. Rickards, in a new presentation, highlights that three-quarters of the S&P 500's gains since ChatGPT's launch came from AI stocks, while MIT research found 95% of corporate AI initiatives have failed to produce measurable returns. He points to July 29th, when Meta reports earnings, as a potential catalyst for a shift in sentiment, drawing parallels to the dot-com crash and the 2008 crisis. Rickards warns that massive debt financing AI infrastructure resembles pre-2008 lending structures, and a correction could erase an estimated $33 trillion in value.",NVIDIA Corporation,NVDA.US,stock,neg,demand,"Article states 95% of corporate AI initiatives fail to produce returns, implying reduced future demand for NVIDIA's AI chips, and warns of a correction that could erase $33 trillion.",2026-06-26T19:17:00+00:00,GlobeNewswire,press_release,https://www.globenewswire.com/news-release/2026/06/26/3318438/0/en/Three-Names-Wall-Street-Learned-Not-to-Ignore-in-2008-Are-Speaking-Up-Again.html
AI bubble fears,fears of an AI investment bubble,6,0.737,Three 2008 Crisis Foreseers Warn on AI Again,"Michael Burry, John Paulson, and Jim Rickards, who famously profited from the 2008 financial crisis, are voicing concerns about the artificial intelligence boom. Rickards, in a new presentation, highlights that three-quarters of the S&P 500's gains since ChatGPT's launch came from AI stocks, while MIT research found 95% of corporate AI initiatives have failed to produce measurable returns. He points to July 29th, when Meta reports earnings, as a potential catalyst for a shift in sentiment, drawing parallels to the dot-com crash and the 2008 crisis. Rickards warns that massive debt financing AI infrastructure resembles pre-2008 lending structures, and a correction could erase an estimated $33 trillion in value.",Meta Platforms Inc.,META.US,stock,neg,capital,"Article warns AI boom may be overhyped, with Meta's earnings on July 29th as a potential catalyst for sentiment shift, threatening Meta's AI-driven valuation.",2026-06-26T19:17:00+00:00,GlobeNewswire,press_release,https://www.globenewswire.com/news-release/2026/06/26/3318438/0/en/Three-Names-Wall-Street-Learned-Not-to-Ignore-in-2008-Are-Speaking-Up-Again.html
